city,state,state_full,country,region,year,census_fips_code,census_population,census_latitude,census_longitude,residential_speed_limit,uuid,people,opportunity_employment,opportunity_k12_education,opportunity_technical_vocational_college,opportunity_higher_education,opportunity,core_services_doctors,core_services_dentists,core_services_hospitals,core_services_pharmacies,core_services_grocery,core_services_social_services,core_services,retail,recreation_parks,recreation_trails,recreation_community_centers,recreation,transit,overall_score,rounded_score,total_low_stress_miles,total_high_stress_miles,pop_size,rank,rank_size,rank_state,rank_country,rank_country_size,rank_state_size,creation_date,filename
Mackinac Island,MI,Michigan,United States,Midwest,2026,2650280,583,45.8601843,-84.6258337,25,4a40e097-1cb9-449f-864f-b06c3de45cea,100,100,100,,,100,,,100,100,100,,100,100,100,,,100,100,100,100,70.6,,small,,,1,1,1,1,2026-04-10 03:47:46.541303+00,
Old Orchard,PA,Pennsylvania,United States,Mid-Atlantic,2026,4256624,2406,40.6574865,-75.2609136,25,26d7adcb-238f-4162-a419-818c94fe7035,100,100,,,,100,,,,,,,,100,100,,,100,,100,100,31,,small,,,1,1,1,1,2026-04-10 09:55:40.083057+00,
Crested Butte,CO,Colorado,United States,Mountain,2026,818310,1639,38.8677899,-106.9772606,30,e151d1b5-4274-464f-8bad-0523baa032d3,99.79,99.97,100,,,99.99,100,100,,,100,,100,100,99.9,,,99.9,,99.94,100,29.7,1.7,small,,,1,3,3,1,2026-04-09 00:39:40.345386+00,
Washburn,WI,Wisconsin,United States,Midwest,2026,5583525,2051,46.6766515,-90.9012875,25,9d26525c-74df-45f4-93aa-dd4cbe0af1c2,97.97,98.16,99.46,,,98.81,99.51,91.32,,92,97.32,99.51,96.86,98.02,98.98,,96.78,98.13,,97.89,98,63.9,10.7,small,,,1,4,4,1,2026-04-09 13:04:40.203633+00,
Kent Narrows,MD,Maryland,United States,Mid-Atlantic,2026,2443725,612,38.9745,-76.2384,30,9b2e0632-2d3a-48fe-b200-46265fc39145,98.28,98.38,,,,98.38,,,,,,,,97.75,96.24,96.24,,96.24,,97.42,97,8.9,17.4,small,,,1,5,5,1,2026-04-11 00:09:40.957514+00,
Earlysville,VA,Virginia,United States,South,2026,5124272,1153,38.1545687,-78.468933,25,056e3348-7892-443c-b316-39e4014c3a62,97.29,98.53,,,,98.53,100,,,,,,100,96.1,93.5,,,93.5,,96.97,97,25.1,8.8,small,,,1,6,6,1,2026-04-10 11:27:40.033122+00,
Isla Vista,CA,California,United States,Pacific,2026,636868,15500,34.412179,-119.8606574,25,e0067c91-9c96-4aaa-9cef-4a595a6df0da,97.66,93.04,100,,91.03,95.3,83.11,,,,,100,90.35,96.79,98.82,,87.89,94.62,,94.69,95,25.7,2.6,small,,,1,7,7,1,2026-04-09 06:48:40.291906+00,
Berkley,MI,Michigan,United States,Midwest,2026,2607660,15194,42.4986019,-83.1853423,25,8d188f00-8c35-4342-83df-794781d12fed,94.84,93.67,87.86,,,90.77,91.95,90.7,,94.76,92.28,,92.32,96.28,92.77,,92.59,92.7,,93.13,93,104.4,19.3,small,,,2,8,8,2,2026-04-10 02:54:41.432362+00,
Sunset,UT,Utah,United States,Mountain,2026,4974480,5475,41.1380596,-112.0283883,25,87b1d18c-46a9-4b16-a160-33a27ad583ec,92.37,93.05,91.77,,,92.41,,,,,88.18,,88.18,96.31,95.5,,,95.5,,93.09,93,37.2,11.9,small,,,1,9,9,1,2026-04-11 02:46:52.595946+00,
Springdale,UT,Utah,United States,Mountain,2026,4971840,514,37.1816732,-113.0050071,25,fbc56a77-3a52-4919-8d38-727c05354cd2,97.36,98.11,85.77,,,91.94,,,,,100,,100,97.86,89.16,,,89.16,79.08,92.37,92,34.4,7.4,small,,,2,10,10,2,2026-04-11 00:41:40.077425+00,
South San Jose Hills,CA,California,United States,Pacific,2026,673290,19855,34.0022,-117.8881,25,6fb7c4b8-cc83-4683-a8d1-c16239565429,81.54,81.42,81.49,,,81.46,,,,,,,,86.81,98.29,,100,98.95,,86.76,87,45.1,7,small,,,2,11,11,2,2026-04-10 22:28:40.777357+00,
Spring Lake,MI,Michigan,United States,Midwest,2026,2675820,2497,43.0712,-86.1998,25,d054703a-2fea-49cc-8ff2-63de5ed73a4c,89.58,93.66,87.91,,,90.79,,90.63,,50.62,,,70.63,92.89,92.59,,,92.59,,86.52,87,37.1,6.2,small,,,3,12,12,3,2026-04-14 08:21:40.25338+00,
Shorewood,WI,Wisconsin,United States,Midwest,2026,5573725,13859,43.0913382,-87.8866541,25,2d079296-a0a6-4ef9-b1c6-9040572b7c50,92.2,91.15,85.92,,,88.54,58.37,77.84,,70.75,75.36,79.14,71.56,92.86,91.12,,,91.12,,86.41,86,69,13,small,,,2,13,13,2,2026-04-09 11:41:40.509892+00,
Ashland,WI,Wisconsin,United States,Midwest,2026,5503225,7905,46.5817602,-90.8718979,25,50cb7e45-356a-4f95-9a22-b4452b9d252d,85.83,82.75,81.47,88.31,91.78,84.66,82.2,69.6,93.98,73.82,89.38,83.1,84.39,87.49,90.24,94.17,85.38,90.4,82.77,85.51,86,156.8,45.3,small,,,3,14,14,3,2026-04-09 13:26:45.277724+00,
Polson,MT,Montana,United States,Mountain,2026,3058750,5148,47.6937,-114.1623,25,c0715d49-07fd-42d0-bf3a-6e9f86217d2e,85.49,83.03,79.88,,,81.46,88.75,88.75,90.56,76.82,84.35,90.56,87.09,83.58,85.44,90.91,,87.99,,85.32,85,101.2,9.2,small,,,1,15,15,1,2026-04-14 05:35:40.821529+00,
Eagle Lake,WI,Wisconsin,United States,Midwest,2026,5521525,1251,42.6955875,-88.1288441,25,9bc77037-98b2-44bd-9b84-15a2c8881886,93.64,88.22,,,,88.22,,,,,,61.66,61.66,,84.35,,,84.35,,85.15,85,23.7,5.7,small,,,4,16,16,4,2026-04-09 11:23:40.464822+00,
Sewanee,TN,Tennessee,United States,South,2026,4767140,2535,35.1978798,-85.9214758,25,e0f8e27e-72e7-4b22-806a-5fe6cc094c61,91.1,91.89,92.6,93.02,92.7,92.41,,,92.7,,,,92.7,82.52,93.3,,6.36,59.86,,84.84,85,87.9,5.7,small,,,1,17,17,1,2026-04-07 00:51:41.019184+00,
Soldotna,AK,Alaska,United States,Pacific,2026,271640,4342,60.4853176,-151.0690145,25,a18d0b54-53d0-48b8-92e7-4800762cd8ec,87.88,85.59,88.1,,97.32,89.17,88.87,,90.13,60.03,76.49,,81.23,82.74,87.37,,,87.37,,84.69,85,98.2,15.1,small,,,1,18,18,1,2026-03-30 21:41:40.458048+00,
Whitefish Bay,WI,Wisconsin,United States,Midwest,2026,5586700,14954,43.113137,-87.9004755,25,0f096389-905e-491a-9a2c-b403a88e4e6a,90.03,88.77,82.59,,,85.68,69.14,71.34,,73.57,73.64,,71.89,86.23,86.95,,89.58,87.96,,83.78,84,80.3,17.7,small,,,5,19,19,5,2026-04-09 12:06:40.298762+00,
Emerald Isle,NC,North Carolina,United States,South,2026,3721160,3847,34.6644257,-77.0313681,35,1e5f70f2-45e4-40a6-aede-d350fb6f584e,87.59,86.52,,,,86.52,88.78,93.85,,43.64,65.54,,73.68,90.16,80.16,92.7,85.04,85.77,,82.98,83,125.2,49.6,small,,,1,20,20,1,2026-04-10 08:45:40.529631+00,
Birdsboro,PA,Pennsylvania,United States,Mid-Atlantic,2026,4206504,5106,40.2623285,-75.8101125,25,d2f66c57-bfa6-4c78-b476-f4d54525e8f1,86.52,66.57,,,,66.57,,,,,74.03,,74.03,86.99,87.33,,,87.33,,82.97,83,37.4,8.5,small,,,2,21,21,2,2026-04-10 09:09:40.908085+00,
Hoboken,NJ,New Jersey,United States,Mid-Atlantic,2026,3432250,60419,40.744,-74.0324,20,d70a6ade-f4e1-47b1-980e-dbad1b0efb59,86.04,82.7,90.48,,89.7,87.28,75.84,80.34,49.94,79.33,89.09,,74.58,90.72,90.1,,69.23,82.07,76.8,82.72,83,46.5,15.4,medium,,,1,22,1,1,2026-04-10 07:49:40.507298+00,
Crescent City,CA,California,United States,Pacific,2026,617022,6673,41.7558,-124.2014,25,aa5cc369-f3ae-4ca1-979a-dc1ebef76c01,89.68,86.57,66.95,,,76.76,,,,15.04,55.66,58.53,48.4,81.14,86.43,,,86.43,,82.63,83,45.4,12.1,small,,,3,23,22,3,2026-04-10 20:46:41.758445+00,
Carroll,IA,Iowa,United States,Midwest,2026,1911080,10321,42.0703206,-94.8645971,25,be55c311-934c-4d11-b6f4-38f7d08229c3,91.2,86.38,82.94,91.85,,85.56,56.28,94.87,97.77,82.68,73.8,98.29,81.76,67.39,88.07,88.5,,88.27,,81.95,82,137.4,24,small,,,1,24,23,1,2026-04-08 20:40:40.444718+00,
Moroni,UT,Utah,United States,Mountain,2026,4952130,1544,39.5287,-111.5848,25,9590974e-f43b-4e52-ac0c-76d7f14b3cc0,89.61,88.72,78.17,,,83.45,83.16,,,,78.17,,80.39,85.89,70.34,,,70.34,,81.93,82,24,5,small,,,3,25,24,3,2026-04-11 00:31:41.298721+00,
Roselle,NJ,New Jersey,United States,Mid-Atlantic,2026,3464620,22695,40.6522106,-74.2601578,25,7a343fda-0641-49ec-9b26-289263af88da,89.69,80.87,82.82,,,81.85,93.21,71.51,,63.42,90.04,,84.07,70.79,82.89,,,82.89,,81.92,82,84.6,19.4,small,,,2,26,25,1,2026-04-10 08:26:39.931231+00,
Roselle Park,NJ,New Jersey,United States,Mid-Atlantic,2026,3464650,13967,40.6653092,-74.2665583,25,bede2d58-43e3-495d-8d28-59ffe15a8e78,91.36,83.34,93.24,,,88.29,,56.38,,,,,56.38,85.47,90.2,,,90.2,85.05,81.75,82,46.3,9,small,,,3,27,26,2,2026-04-10 07:31:39.961521+00,
Media,PA,Pennsylvania,United States,Mid-Atlantic,2026,4248480,5901,39.9200403,-75.3883333,25,880bc48d-6b9b-4f73-87b8-f9f513759514,86.35,84.91,73.09,,,79,,76.09,,41.68,86.66,,74.32,84.37,82.29,,,82.29,,80.72,81,33.1,8.4,small,,,3,28,27,3,2026-04-10 10:22:40.29272+00,
Rochester Hills,MI,Michigan,United States,Midwest,2026,2669035,76300,42.6584,-83.1498,25,c7da0e84-700f-4fd5-8655-e148065425ac,82.7,81.36,79.36,,83.23,81,53.61,44.71,80.81,76.2,72.07,81.45,69.21,82.78,86.06,96.51,65.53,84.59,,80.41,80,949.7,153.4,medium,,,4,29,2,1,2026-04-14 07:41:41.305523+00,
Vienna,ME,Maine,United States,New England,2026,2379025,578,44.5548193,-69.9996825,25,f822d8d2-1913-4538-abf4-80b66b59f914,89.4,83.46,,,,83.46,,,,,,,,65.12,76.96,100,38.92,75.51,,79.22,79,69.8,10.9,small,,,1,30,28,1,2026-04-14 05:42:40.13225+00,
St. Marys,OH,Ohio,United States,Midwest,2026,3969680,8397,40.5475655,-84.392335,25,50c3a666-ca4d-497d-861e-c22fab16c5e0,82.72,78.79,77.49,,,78.14,,67.53,89.58,,46.74,74.26,67.85,88.86,84.38,,,84.38,,79.19,79,95.2,20.9,small,,,1,31,29,1,2026-05-08 21:54:00.298104+00,
New Hope,PA,Pennsylvania,United States,Mid-Atlantic,2026,4253712,2612,40.3613581,-74.9567959,25,1e55c09c-a622-4266-bc1c-3ba3c0dbebba,78.31,80.77,85.11,,,82.94,,,,,,,,68.82,,,,,85.11,79.11,79,24.1,8.6,small,,,4,32,30,4,2026-04-10 10:04:40.177524+00,
Santa Claus,IN,Indiana,United States,Midwest,2026,1868022,2586,38.1160647,-86.9272441,25,0e8fdd03-8248-4954-9cc2-80fcbcc7062a,94.61,81.29,,,,81.29,30.83,98.89,,,33.91,,44.6,78.79,66.88,99.4,37.22,70.85,,78.9,79,111.1,14.2,small,,,1,33,31,1,2026-04-09 03:37:40.258771+00,
Lewiston,NY,New York,United States,Mid-Atlantic,2026,3642147,2531,43.172,-79.03671,25,dc2e1642-c782-480f-970c-004ebc84271b,91.41,86.28,,,,86.28,,,,48.42,95.07,,81.74,75.16,61.15,,,61.15,,78.49,78,31.8,7.2,small,,,1,34,32,1,2026-04-14 09:43:40.002233+00,
Orderville,UT,Utah,United States,Mountain,2026,4992494,1547,37.2687,-112.6398,25,ca6ea996-7aa6-45fe-a4c7-f7708dbaaad5,86.93,68.72,62.21,,,65.47,,,,,,,,71.76,76.09,75,,75.58,,78.29,78,672.1,278.2,small,,,4,35,33,4,2026-04-11 00:47:40.034046+00,
Ojai,CA,California,United States,Pacific,2026,653476,7637,34.4491994,-119.2466643,25,19d0b73e-32bc-48e1-87fa-d90810b48b06,81.52,73.21,81.7,,,77.46,60.5,58.23,66.8,51.22,78.61,81.85,68.34,83.94,81.29,,78.32,80.15,,78.25,78,108.3,9.4,small,,,4,36,34,4,2026-04-09 07:34:40.367904+00,
Fayette,MO,Missouri,United States,Midwest,2026,2923842,2803,39.1472944,-92.6856693,25,a8aea707-5ec2-47b7-a2cd-cff99e73a8b8,89.48,84.61,63.42,,89.85,77.53,,,,,67.61,,67.61,84.5,75.05,,,75.05,,78.1,78,44.4,9.4,small,,,1,37,35,1,2026-04-14 04:02:40.233157+00,
Signal Mountain,TN,Tennessee,United States,South,2026,4768540,8852,35.1438928,-85.3414688,25,189c904a-93b9-4e9b-87b3-803c4c4fac5d,89.14,87.27,32.59,,,59.93,52.39,70.92,,81.91,53.1,,60.06,82.11,92.7,,89.41,91.43,,77.48,77,155.1,7,small,,,2,38,36,2,2026-04-07 00:52:40.46782+00,
Jackson,WY,Wyoming,United States,Mountain,2026,5640120,10760,43.4719358,-110.7752672,25,0a38a4a5-54fd-469a-80ee-64c07dffe6b9,84.89,79.32,57.81,67.58,,68.44,63.65,65.32,49.56,52.91,73.84,79.78,64.89,85.44,84.85,90.56,80.13,85.67,,77.32,77,103.9,23.6,small,,,1,39,37,1,2026-03-31 01:48:41.242822+00,
Sanibel,FL,Florida,United States,South,2026,1263700,6382,26.4510378,-82.1056764,30,9f8c85d3-a88f-4a4f-a55c-05834447e7d9,77.52,79.25,68.65,,,73.95,,,,69.91,76.71,,74.77,75.63,83.35,85.37,60.77,78.41,,77.18,77,90.6,167.9,small,,,1,40,38,1,2026-04-09 19:17:40.867756+00,
Zephyr Cove,NV,Nevada,United States,Mountain,2026,3286200,679,39.013332,-119.9235975,25,fadc4921-bafe-412f-8901-855fe8829b61,79.78,77.52,,,,77.52,,,,,,,,76.12,71.02,100,,84.54,,77.04,77,25.1,2.9,small,,,1,41,39,1,2026-04-14 07:55:40.279233+00,
Oakdale,CA,California,United States,Pacific,2026,652694,23181,37.7974,-120.8469,25,24204a3e-6525-41b2-8407-2dcef1437e55,81.71,76.41,65.02,,,70.72,,,67.87,71.95,81.73,,74.91,73.59,86.02,,64.36,77.69,,76.6,77,165.9,18.8,small,,,5,42,40,5,2026-04-10 22:15:41.022447+00,
Del Aire,CA,California,United States,Pacific,2026,618352,10338,33.9136,-118.3689,25,001159c7-2e39-4aaf-b4f8-adba668ebeba,86.74,87.11,38.62,,,62.87,,6.77,,,,,6.77,73.68,70.54,,,70.54,,76.31,76,37.7,12.2,small,,,6,43,41,6,2026-04-10 21:26:41.242468+00,
West Fargo,ND,North Dakota,United States,Midwest,2026,3884780,38639,46.8563795,-96.9048092,25,355fbeeb-e982-49bb-bf4b-0db3ab070c05,81.54,75.25,72.44,,,73.85,74.19,87.49,,,55.91,63.87,67.35,80.95,87.22,96.07,,91.35,,76.22,76,398.6,89.1,small,,,1,44,42,1,2026-04-07 02:37:40.965668+00,
Rochester,MI,Michigan,United States,Midwest,2026,2669020,13035,42.6866389,-83.1197206,25,0f10714e-a331-4651-b201-efab8f91aa78,83.13,72.51,47.89,,,60.2,,67.09,,,,75.36,72.05,75.58,76.97,97.48,,86.54,,76.15,76,145.4,18.1,small,,,5,45,43,4,2026-04-10 03:50:39.829859+00,
Dexter,MI,Michigan,United States,Midwest,2026,2622160,4500,42.3362,-83.8881,25,9b4330de-58c3-4f7e-9f85-25e70aab11a5,78.67,67.74,96.76,,,82.25,39.95,54.67,,,80.21,,60.93,70.54,83.04,,,83.04,,76.11,76,51.6,9.4,small,,,6,46,44,5,2026-04-14 07:39:40.70902+00,
Munising,MI,Michigan,United States,Midwest,2026,2656200,1986,46.4309186,-86.6194432,25,f9805972-42e3-44bc-8482-0130d56f4303,82.03,77.7,79.71,,,78.71,36.8,,36.8,83.17,80.42,,57.52,85.53,59.72,,,59.72,,76.02,76,53.2,17.5,small,,,7,47,45,6,2026-04-10 03:12:41.112303+00,
Emmaus,PA,Pennsylvania,United States,Mid-Atlantic,2026,4223584,11652,40.5351882,-75.4978825,25,452cc40d-3c79-4d13-a070-74af90c2f077,75.12,71.87,74.28,,,73.08,75.27,72.26,,63.81,75,81.16,74.48,81.51,79.56,,,79.56,,75.73,76,84.4,18.2,small,,,5,48,46,5,2026-04-10 09:46:40.091114+00,
Lawrenceville,NJ,New Jersey,United States,Mid-Atlantic,2026,3439570,3751,40.2987,-74.7348,25,3446b9a9-f53d-4dd5-a8dc-73672918bb20,77.8,80.47,82.45,,,81.46,,,,,,,,58.91,82.31,,,82.31,,75.64,76,26.4,7.6,small,,,4,49,47,3,2026-04-14 08:49:40.224467+00,
Prairie Du Sac,WI,Wisconsin,United States,Midwest,2026,5565100,4430,43.2887,-89.7298,25,4c3fcf63-402d-428a-9855-60c5af802f03,82.56,83.34,89.56,,,86.45,69.21,,84.84,,65.77,,72.7,48.2,83,,,83,,75.64,76,58.2,10.2,small,,,6,49,47,6,2026-04-15 16:25:40.449178+00,
Sacaton,AZ,Arizona,United States,Mountain,2026,461720,3254,33.0742,-111.739,25,58ad624c-c75b-4fd8-960a-fa013384bfe6,84.4,81.62,77.61,,,79.62,,,93.4,,,82.19,88.6,49.72,79.87,,70.05,76.09,,75.43,75,49.4,19.4,small,,,1,51,49,1,2026-04-14 04:41:40.274591+00,
Sauk City,WI,Wisconsin,United States,Midwest,2026,5571650,3518,43.2732719,-89.7324556,25,d90502f8-0406-47b6-8a52-fee3959e651e,82.03,76.68,85.55,,,81.12,79.95,,,79.73,57.13,29.68,61,72.62,81.7,,83.4,82.35,,75.26,75,59,9,small,,,7,52,50,7,2026-04-09 12:50:39.992334+00,
Senoia,GA,Georgia,United States,South,2026,1369672,5016,33.3076642,-84.5547586,35,069cf081-ca89-4f9c-987f-7797c7663068,89.24,82.5,79.4,,,80.95,62.18,64.58,,11.13,7.92,80.47,42.57,67.2,80.58,,62.7,73.7,,75.11,75,85.7,20.5,small,,,1,53,51,1,2026-04-09 22:12:40.333491+00,
Provincetown,MA,Massachusetts,United States,New England,2026,2555535,3318,42.0565192,-70.1784536,20,edef374c-c3dd-4174-8dce-fb23f54cf1ee,71.66,75.52,82.09,,,78.81,44.41,57.75,,49.45,72.83,83.41,62.9,85.72,86.48,,70.54,80.35,76.26,75.01,75,42.2,11,small,,,1,54,52,1,2026-04-10 23:34:40.582447+00,
Big Sky,MT,Montana,United States,Mountain,2026,3006325,3591,45.2564346,-111.3320015,25,409f8fce-c150-4131-b246-ea9a0e67aa60,78.76,80.25,85.51,,,82.88,67.18,67.94,70.8,,82.93,,73.5,77.5,66.76,74.23,62.58,68.33,,74.89,75,522.9,62.1,small,,,2,55,53,2,2026-04-14 06:47:40.420067+00,
Maywood,CA,California,United States,Pacific,2026,646492,25138,33.9872,-118.1853,25,564a5501-b94f-4c5d-b684-7c312378cf34,85.02,80.05,85.75,,,82.9,,,,,64.09,87.15,72.74,87.01,61.27,,17.36,44.38,,74.81,75,41.5,12,small,,,7,56,54,7,2026-04-10 21:43:40.493294+00,
Sun Prairie,WI,Wisconsin,United States,Midwest,2026,5578600,35967,43.1826223,-89.2378239,25,67fc76c0-d2f0-4584-984d-791086d0c619,80.24,75.69,82.47,,,79.08,52.14,55.58,,70.44,73.6,31.87,57.76,73.68,87.27,96.32,46.94,80.36,,74.73,75,378,74,small,,,8,57,55,8,2026-04-09 13:15:40.917644+00,
Westlake,TX,Texas,United States,South,2026,4877620,1623,32.9854612,-97.2037876,30,73f4729d-4817-4d71-9c7c-3ed2136c08d8,80.68,73.73,70.71,,,72.22,,0,,74.92,,,37.46,60.73,85.51,94.47,93.65,90.68,,74.15,74,55.1,78.1,small,,,1,58,56,1,2026-04-09 11:06:40.594988+00,
North Kansas City,MO,Missouri,United States,Midwest,2026,2953102,4467,39.1395576,-94.5647503,25,a8f5609e-823f-4ee7-b318-016bc9b577ca,83.69,74.37,78.1,,,76.24,64.41,38,5.91,83.46,93.71,,58.4,81.66,74.64,,,74.64,,74.06,74,72.4,34.4,small,,,2,59,57,2,2026-04-14 04:08:40.059825+00,
Stanford,CA,California,United States,Pacific,2026,673906,21150,37.4269331,-122.1677411,25,2ec79c42-c87c-4781-b1ac-83e7c0f6a448,78.31,91.73,62.43,80.05,100,81.96,40.89,,,40.89,,,40.89,86.42,90.37,99.33,76.71,90.09,,73.99,74,120.5,28.9,small,,,8,60,58,8,2026-04-09 08:54:44.496274+00,
Deer Isle,ME,Maine,United States,New England,2026,2317145,2193,44.2223,-68.6798,25,da81e195-0276-415e-837e-492a0f3cb3e5,83.78,74.58,58.87,,,66.73,,,,,,,,44.07,80.88,,,80.88,,73.66,74,203.9,25.6,small,,,2,61,59,2,2026-04-14 06:20:42.57138+00,
Highland Park,NJ,New Jersey,United States,Mid-Atlantic,2026,3431470,15072,40.5007945,-74.4279107,25,b4e63bda-516f-4cfd-a3f8-ccada6774215,78.28,75.22,75.86,,,75.54,70.51,66.2,,65.99,69.21,8.53,57.38,77.87,83.92,,64.08,76.29,,73.41,73,74.8,7.4,small,,,5,62,60,4,2026-04-10 07:05:39.923151+00,
Ferndale,MI,Michigan,United States,Midwest,2026,2627880,19190,42.4592099,-83.1313664,25,87193619-43eb-4350-a739-3bf561078830,74.41,72.43,69.75,,,71.09,41.91,67.63,,66.87,78.3,,63.7,85.34,81.01,,72.9,77.89,,73.39,73,160.2,18.6,small,,,8,63,61,7,2026-04-10 04:06:42.424998+00,
Jersey Shore,PA,Pennsylvania,United States,Mid-Atlantic,2026,4238128,4166,41.200731,-77.2665691,25,80bf073a-507e-4ac8-b7dc-2c21d4d3571c,77.07,75.62,69.93,,,72.78,,,69.66,60.92,74.29,63.95,68.84,72.22,77.37,,,77.37,,73.32,73,38.7,5.1,small,,,6,64,62,6,2026-04-10 09:56:40.051331+00,
Hailey,ID,Idaho,United States,Mountain,2026,1634390,9168,43.5126736,-114.2994991,35,a2959d55-c19d-432d-85d7-52565beac964,80.42,77.88,67.65,,,72.77,,84.21,,,85.95,,85.45,57.69,84.62,89.11,38.47,74.65,,73.3,73,132.3,15.1,small,,,1,65,63,1,2026-04-06 20:05:40.620786+00,
Dedham,ME,Maine,United States,New England,2026,2316935,1648,44.6373,-68.6723,25,6dd9e0c8-e2a3-4da6-a233-8d05c76453e0,87.09,83.59,55.4,,,69.5,,,,,,,,42.02,52.3,96.57,,72.96,,73.22,73,159,15.7,small,,,3,66,64,3,2026-04-14 05:58:40.559838+00,
Rogers City,MI,Michigan,United States,Midwest,2026,2669260,2850,45.4176986,-83.8047512,25,ffc3d5da-f004-4f5b-86fe-4a6ad01ad6ec,82.47,75.64,83.47,,76.53,78.88,9.69,71.43,,28.91,67.54,85.97,52.19,86.23,87.86,,33.8,67.07,,72.45,72,65.5,17.6,small,,,9,67,65,8,2026-04-10 03:19:40.756453+00,
Menomonie,WI,Wisconsin,United States,Midwest,2026,5551025,16843,44.8891998,-91.9095702,25,d7cd31e8-d205-40c6-b4d2-854763eb367e,76.51,72.94,65.97,69.15,87.11,72.96,59.19,56.28,67.54,33.39,65.78,77.02,62.31,81.89,81.58,72.5,62.95,73.74,,72.14,72,267.3,59.3,small,,,9,68,66,9,2026-04-09 13:14:40.925896+00,
Cudahy,WI,Wisconsin,United States,Midwest,2026,5517975,18204,42.9612,-87.8648,25,39f97110-6300-4616-82a5-a67e5056dbf4,81.71,74.89,80.91,,,77.9,26.65,26.65,56.55,55.76,,75.16,48.21,79.8,83.44,72.56,51.18,71.57,,71.98,72,123.3,32.4,small,,,10,69,67,10,2026-04-15 16:43:42.004985+00,
High Bridge,NJ,New Jersey,United States,Mid-Atlantic,2026,3431320,3546,40.6701107,-74.8902117,25,b480dfae-5d60-46ea-aced-1fbce9339824,78.52,75.16,62.38,,,68.77,,,,,,,,78.93,71.89,,,71.89,62.15,71.9,72,63,4.6,small,,,6,70,68,5,2026-04-10 07:43:40.597116+00,
Anchorage,AK,Alaska,United States,Pacific,2026,203000,291247,61.1742503,-149.2843294,25,a16faea2-c82f-46f2-9eb6-a190cfd2ad78,75.62,67.83,75.17,64.7,76.26,71.77,64.72,62.23,72.1,63.01,69.29,78.46,68.98,76.44,83.09,91.38,54.43,78.83,47.67,71.78,72,4032.3,940.5,medium,,,2,71,3,1,2026-03-31 06:58:34.01994+00,
Verona,PA,Pennsylvania,United States,Mid-Atlantic,2026,4280032,2492,40.5056721,-79.8419473,25,2d4f3ed3-7b80-4a68-9904-cdf364cdeabc,95.44,77.28,97.84,,,87.56,,,,,45.2,,45.2,45.2,86.07,,,86.07,,71.61,72,17.5,2.4,small,,,7,72,69,7,2026-04-10 10:16:40.752223+00,
Ketchum,ID,Idaho,United States,Mountain,2026,1643030,3555,43.6872208,-114.3724755,35,2a517c1b-9e4e-459b-9a4e-10a89422fc34,81.76,70.97,,,,70.97,,45.93,,52.75,50.04,,49.73,74.99,74.7,91.28,,82.44,,71.4,71,76.7,18.1,small,,,2,73,70,2,2026-04-06 19:58:40.640777+00,
Cornville,AZ,Arizona,United States,Mountain,2026,415920,3397,34.7353,-111.9182,25,d16afd0c-95ce-4710-8dca-d6e5f59892f1,82.98,80.21,58.51,,,69.36,,,,,,,,55.15,58.25,,,58.25,,71.36,71,115.4,19.9,small,,,2,74,71,2,2026-04-14 03:57:40.384327+00,
Parowan,UT,Utah,United States,Mountain,2026,4958510,2996,37.8437,-112.8298,25,e2570b0d-ef61-408a-aeba-5bd92744f365,75.38,73.44,65.42,,,69.43,69.54,,,,79.37,,75,72.02,67.65,,,67.65,,71.18,71,57.5,28.8,small,,,5,75,72,5,2026-04-11 01:03:42.248509+00,
Charleston,PA,Pennsylvania,United States,Mid-Atlantic,2026,4212728,3565,41.9587,-79.0298,25,f45dbfc4-f358-48b6-a77c-adfbb9bab0ce,77.28,73.08,70.21,,,71.65,,,,,57.28,,57.28,55.08,100,,,100,,70.89,71,185.6,47,small,,,8,76,73,8,2026-04-14 09:04:40.505353+00,
West Salem,WI,Wisconsin,United States,Midwest,2026,5586275,5277,43.9037,-91.0848,25,9fa3926c-784c-41c2-9f7d-e93113d9637d,79.27,76.95,67.98,,,72.47,,7.2,,,,84.3,53.46,67.34,82.05,,,82.05,,70.71,71,50.5,17.5,small,,,11,77,74,11,2026-04-15 16:37:40.364964+00,
Cape Charles,VA,Virginia,United States,South,2026,5112808,1178,37.2497259,-76.0141561,25,40da69f0-fe82-45a3-bc7c-59568ed53360,80.88,76.16,82.44,,,79.3,62.5,,,52.86,,,59.29,64.83,69.4,,,69.4,,70.52,71,54.1,9.8,small,,,2,78,75,2,2026-04-10 11:21:40.125411+00,
Sonoma,CA,California,United States,Pacific,2026,672646,10739,38.2903313,-122.459831,25,1b54fbe8-0226-4451-a19f-bbd1f6df1287,74.06,75.07,77.04,73.11,,75.69,48.91,,37.78,40.66,57.92,44.88,47.35,85.25,81.69,,69.18,76.88,,70.47,70,85.5,13.1,small,,,9,79,76,9,2026-04-09 09:02:40.219825+00,
Grove City,PA,Pennsylvania,United States,Mid-Atlantic,2026,4231656,7871,41.1587,-80.0848,25,ebcdb629-5e67-4943-bf16-f0eef3745871,79.26,75.35,53.42,,95.62,71.33,55.65,70.09,,40.75,,70.09,59.5,72.49,73.17,,,73.17,,70.35,70,73.8,9.7,small,,,9,80,77,9,2026-04-14 09:25:40.183273+00,
Brooklyn,NY,New York,United States,Mid-Atlantic,2026,3600500,2736074,40.6782,-73.9442,20,02c299bf-0a85-448e-9669-3881105564dc,64.65,61.96,78.57,45.69,49.86,63.73,73.23,68.49,51,73.73,83.1,69.59,70.28,81.86,79.03,61.72,47.82,65.17,70.22,70.01,70,2120.5,759.4,large,,,2,81,1,1,2026-05-08 22:12:42.540377+00,
Reed City,MI,Michigan,United States,Midwest,2026,2667820,2490,43.8727541,-85.5070057,25,33b78fd8-c663-42a3-941d-25b84d6efa19,69.79,58.5,65.11,,,61.81,,,63.75,,80.56,,73.09,77.04,50.43,94.98,,71.22,,69.95,70,41.1,8.5,small,,,10,82,78,9,2026-04-10 03:21:40.270414+00,
Boulder Junction,WI,Wisconsin,United States,Midwest,2026,5508950,1053,46.0938014,-89.6967281,25,60d183ea-29d8-495e-a23c-75615897e2c9,84.4,76.46,,,,76.46,,,,,26.41,23.95,25.49,61.91,71.69,58.64,25.12,55.48,,69.81,70,304.9,80.1,small,,,12,83,79,12,2026-04-09 12:00:40.776604+00,
Coralville,IA,Iowa,United States,Midwest,2026,1916230,22318,41.6783,-91.5799,25,8b44feb3-04d9-45f3-aa4f-0bd2951895e1,72.45,71.98,70.92,53.61,71.17,69.61,59.92,61.21,59.11,51.21,75.79,29.87,58.48,76.57,81.07,98.25,,89.09,25.46,69.59,70,254.5,76.2,small,,,2,84,80,2,2026-04-14 04:06:40.45174+00,
Odessa,FL,Florida,United States,South,2026,1251100,8080,28.1823334,-82.5504172,30,8f1003a4-acc2-471b-b3af-bb366ca22e2c,69.43,65.65,47.07,,,56.36,36.86,36.86,,,36.86,,36.86,72.24,72.24,,80.36,75.36,,69.54,70,5.2,72,small,,,2,85,81,2,2026-04-09 19:11:41.006572+00,
Margate City,NJ,New Jersey,United States,Mid-Atlantic,2026,3443890,5317,39.3309129,-74.5068485,25,2d7c9f5f-52fd-44c1-a680-11b03e895dbd,88.62,86.21,85.3,,,85.76,,,,85.73,2.5,,26.28,72.06,82.88,,87.1,84.5,,69.5,70,62.3,8.4,small,,,7,86,82,6,2026-04-10 08:36:40.32899+00,
Sierra Madre,CA,California,United States,Pacific,2026,671806,11268,34.1622,-118.0528,25,fa3c62c1-3d32-46ea-8486-36691df377c9,70.2,63.17,56.78,,,59.98,,,,,,,,79.2,69.69,,,69.69,,69.01,69,64.7,17.1,small,,,10,87,83,10,2026-04-10 22:26:40.407584+00,
Oberlin,OH,Ohio,United States,Midwest,2026,3957834,8560,41.2860627,-82.2195648,25,61f813bb-89ba-47eb-9a0b-990645b121eb,74.22,75.15,46.19,98.89,,65.45,57.81,44.11,61.61,63.48,61.07,72.49,60.78,75.88,78.95,87.62,19.9,67.22,,68.43,68,66.3,12.6,small,,,2,88,84,2,2026-04-10 12:05:40.870987+00,
Richfield,MN,Minnesota,United States,Midwest,2026,2754214,36994,44.8743539,-93.2824451,30,ab1d0d1d-77a5-42b3-822b-3f3bf3286565,74.87,71.15,60.71,,,65.93,43,43.77,,44.77,59.29,63.64,52.28,80.78,80.86,96.4,21.5,71.46,,68.4,68,252.1,87.6,small,,,1,89,85,1,2026-04-10 14:14:44.955073+00,
Ames,IA,Iowa,United States,Midwest,2026,1901855,66480,42.0263267,-93.6212645,25,aaddcf8e-819a-437c-9f5a-b17e8a1f6e6e,69.24,64.41,54.33,,83.55,64.74,60.44,31.1,49.79,49.71,72.23,51.71,55.94,75,80.47,92.12,55.13,78.21,57.01,68.11,68,582.2,159.6,medium,,,3,90,4,1,2026-04-08 22:11:42.724308+00,
Ravenswood,WV,West Virginia,United States,South,2026,5467108,3865,38.9487,-81.7648,25,6abf55a9-2a49-4683-bcd5-67700598f231,77.13,77.97,79.19,,,78.58,,,,47.32,84.5,,73.88,47.27,57.1,,,57.1,,67.9,68,42.6,9.2,small,,,1,91,86,1,2026-04-15 18:09:40.535168+00,
Ludington,MI,Michigan,United States,Midwest,2026,2649640,7655,43.9571957,-86.4429369,25,8e7ec915-cb0a-4736-83c9-f8971969bb75,72.92,72.19,50.26,,,61.23,,65.45,51.79,,,69.98,60.89,73.68,66.75,,,66.75,74.59,67.85,68,112.8,23.7,small,,,11,92,87,10,2026-04-10 03:32:40.591803+00,
Phillips,WI,Wisconsin,United States,Midwest,2026,5562450,1533,45.6940353,-90.40142,25,01cb4cd1-5817-46a6-9893-482fd19423ce,81.23,59.88,64.31,22.31,,57.12,46.16,,,61.44,88.44,93.24,73.53,73,70.95,,22.31,52.24,,67.85,68,32.9,10.5,small,,,13,92,87,13,2026-04-09 11:42:40.358474+00,
Rushville,NE,Nebraska,United States,Midwest,2026,3142775,816,42.7162,-102.4698,25,310502ff-7400-4807-b1e4-78cfae5d7237,68.57,68.34,69.85,,,69.1,68.85,,,,,,68.85,61.34,69.23,,,69.23,,67.69,68,21.8,4.1,small,,,1,94,89,1,2026-04-14 08:47:40.441802+00,
Minneapolis,MN,Minnesota,United States,Midwest,2026,2743000,429954,44.9633242,-93.2683198,20,4f32183f-dd4f-4b9d-b9eb-f2f57901980f,68.51,57.18,74.49,47,46.86,60.16,64.57,49.04,51.8,47.71,66.87,68.8,59.99,80.97,80.84,88.77,56.56,77.55,49.77,67.51,68,2104.6,695.3,large,,,2,95,2,1,2026-04-03 21:15:25.537219+00,
China,ME,Maine,United States,New England,2026,2312735,4408,44.4623,-69.5648,25,c6d133e5-dfd4-4332-aad5-4d5bdd950f91,80.86,71.53,63.87,,,67.7,,,,,67.72,,67.72,46.77,55.62,75.27,,64.79,,67.5,68,191.2,56.8,small,,,4,96,90,4,2026-04-14 05:39:40.024083+00,
Bluffton,OH,Ohio,United States,Midwest,2026,3907426,3967,40.8920482,-83.8877931,25,03ab8b61-166a-4770-87a7-67aa9f8017c5,75.04,70.37,70.16,,92.31,75.16,57.34,,38.14,57.59,60.34,58.46,54.12,69.41,63.68,,67.12,65,,67.41,67,45,22.5,small,,,3,97,91,3,2026-04-10 12:04:42.180074+00,
Grand Forks,ND,North Dakota,United States,Midwest,2026,3832060,59167,47.9195946,-97.087328,25,a31d82c0-82cc-4416-a56d-90184439ae4b,71.06,64.25,65.59,70.38,62.91,65.06,31.7,44.95,48.88,72.48,70.17,67.02,55.45,80.16,79.71,81.36,,80.48,25.33,67.23,67,541.3,122.3,medium,,,2,98,5,1,2026-04-07 02:55:41.673195+00,
Fargo,ND,North Dakota,United States,Midwest,2026,3825700,126007,46.8647005,-96.8290805,25,d51ea74b-080f-45b2-9419-d50878bc2576,70.63,65.35,65.37,33.42,74.33,63.96,30.18,38.54,57.65,50.4,62.72,57.77,50.81,77.28,80.51,89.09,,84.51,22.09,67.21,67,1119.8,314,medium,,,3,99,6,2,2026-04-07 05:42:52.564206+00,
Havre,MT,Montana,United States,Mountain,2026,3035050,9362,48.5419114,-109.6779564,25,44d7011a-659d-42a8-b52a-72b4e18c4b91,75.78,74.38,72.64,,79.48,74.84,73.14,,40.09,,73.39,,63.07,65.03,77.26,,,77.26,39.95,67.15,67,93.8,19,small,,,3,100,92,3,2026-04-14 06:50:39.935732+00,
Oakmont,PA,Pennsylvania,United States,Mid-Atlantic,2026,4256088,6758,40.5237,-79.8348,25,679157dc-e927-4798-b164-b9a0764c9a4e,70.94,58.6,57.21,,,57.91,74.34,67.47,,39.28,74.34,,67.89,70.45,70.81,,,70.81,,67.05,67,54.2,6.5,small,,,10,101,93,10,2026-04-14 08:18:39.99351+00,
Pentwater,MI,Michigan,United States,Midwest,2026,2663540,890,43.7796196,-86.4299159,25,8b970259-7525-45ef-ae9a-e1fb92f786af,80.06,69.74,32.89,,,51.32,41.93,,,,,,41.93,74.08,82.43,,,82.43,,67,67,34.1,5.1,small,,,12,102,94,11,2026-04-10 03:54:39.791388+00,
West Bloomfield,MI,Michigan,United States,Midwest,2026,2685480,65881,42.5666956,-83.3870949,25,84187568-655c-4cc9-90a2-b4b9ee3e6605,71.35,67.13,60.08,,,63.61,59.77,45.6,23.52,51.35,64.55,65.41,52.3,65.84,79.71,82.8,57.94,75.35,,66.82,67,784.8,109.1,medium,,,13,103,7,2,2026-04-10 04:52:41.921164+00,
Marshfield,WI,Wisconsin,United States,Midwest,2026,5549675,18929,44.6632915,-90.171736,25,278400dc-b95e-474f-9cde-3c4411c06472,75.55,62.18,71.23,58.32,66.67,65.86,32.4,59.04,53.61,24.03,60.83,,47.9,73.31,81.68,92.98,64.11,81.24,,66.8,67,271.4,51,small,,,14,104,95,14,2026-04-09 12:42:40.473038+00,
Howell,MI,Michigan,United States,Midwest,2026,2639540,10068,42.6081288,-83.9343393,25,ba8cb859-e7a8-4620-bc30-b816ad84bcfe,69.54,65.44,72.33,,,68.89,66,34.36,70.85,,13.78,43.63,45.33,78.35,77.43,,,77.43,,66.78,67,91.7,21,small,,,14,105,96,12,2026-04-10 03:38:40.785665+00,
Pine,AZ,Arizona,United States,Mountain,2026,455700,1953,34.3831,-111.4568,25,8a4b56e3-2744-4201-9aac-d356f296c8d8,70.78,70.2,55.36,,,62.78,55.36,,,,,,55.36,77.9,,69.78,,69.78,,66.77,67,190,15.5,small,,,3,106,97,3,2026-04-15 18:04:40.080384+00,
Forestville,CA,California,United States,Pacific,2026,624960,3264,38.4724,-122.8994,25,a8fc9749-1342-4414-9d32-c27e57de11c8,73.32,73.46,54.8,,,64.13,,,,,,,,81.16,47.39,,,47.39,,66.69,67,44.8,13,small,,,11,107,98,11,2026-04-10 21:11:40.49117+00,
Deer Trail,CO,Colorado,United States,Mountain,2026,819630,1068,39.6170001,-104.043851,30,8b80fbfe-f390-4991-9ebc-32c018f3870d,74.42,54.7,72.47,,,63.59,,,,,,,,61.81,67.87,,,67.87,,66.66,67,10.6,18.5,small,,,2,108,99,2,2026-04-09 00:17:40.656199+00,
Aspen,CO,Colorado,United States,Mountain,2026,803620,7020,39.1951539,-106.8368071,20,3923e429-23a4-40f7-9746-d210748d4bd0,76.17,75.01,27.05,,,51.03,,,58.02,65.74,57.63,,59.25,75.6,84.78,79.83,,82.47,60.57,66.54,67,127.8,21.5,small,,,3,109,100,3,2026-04-08 23:46:40.975718+00,
Royalton,KY,Kentucky,United States,South,2026,2192968,1733,37.5801,-82.9671,35,32c15eda-85d0-4178-94ba-9630b7c58466,77.81,73.55,55.48,,,64.52,,,,,,,,29.43,100,20.45,,62.88,,66.43,66,16.4,260.5,small,,,1,110,101,1,2026-04-14 05:14:40.396124+00,
Ironwood,MI,Michigan,United States,Midwest,2026,2641060,5045,46.4522093,-90.1504325,25,850fbe87-ebf8-4777-94a5-fabc3446fcb9,66.27,63.92,45.86,,,54.89,,,,69.92,54.27,,58.74,79.79,68.64,87.68,,77.53,,66.31,66,154.4,19.7,small,,,15,111,102,13,2026-04-10 03:05:40.028811+00,
Lewisburg,PA,Pennsylvania,United States,Mid-Atlantic,2026,4242976,5158,40.9641264,-76.8899572,25,3105450e-1b35-4669-901e-7a3813973184,75.62,74.88,,,,74.88,,,,,,,,69.2,54.03,,,54.03,,66.28,66,27.2,7.9,small,,,11,112,103,11,2026-04-10 10:56:40.024924+00,
Evansville,WI,Wisconsin,United States,Midwest,2026,5524550,5725,42.7782304,-89.2947859,25,cfd6a485-bcef-46b4-99bd-bbcabd0569a3,75.33,66.46,75.01,,,70.74,11.45,71.21,,67.98,9.24,71.59,36.57,74.58,73.67,,71.54,72.85,,66.25,66,58.5,13.7,small,,,15,113,104,15,2026-04-09 12:22:40.064607+00,
Lake Geneva,WI,Wisconsin,United States,Midwest,2026,5541450,8277,42.583346,-88.4284541,25,61ea57c9-0dbb-4862-b59f-090d1a3abd02,71.86,67.51,69.44,,,68.48,72.52,57.7,72.52,72.52,32.81,19.54,53.16,81.13,76.45,40,,59.44,,66.14,66,114.7,32.8,small,,,16,114,105,16,2026-04-09 12:47:40.250214+00,
Ankeny,IA,Iowa,United States,Midwest,2026,1902305,67967,41.7301639,-93.6010831,25,3af9a997-dd7b-40d6-b755-d60136215737,67.59,60.31,62.99,56.12,,60.96,47.2,60.33,,55.88,57.34,56.41,54.82,69.18,76.88,93.46,,84.62,,66.08,66,778.6,198.1,medium,,,4,115,8,2,2026-04-08 21:52:46.920327+00,
Seattle,WA,Washington,United States,Pacific,2026,5363000,736602,47.6193352,-122.3515382,20,f7a6ac5f-3cc3-4923-8f0e-020f55d7e550,64.68,55.74,75.5,49.67,57.76,62.45,64.61,66.69,50.3,49.95,70.89,69.73,62.83,78.67,80.51,69.9,58.3,71.24,46.49,66.01,66,3171.8,1029.1,large,,,1,116,3,1,2026-04-14 00:28:10.750859+00,
Alpena,MI,Michigan,United States,Midwest,2026,2601740,10197,45.0744747,-83.4435713,25,4465e641-8667-4f71-acce-a5924aa8dc97,66.89,63.78,59.2,45.95,,59.55,55.88,63.58,70.01,53.69,11.83,81.1,52.03,81.59,79.44,97.61,36.09,74.96,,66,66,175.2,30.2,small,,,16,117,106,14,2026-04-10 03:12:40.883779+00,
Whitefish,MT,Montana,United States,Mountain,2026,3079825,7824,48.4379912,-114.348035,25,19fb2d2b-4cfa-4c78-b51c-6d2115787703,76.28,70.01,58.34,,,64.18,46.64,51.25,46.46,45.78,43.79,48.23,46.51,75.84,70.65,53.34,,62.57,,66,66,169.1,27.5,small,,,4,117,106,4,2026-04-14 05:43:40.354536+00,
Dillon,MT,Montana,United States,Mountain,2026,3020800,3880,45.2178756,-112.6345797,25,35799e2e-dc96-4542-af53-f00d5a790c68,75.22,68.07,76.07,,71.6,71.97,,,0.37,,70.3,,39.22,72.48,68.86,,,68.86,,65.91,66,56.6,12.8,small,,,5,119,108,5,2026-04-14 06:02:39.962533+00,
La Crosse,WI,Wisconsin,United States,Midwest,2026,5540775,52680,43.8246851,-91.2246156,25,18ef322f-e076-4c56-a4bc-c84b6d2e8835,71.53,57.87,74.57,79.99,64.19,67.19,67.06,49.84,81.36,58.31,33.55,34.92,54.12,77.52,78.56,4.93,80.41,53.25,78.71,65.83,66,479.4,114.4,medium,,,17,120,9,1,2026-04-09 14:15:50.07355+00,
Calistoga,CA,California,United States,Pacific,2026,609892,5228,38.5814083,-122.5826961,25,872c8c21-3767-420c-ba3a-bf38bb2326ea,79.12,73.25,62.25,,,67.75,,,,,50.96,,50.96,71.35,62.44,,66.64,64.06,,65.79,66,44.6,11.3,small,,,12,121,109,12,2026-04-09 04:56:44.580684+00,
Sausalito,CA,California,United States,Pacific,2026,670364,7269,37.8583694,-122.4918436,25,5c895abe-86ce-457a-aaf3-f65d05eda425,76.73,62.57,26.51,,,44.54,,49.63,,,59.63,,56.77,73.89,73.92,,,73.92,70.16,65.72,66,47.6,14,small,,,13,122,110,13,2026-04-09 07:48:40.027199+00,
Worthington,OH,Ohio,United States,Midwest,2026,3986604,14786,40.0969081,-83.0202161,25,004055b2-67f4-40d5-b9d0-2e25a200be6c,76.18,54.42,80.45,,,67.44,44.83,43,,37.98,38.43,,41.03,75.76,84.55,64.79,49.78,68.94,,65.65,66,127.3,36,small,,,4,123,111,4,2026-04-10 12:24:40.152465+00,
Boulder,CO,Colorado,United States,Mountain,2026,807850,108279,40.0244306,-105.251251,20,c6af695f-c4d5-41bc-a2a3-73fe913feef6,66.09,58.67,67.7,51.4,68.43,63.06,60.2,61.3,73.23,51.64,68.88,65.51,65.03,76.23,79.7,89.01,49.13,75.32,45.81,65.55,66,809,182.1,medium,,,4,124,10,1,2026-04-09 03:05:45.215949+00,
The Woodlands,TX,Texas,United States,South,2026,4872656,114055,30.172562,-95.5098125,30,f063c722-fd63-44ea-943a-6e5fe9fcbb1e,72.32,60.24,63.51,46.84,,60,34.49,42.36,25.61,47.45,61.84,57.48,45.08,60.81,79.03,90.75,70.04,80.88,79.14,65.55,66,1001.3,464.7,medium,,,2,124,10,1,2026-04-09 14:23:46.724659+00,
Gustine,CA,California,United States,Pacific,2026,631568,6161,37.2525487,-120.995513,25,80b8e857-beb9-4673-83db-900b6ddb0097,75.49,69.77,54.97,,,62.37,43.84,,,49.75,83.47,,62.93,72.35,55.59,,,55.59,,65.38,65,48,7.5,small,,,14,126,112,14,2026-04-09 05:43:40.352258+00,
Berkeley,CA,California,United States,Pacific,2026,606000,124300,37.8656733,-122.2987247,25,deaf8d65-10ca-4bc7-b354-7ac16bbb60c7,64.07,59.7,71.47,67.43,55.88,63.83,63.52,60.71,66.78,53.55,63.12,68.37,63.52,78.08,76.21,76.05,65.74,73.54,56.35,65.37,65,371.6,130.6,medium,,,15,127,12,1,2026-04-09 05:49:41.723929+00,
West Des Moines,IA,Iowa,United States,Midwest,2026,1983910,68723,41.5499371,-93.7813514,25,ea6c3f13-39b2-4852-8a41-b8144475071b,63.88,59.61,71.98,59.62,29.88,57.99,63.73,60.75,60.94,48.14,48.76,52.78,55.93,73.01,77.18,83.39,48.12,72.09,,65.3,65,682.3,311,medium,,,5,128,13,3,2026-04-08 22:07:42.204957+00,
Hazel Park,MI,Michigan,United States,Midwest,2026,2637420,14983,42.4619261,-83.0976927,25,fb8a146f-a663-4adf-a14f-1b7098a1c666,77.34,74.1,75.41,,,74.76,53.18,46.09,,2.07,51.92,,43.74,81.98,79.33,,3.25,50.07,,65.12,65,113.8,26.2,small,,,17,129,113,15,2026-04-10 03:34:40.934782+00,
Safford,AZ,Arizona,United States,Mountain,2026,462000,10129,32.8332977,-109.6974184,25,8593bc66-b7c5-42bf-b6cc-49b77588511f,76.87,55.11,72.01,35.04,,60,56.22,26.68,78.92,2.11,39.51,68.88,50.12,70.31,78.66,,66.54,74,,65.1,65,103.8,25.4,small,,,4,130,114,4,2026-04-08 19:35:41.203924+00,
Keystone,CO,Colorado,United States,Mountain,2026,840550,1369,39.5738982,-105.9347206,30,220c27e5-ffb7-4f03-bf7c-53417d8e21f3,73.32,61.47,,,,61.47,,,,,,,,76.36,28.39,60.84,23.73,38.58,,64.95,65,156.5,43.8,small,,,5,131,115,4,2026-04-09 00:54:42.527491+00,
Hilton Head Island,SC,South Carolina,United States,South,2026,4534045,37661,32.190307,-80.7384343,30,def85d7f-2895-4017-b5d6-338b3f6fb544,71.21,65.87,38.57,,,52.22,51.48,,15.76,38.38,39.68,49.19,38.43,60.88,61.93,78.29,54.64,65.83,58.88,64.86,65,305.8,505.9,small,,,1,132,116,1,2026-04-13 21:16:40.907867+00,
Sterling,CT,Connecticut,United States,New England,2026,973420,3578,41.7073,-71.8334,25,d5452fa7-5b16-4435-a563-0a95f994de6d,73.34,68.99,25.09,,,47.04,,,,,,,,49.65,81.14,32.72,,58.54,,64.85,65,103.5,33.4,small,,,1,133,117,1,2026-04-14 03:42:40.47982+00,
Oakdale,MN,Minnesota,United States,Midwest,2026,2747680,28303,44.9875455,-92.963553,30,5cc4c8ff-5b3e-4854-bfd3-9111d180d711,67.06,67.4,54.5,,,60.95,66.32,,,25.29,58.28,64.75,57.25,70.54,70.45,80.08,10.62,58.86,,64.76,65,111,249.9,small,,,3,134,118,2,2026-04-10 13:40:40.259068+00,
Onalaska,WI,Wisconsin,United States,Midwest,2026,5559925,18807,43.8837,-91.2348,25,5e5ee0fe-26f8-4248-99b6-6b4d2695d8a9,68.29,62.64,58.63,,,60.64,11.81,55.58,,52.3,14.64,63.13,32.85,73.44,76.97,,,76.97,,64.65,65,200.6,67.1,small,,,18,135,119,17,2026-04-15 16:38:40.2452+00,
Frostburg,MD,Maryland,United States,Mid-Atlantic,2026,2430900,7027,39.6573,-78.9287,30,f0362bab-882f-4f57-b8d7-7aa8493c326d,74.6,73.71,57.81,,78.33,68.55,59.78,78.26,,60.99,78.26,77.63,71.36,84.87,65.75,,72.24,68.25,16.86,64.57,65,103.8,13.5,small,,,2,136,120,2,2026-04-10 23:55:39.898832+00,
Asbury Park,NJ,New Jersey,United States,Mid-Atlantic,2026,3401960,15188,40.2228837,-74.0102318,25,90e67e49-ecf3-4379-a5c8-8e2edfe554ff,73.54,69.18,71.42,,,70.3,,,,,24.86,54.91,36.13,72.38,75.54,,,75.54,67.11,64.57,65,48.8,23.8,small,,,8,136,120,7,2026-04-10 07:30:41.01545+00,
Rolling Hills Estates,CA,California,United States,Pacific,2026,662644,8280,33.7878,-118.36,25,e9f61519-2a60-4856-8a34-a8263458f13d,72.73,60.62,55.73,,,58.18,17.81,,,15.03,17.37,,17.1,59.83,72.7,73.23,,72.95,,64.47,64,70.9,22.8,small,,,16,138,122,15,2026-04-10 22:25:40.554644+00,
Baraboo,WI,Wisconsin,United States,Midwest,2026,5504625,12556,43.468072,-89.738387,25,1a82a275-9df5-47bf-a901-c749c97c0dbe,71.43,66.32,69.41,,67.94,67.88,1.95,47.74,67.39,0,46.08,60.97,39.31,70.79,77.36,,61.91,71.42,,64.43,64,155.2,25.3,small,,,19,139,123,18,2026-04-09 11:22:40.647555+00,
Marlette,MI,Michigan,United States,Midwest,2026,2651820,1855,43.3262,-83.0823,25,85c5185c-b818-4e66-9468-fb383e517253,83.81,76.47,54.31,,,65.39,,,54.18,38.81,14.88,87.65,45.12,72.19,61.28,,,61.28,,64.35,64,26.7,5.9,small,,,18,140,124,16,2026-04-14 08:15:40.163988+00,
Pinon,AZ,Arizona,United States,Mountain,2026,456120,1084,36.1067,-110.2214,25,73e00b02-4834-434b-9f90-0e07323b0372,78.74,45.76,75.3,,,60.53,,,,,58.09,,58.09,58.09,61.67,,,61.67,,64.3,64,14.2,14.5,small,,,5,141,125,5,2026-04-14 04:39:39.999282+00,
Spring House,PA,Pennsylvania,United States,Mid-Atlantic,2026,4273264,3978,40.1771539,-75.2195147,25,a113099e-8f93-45b8-bd90-389986562031,67.67,74.28,60.82,,,67.55,48.52,,,64.88,64.88,,58.93,79.35,47.32,,,47.32,,64.01,64,53.3,16.9,small,,,12,142,126,12,2026-04-10 10:00:40.576313+00,
Manitou Springs,CO,Colorado,United States,Mountain,2026,848445,4858,38.8575395,-104.9128609,25,416e8fe9-486e-4ac4-8714-9a05b6961cff,69.67,64.27,46.12,,,55.2,,,,,,,,74.86,74.05,,,74.05,48.08,63.8,64,76.4,15.3,small,,,6,143,127,5,2026-04-09 00:24:40.249611+00,
Sebastopol,CA,California,United States,Pacific,2026,670770,7521,38.400003,-122.8275864,25,c051360d-240e-4719-ae06-763b2c1b40d5,71.19,61.24,64.91,,,63.08,,49.48,5.83,49.98,75.78,,46.24,81.08,70.09,,45.11,60.48,,63.73,64,53.8,12.4,small,,,17,144,128,16,2026-04-09 08:32:40.186977+00,
Verdi,NV,Nevada,United States,Mountain,2026,3279400,1396,39.5214365,-119.9838948,25,0795e6c4-4deb-4c3a-97c0-0bdc3b9eadd8,67.13,65.69,14.09,,,39.89,,,,,,,,38.86,51.69,,19.91,39.47,,63.65,64,24.7,22.8,small,,,2,145,129,2,2026-04-14 09:07:40.021928+00,
Acme,MI,Michigan,United States,Midwest,2026,2600200,4456,44.7901,-85.5373,25,f0d86510-6243-4cf8-946f-33f02e477661,78.8,68.34,,,,68.34,,,,49.62,49.62,,49.62,53.42,69.71,,,69.71,,63.54,64,166.3,44.6,small,,,19,146,130,17,2026-04-14 09:27:40.258336+00,
Charlevoix,MI,Michigan,United States,Midwest,2026,2614780,2348,45.3137948,-85.2556316,25,eb6310ee-671b-4a40-bc26-7124cc2813f1,71.19,72.46,61.72,,,67.09,73.25,,,12.01,71.98,,61.54,67.78,70.47,,,70.47,43.4,63.42,63,57.9,9.7,small,,,20,147,131,18,2026-04-10 02:46:40.217057+00,
Queens,NY,New York,United States,Mid-Atlantic,2026,3659000,2405281,40.7282,-73.7949,20,e0c5968b-5634-43ae-b719-51ccf04348bd,60.03,53.1,73.35,31.75,41.24,55.68,65.16,61.65,49.55,68.34,78.09,54.77,63.68,78.53,75.99,51.2,37.5,57.69,55.11,63.22,63,3521.1,1143,large,,,3,148,4,2,2026-05-08 22:14:31.249386+00,
Southgate,MI,Michigan,United States,Midwest,2026,2674960,30014,42.2047072,-83.2056851,25,4a0064eb-2cfa-4fe1-bce9-c243ec9b02c8,59.63,51.03,66.25,,,58.64,68.88,63.58,,49.66,44.61,44.88,53.73,71.92,70.81,,,70.81,,63.12,63,175.5,50.7,small,,,21,149,132,19,2026-04-10 04:11:40.571672+00,
Sedona,AZ,Arizona,United States,Mountain,2026,465350,9684,34.8585174,-111.7930574,25,b579f975-2d6a-4c03-a9b5-bfd24fc6faf6,68.12,60.36,56.67,,29.93,52.16,34.24,,22.7,34.77,56.9,,38.79,72.99,81.5,78.14,42.93,70.68,,63.09,63,374.3,37.9,small,,,6,150,133,6,2026-04-08 19:29:40.82445+00,
Key West,FL,Florida,United States,South,2026,1236550,26322,24.5650628,-81.7755389,20,aaf54e06-b535-4b88-a8a8-0c168ce77b72,66.53,63.58,57.28,25.98,,56.12,61.89,45.58,43.07,36.12,73.11,43.07,53.9,77.52,75.38,58.9,44.41,61.87,45.08,62.98,63,156,44.2,small,,,3,151,134,3,2026-04-09 18:43:40.499455+00,
El Cerrito,CA,California,United States,Pacific,2026,621796,25962,37.9195744,-122.302519,25,d3bc1ec5-81ad-4b05-9eee-267110cda0f9,71.28,61.48,72.82,,,67.15,5.87,54.5,,19.97,69.3,2.2,32.85,71.7,78.12,80.49,48.82,71.62,63.74,62.94,63,130.4,32,small,,,18,152,135,17,2026-04-09 05:36:40.460134+00,
Payson,AZ,Arizona,United States,Mountain,2026,453700,16351,34.2438406,-111.3189641,25,2b0a07e9-3dfb-4bc3-a046-746bc7683476,74.34,70.74,55.85,38.81,,60.23,71.06,58.47,61.83,48.53,65.97,57.61,62.41,73.22,42.15,,,42.15,,62.8,63,269.6,26.3,small,,,7,153,136,7,2026-04-08 19:12:46.355446+00,
Phoenixville,PA,Pennsylvania,United States,Mid-Atlantic,2026,4260120,18602,40.1352012,-75.522699,25,c217da79-4404-4af5-a1ab-3512ae877aea,61,60.61,58.16,,,59.39,64.23,43.15,57.64,41.45,53.84,63.18,55.77,73.23,71.41,69.34,55.95,66.82,,62.71,63,102.1,20.9,small,,,13,154,137,13,2026-04-10 10:01:40.315998+00,
Susanville,CA,California,United States,Pacific,2026,677364,16728,40.433674,-120.6283062,25,872c971c-86fa-46bb-8ad1-4c17f19f8c6c,68.19,60.57,22.55,2.87,,36.72,17.09,9.95,2.87,5.53,22.97,30.03,15.79,55.46,32.51,,,32.51,,62.66,63,98.9,29.3,small,,,19,155,138,18,2026-04-09 08:47:40.222109+00,
DeWitt,MI,Michigan,United States,Midwest,2026,2622120,4776,42.8388283,-84.583837,25,a2fbe565-c1a7-41dd-a4d4-aa28e578ac2a,74.98,69.63,45.75,,,57.69,,,,,,,,27.63,82.13,,,82.13,,62.48,62,54.3,11.9,small,,,22,156,139,20,2026-05-08 21:53:54.060129+00,
Fitchburg,WI,Wisconsin,United States,Midwest,2026,5525950,30999,42.9857823,-89.4253343,25,e9dd9f89-1058-4afd-84ac-265fa04e7bc8,71.4,61.38,42.29,,,51.84,68.93,48.61,,50.55,46.83,68.62,57.13,71.01,75.77,71.96,61.14,70.78,,62.48,62,352.2,162.8,small,,,20,156,139,19,2026-04-09 13:52:42.087164+00,
Clarksville,VA,Virginia,United States,South,2026,5116992,1300,36.6182279,-78.5645258,25,5369edc6-3131-4671-b822-ce185b52c73b,69.46,68.37,21.66,,,45.02,6.39,46.07,,24.96,51.58,71.16,39.94,71.73,71.16,,71.16,71.16,,62.26,62,38.5,17.7,small,,,3,158,141,3,2026-04-10 10:45:40.540541+00,
Harleysville,PA,Pennsylvania,United States,Mid-Atlantic,2026,4232616,9899,40.2784026,-75.3878567,25,e9244ebd-305e-4420-9063-9ee552ff945e,71.68,65.77,46.03,,,55.9,,,,56.36,49.74,,51.63,61.79,74.23,,,74.23,,62.24,62,98.2,16.9,small,,,14,159,142,14,2026-04-10 09:06:40.08088+00,
Bay City,MI,Michigan,United States,Midwest,2026,2606020,32661,43.5900617,-83.8884214,25,7a8f9eec-a8be-478e-9049-bbbfffefbcf2,71.48,61.13,74.93,,,68.03,16.23,44.73,57.37,,66.26,,47.68,75.42,66.94,94.74,33.15,68.22,29.25,62.23,62,420.2,79,small,,,23,160,143,21,2026-04-10 07:31:45.872783+00,
Breinigsville,PA,Pennsylvania,United States,Mid-Atlantic,2026,4208392,7495,40.5437,-75.6423,25,2f4101f3-4c7a-47d6-b8d2-560f505ead87,70.56,63.58,,,,63.58,,,,,,,,49.77,56.07,,,56.07,,62.23,62,52.7,12.8,small,,,15,160,143,15,2026-04-14 09:51:40.565478+00,
Bethalto,IL,Illinois,United States,Midwest,2026,1705599,9310,38.9016603,-90.0448415,30,fb5fa762-36c7-40f3-a8d7-40bd08dac761,63.05,60.83,60.35,,,60.59,72.5,52.23,,42.12,66.45,15.92,53.67,70.81,68.54,,,68.54,,62.22,62,75.7,69.7,small,,,1,162,145,1,2026-04-08 21:44:40.353072+00,
Jasper,AL,Alabama,United States,South,2026,138416,14578,33.8511103,-87.2683477,25,390bb5ea-ccff-49c4-bbdf-bd366ac0fa85,72.79,65.45,57.8,76.31,,63.46,52.07,,25.46,67.36,70.81,4.31,45.1,67.09,54.49,,57.25,55.55,,62.21,62,348.3,90,small,,,1,163,146,1,2026-04-06 23:29:41.16849+00,
Buckley,WA,Washington,United States,Pacific,2026,5308570,5114,47.1622395,-122.020272,25,078dd1b6-5ef2-493a-a64e-0dd8e2bb28d7,69.91,62.14,55.72,,,58.93,52.62,55.12,,55.12,47.19,47.8,50.64,72.55,73.37,,50.22,64.47,,62.17,62,60.1,20,small,,,2,164,147,1,2026-04-09 16:51:45.007236+00,
Coupeville,WA,Washington,United States,Pacific,2026,5315185,1942,48.2187947,-122.6794661,25,29969c60-520c-4e68-9e5c-47d38d15b8c8,76.67,78.41,23.19,,,50.8,76.93,,76.93,,35.02,,60.81,75.82,57.26,,40.07,50.65,,62.11,62,25.9,9,small,,,3,165,148,2,2026-04-09 16:57:41.064584+00,
Wasilla,AK,Alaska,United States,Pacific,2026,283080,9054,61.5811357,-149.46079,25,818038e9-9ad7-4e52-bfdc-8ac506dfb5cb,72.91,62.42,56.22,,62.27,59.98,45.28,,60.77,37.84,44.76,58.23,49.91,71.45,66.12,92.55,,78.45,32.5,61.98,62,185.8,62.1,small,,,3,166,149,2,2026-03-30 21:46:40.822325+00,
Carmel,IN,Indiana,United States,Midwest,2026,1810342,99757,39.9654794,-86.1483688,30,0dddcfb0-6662-42d1-85bc-c50dcf5c1aa6,64.7,57.07,53.45,,,55.26,48.53,53.53,37.46,46.78,53.25,61.34,49.74,63.14,75.78,95.89,64,79.87,,61.71,62,1221.3,449.7,medium,,,2,167,14,1,2026-04-09 06:34:45.851654+00,
Davis,CA,California,United States,Pacific,2026,618100,66850,38.556147,-121.7377925,25,56f5eaf3-9db4-4703-918e-9e8a6b12e610,63.19,59.47,68.33,,36.98,57.92,52.3,46.78,27.84,44.11,61.23,25.4,44.23,72.99,78.61,84.8,33.03,69.38,51.75,61.52,62,368.7,123.3,medium,,,20,168,15,2,2026-04-09 06:00:40.822542+00,
Hudson,WI,Wisconsin,United States,Midwest,2026,5536250,14755,44.9638823,-92.7302534,25,d92f9a69-a443-4390-99db-2ba762ba6315,70.58,61.86,60.91,,6.63,49.22,29.13,55.72,2.29,45.48,44.64,75.42,38.88,71.72,74.84,74.35,63.98,71.95,,61.49,61,172,55.5,small,,,21,169,150,20,2026-04-09 12:38:40.245436+00,
Sault Ste. Marie,MI,Michigan,United States,Midwest,2026,2671740,13337,46.4761686,-84.3705436,25,fdc9177d-971a-4369-b270-6ab73f153571,67.08,62.14,67.5,,81.74,68.58,31.29,,53.98,33.97,40.61,62.3,44.39,68.58,77.3,68.88,75.31,73.86,25.21,61.45,61,170,69.4,small,,,24,170,151,22,2026-05-08 21:53:54.412907+00,
San Francisco,CA,California,United States,Pacific,2026,667000,873766,37.7272391,-123.0322294,25,98bd27d8-91c7-4cf0-9cf7-0fef2fa26208,57.84,46.79,73.35,47.98,50.53,56.95,62.61,59.97,46.6,55.28,73.34,61.59,60.94,78.61,75.6,44.41,50.86,58.5,51.61,61.44,61,1790.1,614.4,large,,,21,171,5,1,2026-04-02 07:39:20.777234+00,
Pioche,NV,Nevada,United States,Mountain,2026,3257400,933,37.9312,-114.4573,25,5c94ba0d-8896-461e-9d3a-e6879a5b4c06,67.36,44.75,,,,44.75,,,,,61.08,,61.08,72.93,23.65,,,23.65,,61.41,61,45.1,17.7,small,,,3,172,152,3,2026-04-14 07:49:40.365039+00,
Hayward,WI,Wisconsin,United States,Midwest,2026,5533450,2533,46.0065875,-91.489684,25,d56145fd-eea3-417c-b42a-93e3c3b4409e,72.34,65.63,65.11,12.32,,58.74,33.7,,,17.03,47.06,,36.74,77.37,73.98,75.04,59.24,70.67,,61.13,61,67.1,10.2,small,,,22,173,153,21,2026-04-09 13:30:40.351955+00,
Valdez,AK,Alaska,United States,Pacific,2026,282200,3973,61.0836208,-146.317179,25,6831ba94-1000-4ad0-9f07-4f7cbb5c58d4,77.2,62.98,70.71,42.62,21.25,55.3,6.87,75.99,75.99,,75.99,75.99,60.63,45.38,66.99,42.09,,55.37,21.86,61.1,61,173.1,70.2,small,,,4,174,154,3,2026-03-30 21:45:41.445704+00,
Urbandale,IA,Iowa,United States,Midwest,2026,1979950,45580,41.6366565,-93.7798888,25,1bf99ada-924d-4225-b537-a58d4f27ca55,62.89,55.73,57.52,48.64,60.94,56.69,51.18,16.25,,31.84,47.97,68.48,46.64,66.81,77.51,77.6,44.95,69.4,,60.97,61,491,131.9,small,,,6,175,155,3,2026-04-08 21:18:40.995317+00,
Keene,NY,New York,United States,Mid-Atlantic,2026,3639067,1144,44.2512,-73.7823,20,039030c7-67d7-4469-9c29-b32082bd789c,68.95,68.95,78.38,,,73.67,,,,,48.99,46.65,48.11,54.03,64.55,86,,74.56,,60.93,61,50,206.8,small,,,4,176,156,2,2026-04-14 08:37:40.161516+00,
Lykens,PA,Pennsylvania,United States,Mid-Atlantic,2026,4245592,1873,40.5687,-76.7048,25,84a98b7e-598e-4f39-83c3-f32e8c68f330,83.48,84.18,,,,84.18,,,,,,,,68.77,30.46,,,30.46,,60.9,61,29,3.1,small,,,16,177,157,16,2026-04-14 09:08:40.390971+00,
Kearny,NJ,New Jersey,United States,Mid-Atlantic,2026,3436510,41999,40.7523319,-74.1230925,25,10426945-5b48-4fe8-b508-628e44a5507e,73.9,49.73,77.72,,,63.73,53.46,43.95,,63.23,13.11,,37.98,73.28,73.66,,30.32,56.99,,60.74,61,94.8,69.6,small,,,9,178,158,8,2026-04-10 08:20:39.787436+00,
Hewitt,NJ,New Jersey,United States,Mid-Atlantic,2026,3431110,1912,41.1761963,-74.3247885,25,1b2aa1e8-f178-4f6e-8cad-dd0777e3b104,79.89,76.82,,,,76.82,,,,,59.32,,59.32,41.3,19.66,,,19.66,,60.58,61,39,20.7,small,,,10,179,159,9,2026-04-10 08:35:40.591126+00,
Alameda,CA,California,United States,Pacific,2026,600562,78252,37.7419107,-122.2599139,25,4e602900-2484-464b-9dcf-716c56e54df9,63.85,56.13,70.46,67.46,,63.82,10.35,43.91,68.17,29.82,57.1,47.09,44.42,73.01,77.71,62.04,51.08,65.57,63.48,60.53,61,312.7,99.8,medium,,,22,180,16,3,2026-04-09 04:24:41.689428+00,
Spirit Lake,IA,Iowa,United States,Midwest,2026,1974415,5439,43.4247,-95.1019,25,aba6b619-d404-4b6b-abf2-4b9504527e97,58.45,57.31,35.39,59.82,,48.03,,32.26,57.9,20.32,55.12,51.98,48.02,73.41,70.75,98.45,,83.68,,60.42,60,93.9,31.9,small,,,7,181,160,4,2026-04-14 04:50:40.644673+00,
Grahn,KY,Kentucky,United States,South,2026,2191440,2818,38.2926,-83.1596,35,340d1b12-f3a3-47f0-9add-90b5974eeff1,74.46,48.26,,,,48.26,,,,,,,,29.14,50.4,,,50.4,,60.37,60,33.2,352.4,small,,,2,182,161,2,2026-04-14 05:53:40.67059+00,
Grover Beach,CA,California,United States,Pacific,2026,631393,12701,35.1208877,-120.6196642,25,e7804331-f1a1-4614-b760-8ffda9256a92,68.42,62.31,50.12,,,56.22,67.21,,,,66.65,,66.9,61.71,63.49,,,63.49,44.1,60.28,60,73.7,24.6,small,,,23,183,162,19,2026-04-09 05:28:40.419138+00,
New Paltz,NY,New York,United States,Mid-Atlantic,2026,3650551,7324,41.749942,-74.0797377,20,fa68f194-97a2-483b-a7e2-fa480a75ab6c,75.93,76.35,45.32,,92.23,67.81,,40.19,,54.99,,,47.59,77.11,71.94,74.73,35.39,63.78,32.84,60.25,60,33.1,8.5,small,,,5,184,163,3,2026-04-10 06:20:40.69483+00,
Beloit,WI,Wisconsin,United States,Midwest,2026,5506500,36657,42.5084,-89.0318,25,5b2c8d3f-7e3b-4f44-92ee-9c414b1e2230,63.91,61.16,65.44,,68.86,64.54,44.61,15.1,42.86,35.83,39.78,36.46,38,69.43,71.73,35.05,,54.61,69.58,60.19,60,300.8,116.5,small,,,23,185,164,22,2026-04-15 16:45:43.245585+00,
Rothschild,WI,Wisconsin,United States,Midwest,2026,5569725,5567,44.8887,-89.6198,25,12c7a7a9-54ab-40da-97e8-af148f0d160c,67.7,61.17,58.75,,,59.96,52.17,,,,14.17,,31.06,61,74.58,,,74.58,0,60.19,60,84.1,43.5,small,,,23,185,164,22,2026-04-15 16:34:43.462391+00,
Zeeland,MI,Michigan,United States,Midwest,2026,2689260,5719,42.8142439,-86.0142548,25,105e3856-840e-4815-9ebc-1d7a9a444bc0,65.9,53.67,45.26,,,49.47,,58.72,64.7,,,,62.71,62.78,66.15,,,66.15,,60.18,60,60,25.4,small,,,25,187,166,23,2026-04-10 04:04:40.838895+00,
Mifflinburg,PA,Pennsylvania,United States,Mid-Atlantic,2026,4249288,3485,40.91956,-77.0474244,25,756f0c0e-63a3-4b50-b50a-8dfde870c8d7,66.37,65.73,30.9,,,48.32,,,,51.58,51.58,,51.58,73.17,69.13,,,69.13,,59.94,60,38.3,10.1,small,,,17,188,167,17,2026-04-10 10:07:40.224813+00,
Larkspur,CA,California,United States,Pacific,2026,640438,13064,37.9405439,-122.5302295,25,4314f9d9-ba7a-4b7e-8993-843845d00cdd,68.37,65.24,49.03,56.36,,57.04,70.05,37.72,69.03,70.05,68.41,,65.52,63.51,68.31,,65.76,67.33,71.29,59.92,60,82.9,22.2,small,,,24,189,168,20,2026-04-09 06:56:40.785347+00,
Lopez Island,WA,Washington,United States,Pacific,2026,5391696,3156,48.482416,-122.8602389,25,46ecf169-fd50-4a32-a475-caab3be1ca7c,72.83,65.88,38.19,,,52.04,11.45,,,25.39,11.45,11.45,13.44,67.26,60.03,,38.57,51.78,77.94,59.76,60,295.3,96.8,small,,,4,190,169,3,2026-04-09 17:04:41.009963+00,
Iron Mountain,MI,Michigan,United States,Midwest,2026,2640960,7518,45.8268878,-88.0594354,25,f2bc7a48-12e6-48ae-ac0c-67da6b54933b,72.58,48.56,71.36,,,59.96,50.43,,37.98,3.74,5.71,56.6,31.08,68.66,77.53,,,77.53,,59.73,60,182.5,27.4,small,,,26,191,170,24,2026-04-10 03:43:40.02457+00,
Caliente,NV,Nevada,United States,Mountain,2026,3208500,990,37.6187,-114.5123,25,82a18bdc-f41e-4375-ac04-942d106f743e,69.93,74.3,32.62,,,53.46,77.89,,77.89,,9.8,,51.7,68.58,52.77,100,,74.81,,59.68,60,91.3,27.8,small,,,4,192,171,4,2026-04-14 07:41:40.64704+00,
Irwindale,CA,California,United States,Pacific,2026,636826,1472,34.1067,-117.9281,25,6498e489-624d-476a-bd2c-cc29ee8d5964,78.09,54.6,81.17,,,67.89,90.46,,8.65,,,,49.56,57.74,45.79,5.64,,27.05,0,59.63,60,59.2,59.8,small,,,25,193,172,21,2026-04-10 21:38:40.006801+00,
Carmel-by-the-Sea,CA,California,United States,Pacific,2026,611250,3220,36.5528806,-121.9219185,25,04a1b561-f91a-49d0-941c-d8ed27ae50db,78.89,73.56,37.56,,,55.56,,,,1.8,50.94,,36.9,61.53,74.11,,,74.11,,59.61,60,45.9,11.8,small,,,26,194,173,22,2026-05-08 21:53:41.393816+00,
Orange Beach,AL,Alabama,United States,South,2026,157144,8095,30.2939866,-87.5953711,25,4e25058f-2a4a-4b13-9d71-b2b105580462,73.22,64.12,45.63,,100,64.9,40.33,28.11,,22.35,34.94,,33.61,73.87,59.85,21.97,56.36,45.72,,59.56,60,150.9,49.2,small,,,2,195,174,2,2026-04-06 23:27:40.773261+00,
Smithfield,VA,Virginia,United States,South,2026,5173200,8533,36.972412,-76.6141545,25,ceaa40ea-b2a8-4437-ac94-bd931f99c352,74.12,52.49,9.47,13.99,,28.86,72.36,54.16,,15.11,47.98,65.85,54.09,79.9,71.01,,11.82,48.24,,59.4,59,117.8,31.8,small,,,4,196,175,4,2026-04-10 11:29:40.462963+00,
Ashland,OR,Oregon,United States,Pacific,2026,4103050,21360,42.1922159,-122.6982503,25,6461e611-e85a-448a-a930-a3f0e907f9be,62.55,58.78,40.52,,76.31,55.57,47.19,,42.5,40.99,54.21,33.14,45.07,72.51,73.03,,62.19,68.86,,59.27,59,210.5,28.8,small,,,1,197,176,1,2026-04-08 01:07:40.491715+00,
Shoreview,MN,Minnesota,United States,Midwest,2026,2759998,26921,45.0829893,-93.140492,30,7933c70b-92b0-45ea-85b7-f5773c63df77,62.94,63.09,50.1,,,56.6,76.74,,54.37,,65.14,57.2,63.86,47.96,63.1,73.85,,68.12,,59.23,59,109.7,243.2,small,,,4,198,177,3,2026-04-10 14:16:40.815135+00,
Hales Corners,WI,Wisconsin,United States,Midwest,2026,5532075,7720,42.9412314,-88.0494996,25,e0b6d30a-aeb3-4272-8f43-6278b376a320,69.59,62.1,55.6,,,58.85,,58.49,,44.9,48.53,6.27,39.02,64.35,68.54,,,68.54,,59.15,59,75.5,17,small,,,25,199,178,24,2026-04-09 12:41:40.136062+00,
Rehoboth Beach,DE,Delaware,United States,Mid-Atlantic,2026,1060290,1108,38.7174459,-75.0806111,25,acc97119-9c88-40cd-97d6-0b3392206a8b,64.99,66.47,56.23,,,61.35,,,,,,,,70.88,73.2,,33.75,58.03,39.71,59.14,59,44.4,7.2,small,,,1,200,179,1,2026-04-07 03:08:39.9234+00,
Hillman,MI,Michigan,United States,Midwest,2026,2638400,2009,45.0715551,-84.0036633,25,a8e33869-44a9-4e12-a9ed-8bd36f1b0807,63.8,54.56,15.87,,,35.22,14.81,14.81,,14.81,48.49,,27.76,52.73,61.31,,16.06,43.91,,59.09,59,209.1,64.5,small,,,27,201,180,25,2026-04-10 03:07:40.633492+00,
Maple Grove,MN,Minnesota,United States,Midwest,2026,2740166,70253,45.1127644,-93.462975,30,25a0b8cd-6fe5-40f2-adf1-1e2146622307,60.26,60.07,46.55,,,53.31,55.36,55.87,59.17,58.29,63.87,64.61,59.98,56.9,71.69,78.82,69.12,73.54,64.34,59.09,59,407,690.5,medium,,,5,201,17,1,2026-04-10 14:49:44.337807+00,
Marquette,MI,Michigan,United States,Midwest,2026,2651900,20615,46.5506978,-87.3958333,25,10c92a4a-a7c9-44ef-b2cd-0e6dc49f2230,57.87,57.68,52.26,,90.77,62.93,56.44,45.67,61.29,52.91,62.03,25.16,52.69,73.46,69.78,84.11,,76.47,34.61,59.06,59,315.9,78.6,small,,,28,203,181,26,2026-04-10 03:30:44.861146+00,
Wisconsin Rapids,WI,Wisconsin,United States,Midwest,2026,5588200,18877,44.3929232,-89.8267493,25,6c05e9e5-2652-45c9-b627-3233eed72ec3,64.08,53.11,59.93,45.58,,55.15,38.31,33.85,34.6,24.2,58.44,40.19,41.03,75.93,63.65,62.3,,63.02,,58.92,59,305.3,75.5,small,,,26,204,182,25,2026-04-09 14:02:41.382326+00,
Hartford,WI,Wisconsin,United States,Midwest,2026,5533000,15626,43.3237,-88.3798,25,bad289ce-a33c-4372-b8d0-6aae9d7829ba,69.11,58.65,36.89,,,47.77,48.78,37.43,54.38,31.02,44.5,63.5,48.13,68.36,69.27,,,69.27,,58.87,59,179.2,33.3,small,,,27,205,183,26,2026-04-15 16:31:41.168977+00,
Linwood,NJ,New Jersey,United States,Mid-Atlantic,2026,3440530,6971,39.3437182,-74.5710495,25,06911be7-c2fb-47fa-9daa-76e8ec908b39,69.63,59.33,67.12,,,63.23,54.85,40.98,,,,,50.23,41.33,70.61,,,70.61,,58.83,59,85.9,12.9,small,,,11,206,184,10,2026-04-10 07:56:40.427535+00,
Clive,IA,Iowa,United States,Midwest,2026,1914520,18601,41.6132426,-93.7978713,25,6eb39475-8168-4713-9809-f9df68c76d25,68.35,58.49,41.15,,,49.82,43.3,34.2,38.22,35.93,34.34,39.72,37.86,65.27,74.06,92.63,34.93,70.78,,58.74,59,192.6,34.9,small,,,8,207,185,5,2026-04-08 20:52:40.964706+00,
Ocean City,NJ,New Jersey,United States,Mid-Atlantic,2026,3454360,11229,39.2695228,-74.5997966,25,57c8c178-79b8-4bb3-886b-adeb90b348b9,62.5,59.11,56.73,,,57.92,45.65,38.77,,29.53,60.16,52.95,48.68,62.78,64.97,,63.18,64.28,60.46,58.71,59,135,65.3,small,,,12,208,186,11,2026-04-10 08:10:40.16668+00,
Chelsea,MI,Michigan,United States,Midwest,2026,2615020,5467,42.3113924,-84.019416,25,d2e51bd2-436d-4d74-bfd2-5d217bd97588,64.97,51.03,54.2,,,52.62,57.24,,66.29,33.03,,66.35,58.4,62.49,56.42,,,56.42,,58.57,59,63.8,19.1,small,,,29,209,187,27,2026-04-10 02:45:44.413314+00,
Kewaskum,WI,Wisconsin,United States,Midwest,2026,5539325,1118,43.5237,-88.2348,25,8d153530-4a2c-4870-9717-e5e135ca6ee2,80.99,59.25,,,,59.25,,,,,,,,32.8,19.68,,,19.68,,58.54,59,88.9,28.5,small,,,28,210,188,27,2026-04-15 16:18:40.806037+00,
Confluence,PA,Pennsylvania,United States,Mid-Atlantic,2026,4215680,722,39.8099036,-79.3559046,25,ab349e21-fead-48fc-b012-99f163ccd9ea,75.17,77.38,,,,77.38,,,,60.53,60.53,,60.53,39.11,,,,,,58.5,59,21.3,5.5,small,,,18,211,189,18,2026-04-10 09:25:39.94084+00,
Hooksett,NH,New Hampshire,United States,New England,2026,3337220,5283,43.0935467,-71.4570956,30,99850467-c5cd-4e54-a31c-ac80bc96aaf1,58.36,55.16,43.66,,,49.41,95.27,54.7,,,,95.27,86.25,69.63,51.41,,,51.41,,58.46,58,17.7,65.5,small,,,1,212,190,1,2026-04-14 08:40:40.039129+00,
Winooski,VT,Vermont,United States,New England,2026,5085150,7997,44.495587,-73.1848573,25,9c3265dd-53ee-4a58-b7da-5588bb9e0be1,61.64,65.42,61.42,27.72,,58.96,,,,13.57,,54.07,37.87,76.61,69.51,,54.96,63.91,,58.46,58,40.1,10.2,small,,,1,212,190,1,2026-04-07 00:07:40.374033+00,
Richmond,ME,Maine,United States,New England,2026,2362645,3522,44.0923,-69.8023,25,fe91452e-4ef3-4cb5-b7f0-4899e9f00aac,73.09,66.14,38.83,,,52.49,47.12,,,,,,47.12,48.87,47.63,54.85,,51,,58.38,58,146.3,63.9,small,,,5,214,192,5,2026-04-14 06:40:40.261966+00,
Aurora,IL,Illinois,United States,Midwest,2026,1703012,180553,41.763455,-88.290099,25,80268f79-5b1c-4bec-bddb-30de4671314d,66.19,53.34,65.05,7.32,42.43,50.65,41.02,42.26,32.49,30.99,42.19,51.46,40.29,70.84,76.28,55.65,32.52,58.12,55.2,58.35,58,1192.2,261.8,medium,,,2,215,18,1,2026-04-09 01:29:46.48997+00,
Cedar Springs,MI,Michigan,United States,Midwest,2026,2614200,3627,43.2204237,-85.5543668,25,d6c035d2-b238-4ff1-b956-ccf3ec3105f9,78.64,72.7,42.55,,,57.63,21.77,0,,,0,49.45,16.82,76.19,76.84,,,76.84,,58.34,58,37.6,9.2,small,,,30,216,193,28,2026-04-10 03:11:40.219348+00,
Drexel Hill,PA,Pennsylvania,United States,Mid-Atlantic,2026,4219920,29181,39.9494981,-75.3038759,25,a7033e5a-b15e-42c2-ae68-07baef0db6b3,64.31,57.14,60.09,,,58.62,,28.86,,30.89,58.44,,45.74,65.66,64.49,,,64.49,,58.33,58,117.9,17.6,small,,,19,217,194,19,2026-04-10 09:43:40.16496+00,
Groton,MA,Massachusetts,United States,New England,2026,2527445,1353,42.6116355,-71.5647433,25,1b15b69a-df5a-4a50-91ce-0e9783774f5f,64.33,65.83,52.58,,,59.21,,47.85,,,,,47.85,64.73,63.39,,50.84,58.56,,58.3,58,5.4,20.9,small,,,2,218,195,2,2026-04-10 22:38:40.328399+00,
Coeur D'Alene,ID,Idaho,United States,Mountain,2026,1616750,54644,47.7028866,-116.7957993,25,6e43ca12-dc98-4182-8416-46bc01b58f7e,62.64,49.63,61.58,13.08,14.82,43.2,38.38,40.45,6.64,6.02,58.27,67.91,38.41,74.65,72.32,50.94,42.17,57.3,38.98,58.28,58,528.3,128.6,medium,,,3,219,19,1,2026-05-08 21:53:49.956053+00,
Mount Prospect,IL,Illinois,United States,Midwest,2026,1751089,56854,42.0642021,-87.9373643,30,f537ba39-4bb9-4d9f-99e7-02dee918aa6e,62.77,57.24,59.96,,57.95,58.46,27.66,40.78,,33.14,49.4,,38.88,73.11,70.16,68.58,12.44,55.18,49.52,58.26,58,328.7,65.6,medium,,,3,220,20,2,2026-04-08 22:58:40.82663+00,
Grand Ledge,MI,Michigan,United States,Midwest,2026,2633420,7784,42.7529274,-84.7449012,25,84a95eec-93ef-4862-a09a-1338fa13cc9e,62.94,60.74,60.69,,,60.72,27.7,21.95,,6.01,61.07,5.12,30.46,73.36,74.5,,,74.5,,58.26,58,92.1,12.6,small,,,31,220,196,29,2026-04-10 03:28:40.009038+00,
Quincy,CA,California,United States,Pacific,2026,659080,1630,39.931017,-120.9548861,25,641452bd-1e2f-4a1e-bf34-d4caac1389a7,70.86,62.43,65.65,,,64.04,,23.04,20.25,50.28,62.82,,41.67,75.76,28.29,,62.82,41.57,,58.08,58,22,4.5,small,,,27,222,197,23,2026-04-09 06:57:39.955533+00,
Salida,CO,Colorado,United States,Mountain,2026,867280,5673,38.5299086,-105.9980177,25,c016cca9-4bc4-4629-9a8f-aab57d7dbfdb,70.36,68.04,74.57,,,71.31,,,5.16,71.41,69.25,,46.34,57.67,42.75,,,42.75,,57.98,58,85.8,25.3,small,,,7,223,198,6,2026-04-09 01:02:40.909622+00,
Exeter,WI,Wisconsin,United States,Midwest,2026,5524725,2156,42.8137,-89.6048,25,5903d998-0eea-4a23-a0e7-3050217c291e,69.38,60.6,,,,60.6,,,,,,,,42.46,60.13,38.17,,49.88,,57.93,58,90.8,61.3,small,,,29,224,199,28,2026-04-15 16:28:40.733774+00,
Pine Mountain,GA,Georgia,United States,South,2026,1361124,1216,32.8520048,-84.8516308,30,e9d2ed2e-efd2-470c-9d61-78c8d4a4d6ef,65.08,63.93,40.28,,,52.11,38.55,,,70.75,45.26,71.22,52.55,61.77,45.52,43.85,41.45,43.92,,57.9,58,58.7,18.1,small,,,2,225,200,2,2026-04-09 22:50:40.740349+00,
Sandusky,MI,Michigan,United States,Midwest,2026,2671540,2709,43.4212,-82.8298,25,d92a161d-4363-44a6-b090-1d7b9461a9d2,74.84,72.37,29.44,,,50.91,,,60.28,63.05,31.37,51.61,48.49,71.44,49.02,,,49.02,,57.84,58,47,5.3,small,,,32,226,201,30,2026-04-14 07:14:40.749389+00,
Brighton,MI,Michigan,United States,Midwest,2026,2610620,7446,42.5297049,-83.7845453,25,f3ec7371-7ea1-4fb2-bb33-7f5287eb6c48,73.82,62.21,28.63,,,45.42,49.53,,,40.7,64.88,64.28,56.91,73.1,28.47,,58.67,40.09,,57.74,58,83.8,19.9,small,,,33,227,202,31,2026-04-10 02:51:40.493045+00,
Garden City,UT,Utah,United States,Mountain,2026,4927930,602,41.9387,-111.3998,25,99609dc9-cf7a-411d-95aa-deb0c37a5e2f,73.28,72.45,,,,72.45,36.64,,,,32.97,,34.6,54.94,58.31,84.38,,70.48,,57.73,58,71.9,18.9,small,,,6,228,203,6,2026-04-11 02:22:40.3497+00,
Newaygo,MI,Michigan,United States,Midwest,2026,2657080,2471,43.4212,-85.8003,25,68330ac9-754d-489c-92ac-d582e4fd7f18,57.51,57.17,50.26,,,53.72,53.54,,,,60.61,,57.47,64.98,59.06,,,59.06,,57.6,58,35.3,16.2,small,,,34,229,204,32,2026-04-14 08:26:40.093596+00,
Chippewa Falls,WI,Wisconsin,United States,Midwest,2026,5514575,14731,44.934653,-91.389165,25,0ef41b0d-517e-4331-bf81-8fae2e9ee1c0,66.33,58.31,65.31,14.45,,55.89,31.45,8.09,13.48,34.7,49.53,22.94,29.09,62.08,67.11,81.6,,73.87,,57.57,58,210.9,63.8,small,,,30,230,205,29,2026-04-09 12:05:40.791999+00,
Beaver Dam,WI,Wisconsin,United States,Midwest,2026,5505900,16708,43.4681047,-88.8308995,25,53e2b1ab-1fba-416f-8ba2-889c6e136d0b,54.75,55.04,68.42,39.81,,58.99,39.03,44.03,36.29,34.43,63.57,44.2,45.43,73.59,70.43,,33.42,56.2,,57.49,57,134,31.8,small,,,31,231,206,30,2026-04-09 11:59:39.97679+00,
Eden Prairie,MN,Minnesota,United States,Midwest,2026,2718116,64190,44.8495954,-93.4587213,30,b5939f82-c0ee-4125-88d7-3f3c0cbc1088,62.35,54.31,55.71,58.3,,55.42,47.5,44.47,52.33,51.2,54.26,41.24,49.28,60.32,72.11,85.11,47.76,70.57,40.01,57.46,57,340.4,623,medium,,,6,232,21,2,2026-04-10 13:56:41.55765+00,
Beaver,PA,Pennsylvania,United States,Mid-Atlantic,2026,4204688,4438,40.6935378,-80.3075823,25,0b52795b-9651-4a75-a98b-61ffef3b3fb5,74.28,65.78,36.71,,,51.25,,57.55,,65.68,47.14,,53.57,35.21,76.14,,,76.14,,57.42,57,33.2,7,small,,,20,233,207,20,2026-04-10 08:57:40.240623+00,
Tolland,CT,Connecticut,United States,New England,2026,976290,14563,41.8830194,-72.3588694,25,175bfd16-f134-449b-8a0b-8e90fec7455a,70.85,55.84,38.2,,,47.02,,,,,26.89,,26.89,37.99,80.2,,17.75,56.18,,57.39,57,293.5,84.4,small,,,2,234,208,2,2026-04-07 03:23:40.181681+00,
West Bend,WI,Wisconsin,United States,Midwest,2026,5585350,31752,43.4174925,-88.1816855,25,e5c9e64e-a044-490e-9943-b1b7c0676554,61.66,53.95,57.66,10.06,,50.09,43.95,38.52,,40.64,41.36,43.61,41.98,66.48,69.44,74.31,,71.71,,57.29,57,275.1,83.4,small,,,32,235,209,31,2026-04-09 13:17:41.006243+00,
Milwaukee,WI,Wisconsin,United States,Midwest,2026,5553000,577222,43.0633484,-87.9666952,25,2e6a7328-57ab-40e9-afbe-de5e2323a7b3,57.13,45.58,67.68,18.09,39.6,49.37,50.89,43.06,50.72,43.1,58.42,64.29,53.19,73.73,72.9,55.08,48.8,60.64,2.49,57.24,57,2706,1038.3,large,,,33,236,6,1,2026-04-08 18:43:50.702084+00,
Wisconsin Dells,WI,Wisconsin,United States,Midwest,2026,5588150,2942,43.6383649,-89.7757605,25,42880217-9d60-47e7-a420-7f95d54a967a,66.83,52.5,46.64,,,49.57,,65.02,13.37,5.51,58.15,,37.33,72.33,70.75,,,70.75,52.45,57.21,57,87.6,25,small,,,34,237,210,32,2026-04-09 12:07:40.797244+00,
Mill Valley,CA,California,United States,Pacific,2026,647710,14231,37.9081217,-122.5423253,25,8a3139a6-3b77-4d0a-8efd-bd8cfec6215d,64.57,52.75,56.96,,,54.86,,,,15.05,56.66,26.65,39.34,62.96,78.7,0,48.67,67.15,,57.15,57,135.5,13.9,small,,,28,238,211,24,2026-05-28 02:54:06.696008+00,
Fairhope,AL,Alabama,United States,South,2026,125240,22495,30.52092,-87.879122,25,d9ceeb49-f9ef-475d-9e02-85222719b6d4,68.62,58.7,70.36,74.41,,65.77,79.07,14.16,62.46,55.45,51.52,22.04,51.45,69.97,49.97,,,49.97,,57.12,57,325,45.6,small,,,3,239,212,3,2026-04-06 23:33:40.944379+00,
St. Louis Park,MN,Minnesota,United States,Midwest,2026,2757220,50010,44.9486807,-93.3650354,20,ec75b6b6-7b0c-4243-8c99-909f90ea7911,56.83,54.04,49.96,,,52,45.09,54.27,47.97,36.77,50.27,58.56,49.07,74.79,76.66,74.93,20.56,62.03,42.31,57.1,57,335.8,116.8,medium,,,7,240,22,3,2026-05-08 21:53:55.30512+00,
Fond du Lac,WI,Wisconsin,United States,Midwest,2026,5526275,44678,43.7721819,-88.4402643,25,79a1f8da-d49a-4b28-9827-15ae659bcc4c,69.65,57.04,70.9,53.91,63.06,62.78,51.62,1.91,62.61,34.59,27.23,59.38,42.21,71.87,74.57,11.19,50.1,46.27,50.35,57.08,57,397.1,108.3,small,,,35,241,213,33,2026-05-08 21:54:06.574406+00,
Citrus,CA,California,United States,Pacific,2026,613560,10243,34.1136,-117.8897,25,1fbf9009-d45e-4b34-8db9-b46e52e0648f,74.84,65.18,72.66,,,68.92,,,,,,,,46.06,7.35,,,7.35,,57.04,57,34.4,6.9,small,,,29,242,214,25,2026-04-10 21:02:40.433182+00,
Petersburg,AK,Alaska,United States,Pacific,2026,260310,3031,56.7569178,-132.8749383,25,035cba0c-44e3-4d8e-90db-665cf68fa887,73.59,56.72,60.84,,,58.78,,,63.85,4.42,49.68,63.05,50.13,64.51,59.69,,,59.69,32.58,57.03,57,64.5,26.1,small,,,5,243,215,4,2026-03-30 21:43:40.852929+00,
El Segundo,CA,California,United States,Pacific,2026,622412,17272,33.9192,-118.4165,25,93cd6b1b-9370-4e21-8539-f7d7f797f830,86.49,44.83,79.44,,,62.14,0.19,55.66,,61.37,0.89,,18.41,81.31,85.58,,79.39,83.2,0.31,57.03,57,77.1,49,small,,,30,243,215,26,2026-04-10 21:05:40.625658+00,
Aberdeen,SD,South Dakota,United States,Midwest,2026,4600100,28495,45.4646777,-98.468104,25,64c52c69-6a57-48c9-98e6-f0137138bf45,67.22,46.71,68.62,,75.92,61.72,10.48,40.75,17.6,24.55,24.84,52.49,26.23,74.83,76.35,95.42,,85.25,13.62,56.97,57,304.6,107.4,small,,,1,245,217,1,2026-03-31 22:42:40.89683+00,
Trappe,PA,Pennsylvania,United States,Mid-Atlantic,2026,4277304,4002,40.199095,-75.4753786,25,faa7157d-a1be-4d1c-8b6b-79525b8036fe,66.52,68.82,28.65,,,48.74,,,,,,,,59.64,55.46,,,55.46,,56.94,57,27.9,10.2,small,,,21,246,218,21,2026-04-10 10:52:39.952412+00,
North Haverhill,NH,New Hampshire,United States,New England,2026,3354740,843,44.0944926,-72.0223309,30,53dd17b3-e5fa-4233-aed5-f21b11057503,64.96,62.87,16.85,,,39.86,,,,,,60.41,60.41,63.96,60.41,,,60.41,,56.88,57,7.2,27.4,small,,,2,247,219,2,2026-04-14 07:30:40.377696+00,
Escalante,UT,Utah,United States,Mountain,2026,4923750,786,37.7687,-111.6098,25,dd6b6575-f134-489c-92db-bd94c614d254,74.73,82.4,11.44,,,46.92,10.65,,,,79.59,,48.95,87.51,31.74,,,31.74,,56.87,57,36.5,5.1,small,,,7,248,220,7,2026-04-11 00:38:40.404+00,
Gonzales,CA,California,United States,Pacific,2026,630392,8647,36.5052,-121.4441,25,6dd1fb94-98e0-4604-86fd-3cd739f3c893,69.26,60.41,46.79,,,53.6,48.67,55.85,,,68.71,,59.08,50.4,48.99,,60.57,53.44,,56.82,57,37.5,13.3,small,,,31,249,221,27,2026-04-10 21:16:40.372745+00,
Helena,MT,Montana,United States,Mountain,2026,3035600,32108,46.5965556,-112.0217649,25,1239488c-c9eb-4957-9202-9e490f9cbaf5,65.22,54.39,64.37,48.31,,58,54.94,54.67,69.59,33.2,53.6,65.25,56.88,72.14,74.26,76.55,8.01,58.5,7.64,56.79,57,493.6,110.5,small,,,6,250,222,6,2026-04-14 08:05:41.576972+00,
Buckfield,ME,Maine,United States,New England,2026,2308710,1983,44.2605742,-70.3671286,25,55648d5e-1647-4e70-ba64-33dc46f743ca,78.44,58.57,31.13,,,44.85,,,,,,,,36.11,40.91,,,40.91,,56.65,57,108.2,33.1,small,,,6,251,223,6,2026-04-14 05:48:40.661384+00,
Hapeville,GA,Georgia,United States,South,2026,1336472,6553,33.6608651,-84.4094129,25,94c3107d-d8fd-4699-a68e-9fec89815eba,63.8,45.29,61.45,,,53.37,,,,,,,,77.04,33.06,,,33.06,,56.55,57,55,23.8,small,,,3,252,224,3,2026-04-09 22:05:40.846294+00,
Mazomanie,WI,Wisconsin,United States,Midwest,2026,5550225,1768,43.1724504,-89.7953082,25,b4e55499-93a6-41a8-90b0-0c5a8b5d5d9a,69.87,51.61,40.55,,,46.08,,,,,,,,51.57,62.15,,,62.15,,56.55,57,28,9.1,small,,,36,252,224,34,2026-04-09 12:46:40.329035+00,
Rutland,VT,Vermont,United States,New England,2026,5061225,15807,43.6096702,-72.9777884,25,0121aab9-75d2-4055-97c9-71a33b2248de,60.63,50.52,67.13,,4.72,46.8,46.6,,15.88,35.54,67.25,59.98,46.51,72.73,65.23,,32.81,52.76,55.11,56.42,56,169,33.2,small,,,2,254,226,2,2026-04-07 00:09:40.430917+00,
Bloomington,IN,Indiana,United States,Midwest,2026,1805860,79168,39.1637003,-86.5242642,25,4233d254-cd3f-431e-a0b4-e0c17f8fec47,56.6,51.49,57.98,,77.82,59.87,49.62,44.5,33.21,36.8,55.2,44.21,45.13,68.71,70.3,71.57,36.05,62.18,37.9,56.38,56,601.6,167.3,medium,,,3,255,23,2,2026-04-09 04:38:42.477676+00,
Montrose,CO,Colorado,United States,Mountain,2026,851745,20296,38.4688934,-107.8589834,25,51330078-fb1c-490c-9912-67cbda16c93a,59.94,53.91,46.22,60.52,64.56,54.01,46.4,53.58,39.45,20.64,58.23,62.13,48.47,62.42,60.67,54.35,50.78,55.99,59.95,56.32,56,349.1,86.8,small,,,8,256,227,7,2026-04-09 01:10:40.64979+00,
Grand Haven,MI,Michigan,United States,Midwest,2026,2633340,11011,43.054969,-86.2193493,25,53d54ccc-3717-4837-aeb4-537a44b2323e,67.17,61.39,64.81,8.12,,56.23,,,49.52,49.62,38.22,10.33,37.1,74.15,76.84,17.89,,49.33,,56.28,56,133.1,37.3,small,,,35,257,228,33,2026-04-10 03:23:40.781629+00,
Seaside,CA,California,United States,Pacific,2026,670742,32366,36.6250576,-121.8178044,25,694621a1-50f4-401c-a843-ffc93128852d,68.07,62.83,66.27,,,64.55,21.09,29.45,,3.66,56.78,69.81,40.24,67.39,76.75,0.78,42.12,41.5,,56.27,56,188.3,60.7,small,,,32,258,229,28,2026-04-09 07:43:40.735318+00,
Healdsburg,CA,California,United States,Pacific,2026,633056,11340,38.6225262,-122.8651327,25,59654703-31ae-43ca-aa5e-0ae238866b96,63.44,56.56,54.83,,,55.7,42.45,,39.75,34,40.41,22.61,37.04,71.08,73.12,,46.4,62.84,,56.26,56,87,37.4,small,,,33,259,230,29,2026-04-09 06:13:40.168704+00,
Big Rapids,MI,Michigan,United States,Midwest,2026,2608300,7727,43.6996711,-85.4812497,25,d2abb107-5218-412b-9a21-4a8b71ea1489,61.17,46.66,56.9,,69.8,55.78,21.69,,58.67,54.47,33.24,2.96,33.64,61.25,75.14,77.51,,76.25,,56.24,56,100.9,18.2,small,,,36,260,231,34,2026-04-10 03:03:40.572126+00,
St. Paul,MN,Minnesota,United States,Midwest,2026,2758000,311527,44.948901,-93.1040631,20,7017a65f-b64c-4dc3-a802-d0c67d921fc1,58.18,47.63,62.12,41.39,47.14,51.98,41.8,36.66,18.68,38.26,54.41,60.14,42.21,74.52,76.85,66.45,39.17,63.79,33.41,56.22,56,1683.5,607,large,,,8,261,7,2,2026-05-08 21:53:55.675006+00,
Aptos,CA,California,United States,Pacific,2026,602378,6664,36.99115,-121.8934565,25,92f50425-354b-4784-ae45-fda048bd724f,62.39,52.49,44.32,45.09,,47.99,26.58,,27.11,25.03,61.7,,38.22,66.1,73.79,,,73.79,,56.17,56,87.2,36.5,small,,,34,262,232,30,2026-04-09 04:58:40.014459+00,
Marinette,WI,Wisconsin,United States,Midwest,2026,5549300,11119,45.0867943,-87.6324432,25,09e8c57f-4599-4bcb-a144-b82030be8af9,63.47,53.09,65.52,32.54,62.75,57.32,42.05,56.69,13.97,8.61,42.2,55.87,36.66,71.72,67.64,,32.08,53.96,,56.1,56,126.8,42.2,small,,,37,263,233,35,2026-04-09 12:01:40.587209+00,
Scottsboro,AL,Alabama,United States,South,2026,168736,15578,34.672,-86.0341,25,358b45f7-b4c4-4a4e-a69e-74fdc3133a0b,67.21,54.12,42.21,,,48.17,31.28,,68.07,42,52.5,65.42,52.23,66.43,46.23,,,46.23,,56.09,56,366.6,111.6,small,,,4,264,234,4,2026-04-14 03:23:39.874803+00,
St. Helena,CA,California,United States,Pacific,2026,664140,5430,38.5128061,-122.4680762,25,56c63dcb-15e3-4442-b5a8-5b293377dc07,69.53,61.93,56.61,4.8,,52.46,,,,,59.35,,59.35,59.68,54.34,,,54.34,40.59,56.07,56,60.7,12.5,small,,,35,265,235,31,2026-05-08 21:53:43.924817+00,
Lincolnville,ME,Maine,United States,New England,2026,2339755,2312,44.2923,-69.0423,25,5cc7cb61-94d9-4327-ae40-93bd85d22309,74.55,74.29,21.05,,,47.67,,,,,,,,39.53,50.93,,,50.93,,56.07,56,149,44.2,small,,,7,265,235,7,2026-04-14 05:46:40.463533+00,
Juneau,AK,Alaska,United States,Pacific,2026,236400,32245,58.3729099,-134.1784454,25,c6ffc0b1-3aa0-4c5d-b519-53740142d49d,65.37,55.46,50.01,,54.38,53.1,42.31,8.65,24.91,53.82,61.67,26.97,39.15,53.93,54.48,70.05,,61.75,21.02,55.91,56,550.9,210.7,small,,,6,267,237,5,2026-03-30 21:40:02.6865+00,
Hoffman Estates,IL,Illinois,United States,Midwest,2026,1735411,52530,42.064336,-88.1446295,25,0f5feefa-ba06-40ef-9d73-714d1d23bbb4,61.61,50.99,53.74,,0,40.73,43.82,24.71,15.14,23.92,52.54,16.3,32.24,60.23,76.74,48.63,19.73,52.65,25.13,55.86,56,394.1,110.5,medium,,,4,268,24,3,2026-04-08 22:17:42.666453+00,
Woodbury,MN,Minnesota,United States,Midwest,2026,2771428,75102,44.9062835,-92.9237025,30,a76e9421-5131-4fed-8f6e-66272f0e5b32,51.68,54.74,52.51,,,53.63,58.36,43.66,64.56,46.62,53.07,53.16,54.85,59.44,73.74,81.4,47.96,69.98,,55.77,56,387.7,681.9,medium,,,9,269,25,4,2026-04-10 15:23:52.084907+00,
Traverse City,MI,Michigan,United States,Midwest,2026,2680340,15678,44.754309,-85.6030111,25,58bead58-4093-4f10-ad5a-4bf206095803,57,45.07,62.58,,44.05,51.65,57.19,35.46,45.6,24.66,53.42,47.03,46.98,71.08,76.94,54.61,24.98,56.13,52.59,55.75,56,174.1,60.1,small,,,37,270,238,35,2026-04-10 04:13:40.780917+00,
Stevens Point,WI,Wisconsin,United States,Midwest,2026,5577200,25681,44.5252997,-89.5503769,25,b3bc8811-93b6-485c-bf21-af6eb3d82cc9,62.28,50.55,63.32,41.27,75.59,59.1,45.44,41.6,53.03,42.72,45.61,61.9,48.81,69.41,76.52,27.01,33.26,48.38,32.53,55.69,56,334,96.5,small,,,38,271,239,36,2026-04-09 13:57:42.549747+00,
Hartland,WI,Wisconsin,United States,Midwest,2026,5533100,9501,43.1023516,-88.335595,25,b11d7f96-2cab-4979-9457-258f86ff11e9,59.41,57.09,42.59,,,49.84,12.02,,,40.8,62.65,,40.27,59.12,68.03,,,68.03,,55.54,56,117.2,28.7,small,,,39,272,240,37,2026-04-09 12:30:40.541979+00,
Bridgewater,VA,Virginia,United States,South,2026,5109656,6596,38.3884912,-78.9644518,25,5c7f62c3-3254-43f9-adb9-f051fcfd78cb,65.19,46.96,29.34,80.06,,43.39,,,,,,39.04,39.04,63.29,75.94,,,75.94,,55.47,55,51.6,13.3,small,,,5,273,241,5,2026-04-10 11:19:40.173958+00,
Fryeburg,ME,Maine,United States,New England,2026,2326875,1444,44.0201096,-70.9719979,25,f58c9016-5b5f-4d16-aa09-7151609a477a,65.06,54.9,41.39,,,48.15,,49.27,,35.01,,,42.14,59.63,69.05,,,69.05,,55.4,55,27,10.9,small,,,8,274,242,8,2026-04-14 06:25:40.166935+00,
Bloomsburg,PA,Pennsylvania,United States,Mid-Atlantic,2026,4207128,12711,41.0027172,-76.4565798,25,5c92fec2-3463-4004-90e2-9aa8e20e9298,59.61,57.36,32.73,,74.69,51.63,36.3,16.94,32.76,60.61,59.47,32.24,41.27,67.67,45.77,,,45.77,86.77,55.29,55,74,17.6,small,,,22,275,243,22,2026-04-10 09:10:40.033414+00,
Dalworthington Gardens,TX,Texas,United States,South,2026,4819084,2293,32.6862622,-97.155115,30,c68b0ce6-7a0d-4f91-96de-765d52cde4ea,73.93,51.94,19.41,,,35.68,,,,,,,,33.02,62.63,,,62.63,,55.28,55,0.7,36.1,small,,,3,276,244,2,2026-04-09 10:37:40.634697+00,
Portland,OR,Oregon,United States,Pacific,2026,4159000,652241,45.5369506,-122.649971,20,2bf8d479-1212-454d-9c70-135c5441eb07,56.86,46.95,66.46,40.46,44.79,52.7,54.37,54.88,34.15,44.8,62.11,65.58,53.04,73.5,73.17,48.25,45.82,57.61,30.66,55.27,55,3651,1184.1,large,,,2,277,8,1,2026-04-02 11:15:26.733498+00,
Mundelein,IL,Illinois,United States,Midwest,2026,1751349,31628,42.2733516,-88.0161742,25,da28a90d-9f79-4e98-9054-c6cb9523d26f,68.65,48.58,62.49,,12.53,45.98,32.8,33.6,,34.05,36.51,0.09,28.08,62.47,71.08,72,57.58,68.03,68.45,55.23,55,226.6,49.1,small,,,5,278,245,2,2026-04-08 22:56:40.088533+00,
Lorain,OH,Ohio,United States,Midwest,2026,3944856,65211,41.4528,-82.1824,25,590e895b-5cb3-4914-ab73-241ae1a53633,58.07,49.55,52.68,,,51.12,24.47,20.44,26.8,27.36,42.64,50.5,33.27,69.74,66.76,49.43,27.48,50.87,,55.22,55,453.4,105.1,medium,,,5,279,26,1,2026-04-14 09:21:44.467681+00,
Muskegon,MI,Michigan,United States,Midwest,2026,2656320,38318,43.2265397,-86.2572469,25,6749855d-21d5-4258-b0be-6a2a076bc8fc,76.05,61.87,71.12,20.49,,60.74,45.94,63.75,62.46,46.66,70.71,66.22,60.33,64.15,72.86,53.61,5.73,49.34,5.57,55.17,55,395.3,87.3,small,,,38,280,246,36,2026-04-14 10:09:44.834928+00,
Libby,MT,Montana,United States,Mountain,2026,3043450,2775,48.3864207,-115.5567006,25,6e1183c2-906d-4da1-be8c-a18b5e6382b0,64.21,63.04,30.01,,17.29,40.03,40.22,25.21,45.52,0.82,51.02,35.87,37.89,69.13,70.1,,,70.1,41.36,55.15,55,51.7,9.6,small,,,7,281,247,7,2026-04-14 05:44:40.235874+00,
Ponte Vedra,FL,Florida,United States,South,2026,1292795,34513,30.1993515,-81.3792895,30,eddee3ed-d213-49b5-a612-8b910a0de41c,59.18,53.04,41.67,,,47.36,50.39,51.35,,13.83,21.53,,33.81,65.1,49.92,26.71,,39.09,,55.06,55,112.9,224.1,small,,,4,282,248,4,2026-04-09 19:55:40.957503+00,
Ladera Heights,CA,California,United States,Pacific,2026,639108,6654,33.9928,-118.3739,25,4b969e48-2183-4ece-8d67-828dab3d52b4,75.72,58.73,74.09,100,,70.61,,,54.33,79.08,79.08,,70.08,48.52,6.21,,,6.21,,55.04,55,55,16.3,small,,,36,283,249,32,2026-04-10 21:41:40.511223+00,
Mattapoisett Center,MA,Massachusetts,United States,New England,2026,2539485,3190,41.6719642,-70.7991666,25,f74d7713-8295-437d-8f9d-0b839edc7dbf,62.17,60.03,28.27,,,44.15,,,,,,,,42.6,73.88,,,73.88,,55.03,55,71.4,18.7,small,,,3,284,250,3,2026-04-10 23:25:40.039764+00,
Mandan,ND,North Dakota,United States,Midwest,2026,3849900,24206,46.8294838,-100.8870597,25,5e527741-a331-4264-b324-a7c8abf8a45e,73.1,56.93,63.01,,,59.97,20.09,,70.31,,21.89,32.78,35.59,61.55,61.04,21.99,,42.82,,55.01,55,255,58.6,small,,,4,285,251,2,2026-04-07 02:28:40.775466+00,
Orland,CA,California,United States,Pacific,2026,654274,8298,39.7461464,-122.1857307,25,22be197e-0945-4f13-9d75-bd8795f98728,64.56,60.79,54.92,,,57.86,,,,26.68,42.15,,37.73,66.08,53.2,,53.42,53.28,,54.96,55,72.1,15.8,small,,,37,286,252,33,2026-04-09 07:05:40.298096+00,
Louisville,CO,Colorado,United States,Mountain,2026,846355,21226,39.9695757,-105.1432708,25,3ab39cd1-67d5-47be-9762-86881c5e7f9d,64.37,53.36,58.46,,,55.91,27.22,40.75,43.9,7.47,13,49.12,29.66,59.8,76.96,76.45,,76.72,,54.96,55,257.9,52.3,small,,,9,286,252,8,2026-04-09 01:07:41.040122+00,
Iowa City,IA,Iowa,United States,Midwest,2026,1938595,74820,41.6556613,-91.5308588,25,ebc57b11-f408-4b78-88af-9f980c03d59e,59.76,49.44,52.83,,9.28,41.83,48.6,37.28,46.31,39.07,56.1,37.23,46.23,70.97,76.15,90.07,18.12,66.51,14.08,54.9,55,650.9,167.4,medium,,,9,288,27,4,2026-04-08 21:37:45.949522+00,
Lebanon,IL,Illinois,United States,Midwest,2026,1742496,4691,38.6006526,-89.8096529,25,1e831a14-c173-45bc-a22b-c5b8e5a05204,73.02,68.71,74.48,,74.37,72.21,,,,,,,,38.52,25.89,,,25.89,,54.84,55,62.7,9.8,small,,,6,289,254,3,2026-04-08 22:25:40.613892+00,
Blaine,WA,Washington,United States,Pacific,2026,5306505,5873,48.9871896,-122.7487701,25,016f4490-6f2b-49a6-8d5b-13b3b68d5331,61.22,46.85,36.63,,,41.74,,45.23,,10.53,2.93,63.79,26.46,70.18,75.79,,34.63,59.96,,54.83,55,83.8,42.1,small,,,5,290,255,4,2026-04-09 16:54:40.654188+00,
North Wildwood,NJ,New Jersey,United States,Mid-Atlantic,2026,3453490,3621,39.0059437,-74.7975051,15,9566a1e9-dd6b-4f58-bb40-8c0334359ad0,65.29,52.22,16.86,,,34.54,,,,55.97,55.97,,55.97,49.52,74.78,,71.53,73.53,,54.81,55,59.5,18.3,small,,,13,291,256,12,2026-04-10 07:44:40.933507+00,
Mitchell,SD,South Dakota,United States,Midwest,2026,4643100,15669,43.7270724,-98.042192,25,b95d83f6-fa92-4736-ac10-fdd8f50da774,56.42,52.82,58.25,0.33,13.85,41.68,22.55,38.11,63.46,10.8,43.84,65.27,42.84,69.3,69.09,48.74,,59.59,,54.74,55,207.7,85.6,small,,,2,292,257,2,2026-03-31 22:36:40.819584+00,
Walnut Creek,CA,California,United States,Pacific,2026,683346,70127,37.902666,-122.040479,25,05c9e806-a73b-4ca5-bfe4-0230e736755f,54.37,48.1,52.63,,,50.37,37.66,39.02,45.61,30.11,48.14,45.43,42.42,63.13,68.68,64.91,23.75,56.13,9.3,54.72,55,429.4,100.5,medium,,,38,293,28,4,2026-04-09 09:13:40.889372+00,
Bath,ME,Maine,United States,New England,2026,2303355,8766,43.9168,-69.8181,25,da4d3e52-c269-4b6b-9d41-005141b268e9,70.25,59.27,60.9,,,60.09,,,,8.14,40.11,60.81,39.93,66.93,77.78,,54.73,68.91,10.94,54.72,55,150.7,27.6,small,,,9,293,258,9,2026-04-14 05:12:40.224921+00,
Columbia Falls,MT,Montana,United States,Mountain,2026,3016600,5319,48.3712,-114.1848,25,f5aa9f0c-04cf-46a4-8af2-fdb2238bdb76,70.92,57.75,43.19,,,50.47,,,,46.03,49.98,,48.85,57.25,46.2,,,46.2,,54.71,55,68.2,14.1,small,,,8,295,259,8,2026-04-14 05:32:40.080129+00,
Twentynine Palms,CA,California,United States,Pacific,2026,680994,28065,34.1478175,-116.0659586,25,7bd4d206-be26-4e35-975d-5b1a730b83bc,64.25,55.21,22.7,,,38.96,98.09,,98.09,4.87,47.5,,68.8,52.16,53.5,,,53.5,,54.62,55,377.5,123.1,small,,,39,296,260,34,2026-04-09 09:12:40.31763+00,
Detroit,MI,Michigan,United States,Midwest,2026,2622000,639111,42.3830375,-83.1022365,25,cae76025-7458-432c-bb99-365908d918ce,56.4,42.02,64.9,35.37,39.07,48.77,39.28,28.51,30.64,39.17,51.98,46.61,40.74,76.03,70.26,52.45,33.45,54.82,7.41,54.54,55,4426.6,1392.9,large,,,39,297,9,1,2026-04-05 19:16:17.856952+00,
Rockford,MI,Michigan,United States,Midwest,2026,2669080,6142,43.136975,-85.5545194,25,008c4355-e7a9-4935-81b1-fe4c4519c0ca,73.4,66.6,48.93,,,57.77,,,,,11.79,,11.79,52.79,80.14,82.35,,81.17,,54.49,54,63.3,13.8,small,,,40,298,261,37,2026-04-10 03:30:40.594957+00,
Hudson,NY,New York,United States,Mid-Atlantic,2026,3635969,5894,42.2526,-73.7924,25,9516716a-e12b-4aaa-a1f8-e2a149bfd222,66.52,64.79,71.05,,,67.92,,,8.99,73.26,44.47,60.42,41.86,77.13,66.98,,,66.98,4.99,54.44,54,27.6,13.5,small,,,6,299,262,4,2026-04-10 06:02:40.467282+00,
Falls Church,VA,Virginia,United States,South,2026,5127200,14658,38.884722,-77.1756027,20,1ea3a19a-65fc-4ea6-a0af-77b87c3a76c9,55.26,52.54,48.38,,,50.46,36.75,48.63,,33.94,47.21,34.1,40.66,67.86,70.33,,53.08,63.7,,54.41,54,65.5,22.1,small,,,6,300,263,6,2026-04-10 10:54:40.613471+00,
Oregon,WI,Wisconsin,United States,Midwest,2026,5560200,11179,42.9250645,-89.3889756,25,f35a499a-b4a1-4af3-bd1b-dd2dc5784a08,69,55.33,54.61,,,54.97,21.53,37.18,,37.05,28.08,18.56,26.92,49.71,79.43,,,79.43,,54.36,54,113,18,small,,,40,301,264,38,2026-04-09 12:52:40.260375+00,
Salt Lake City,UT,Utah,United States,Mountain,2026,4967000,199723,40.7769281,-111.9309915,20,ea4a934a-d99d-48e5-ab00-953e3d9e3948,55.53,41.06,60.67,27.64,46.51,47.67,43.76,35.74,38.56,44.56,60.79,49.35,47.09,74.49,73.7,62.73,34.4,60.04,35.1,54.34,54,1419.7,575.4,medium,,,8,302,29,1,2026-04-11 18:58:22.556363+00,
Mancelona,MI,Michigan,United States,Midwest,2026,2650620,1344,44.8987,-85.0648,25,7bda1919-b2b3-4a67-b368-24f8fcaafc15,67.09,56.92,51.19,,,54.06,51.19,,,,54.84,,53.22,46.87,58.2,,38.54,50.64,,54.29,54,25.6,6.8,small,,,41,303,265,38,2026-04-14 08:24:39.736898+00,
Providence Village,TX,Texas,United States,South,2026,4859748,7710,33.2378429,-96.9567972,30,7149f655-30ea-4ac2-a7c7-c36677aaf5f6,75.62,69.36,29.37,,,49.37,,40.96,,,40.96,,40.96,38.86,81.11,,59.7,72.88,,54.27,54,39.1,59.3,small,,,4,304,266,3,2026-04-09 12:53:39.84843+00,
Westwood,CA,California,United States,Pacific,2026,684928,1541,34.0564,-118.4426,25,ddade772-8bdb-4fde-8b9e-c26583ef16ef,70.09,66.3,39.28,,,52.79,,,,,,,,60.16,33.35,,35.76,34.28,,54.21,54,32.5,16.9,small,,,40,305,267,35,2026-04-10 23:32:40.586767+00,
Waterford,MI,Michigan,United States,Midwest,2026,2684240,70542,42.6987,-83.3923,25,5d688aaf-b063-4840-bd38-8c34fe4720cb,57.99,51.38,48.59,55.76,,50.71,51.78,39.1,,45.89,41.27,54.54,46.69,66.42,61.87,60.66,49.51,58.36,,54.21,54,724,140.8,medium,,,42,305,30,3,2026-04-14 10:01:41.103563+00,
Cottleville,MO,Missouri,United States,Midwest,2026,2916678,5614,38.7437,-90.6473,25,9a29c6c4-2980-4ba6-90e3-9aba0e665692,65.19,53.06,38.2,,,45.63,58.74,69.34,,,31.7,,48.38,57.32,43.98,82.21,,61.82,,54.11,54,85.1,27.1,small,,,3,307,268,3,2026-04-14 03:51:39.939937+00,
Manhattan Beach,CA,California,United States,Pacific,2026,645400,35506,33.9008699,-118.4207152,25,c46900e4-fe96-497f-bac1-f1515f0d68b3,55.08,38.32,60.52,,,49.42,43.38,30.95,,26.02,52.8,,42.42,72.17,71.07,,30.21,55.35,,54.04,54,152,45.3,small,,,41,308,269,36,2026-04-09 06:15:40.709385+00,
Santaquin,UT,Utah,United States,Mountain,2026,4967770,13725,39.9698929,-111.7944314,25,f6ad5971-cd1e-43a3-a612-b9f4339da23a,66.3,56.33,30.15,,,43.24,24.57,,,20.49,44.36,25.85,31.33,56.31,69.37,,,69.37,,53.95,54,159.3,40.4,small,,,9,309,270,8,2026-04-11 01:04:40.322829+00,
Glencoe,AL,Alabama,United States,South,2026,129992,5372,33.9483393,-85.9336056,25,606ab710-f5a9-4106-87d6-86785195bebf,79.49,63.76,39.15,,,51.46,,,,,2.66,,2.66,32.8,63.44,,,63.44,,53.94,54,157.2,25.8,small,,,5,310,271,5,2026-04-06 23:47:40.953257+00,
Anacortes,WA,Washington,United States,Pacific,2026,5301990,17619,48.5126,-122.6126,25,cd4e5d4f-46dc-4c5b-a0f1-1f8d1fa1ebd3,58.75,56.1,51.19,38.87,,51.8,36.16,23.69,12.23,38.3,31.49,49.01,31.1,58.7,73.07,42.61,37.98,53.64,39.73,53.94,54,283.3,65.2,small,,,6,310,271,5,2026-04-14 10:00:41.137227+00,
Manitowoc,WI,Wisconsin,United States,Midwest,2026,5548500,34631,44.097981,-87.6789445,25,efb41780-e6c9-4bb5-8187-e42882760afa,65.43,56.01,64.57,33.48,82.82,62.12,46.46,39.32,48.55,6.12,29.96,52.11,38.85,66.54,68.32,13.95,43.84,43.17,53.62,53.88,54,370.9,84.6,small,,,41,312,273,39,2026-04-09 13:46:46.039248+00,
Green Bay,WI,Wisconsin,United States,Midwest,2026,5531000,107395,44.5215424,-87.9865684,25,12c148d0-2c58-4260-86c9-5ad9f6530083,62.63,47.58,64.78,37.02,55.37,54.1,29.16,32.98,20.07,35.28,47.2,38.24,34.21,65.53,73.04,31.9,40.46,50.5,1.36,53.73,54,841.6,241.9,medium,,,42,313,31,2,2026-04-09 13:58:41.159167+00,
Bennett,CO,Colorado,United States,Mountain,2026,806090,2879,39.7417273,-104.4287186,30,50bfc170-10b3-4df5-acd7-384c6264afc3,54.71,54.73,9.83,,,32.28,48.29,48.29,,51.5,51.5,,50.02,56.36,57.39,,51.5,55.12,,53.66,54,11.9,86.3,small,,,10,314,274,9,2026-04-08 23:51:40.940509+00,
New Brunswick,NJ,New Jersey,United States,Mid-Atlantic,2026,3451210,55266,40.4866775,-74.4444144,25,4faae1de-cc12-4d9c-97e0-3001a5f9481c,60.67,59.78,67.62,61.29,61.29,62.98,44.89,45.08,68.87,36.84,60.71,37.82,51.79,71.89,70.9,,52.48,63.82,3.72,53.63,54,130.2,55.5,medium,,,14,315,32,2,2026-04-10 08:34:44.704366+00,
Philadelphia,PA,Pennsylvania,United States,Mid-Atlantic,2026,4260000,1603776,40.0093755,-75.1333459,25,2059f8a8-cd1f-4e82-821d-0b4e1a282343,53.53,41.81,65.24,31.14,38.62,48.31,41.89,31.18,39.41,47.52,56.26,64.98,47.94,71.35,69.48,23.61,42.46,46.67,48.56,53.63,54,3481.1,1414.9,large,,,23,315,10,1,2026-04-05 22:23:43.009009+00,
South Burlington,VT,Vermont,United States,New England,2026,5066175,20292,44.4364688,-73.1826228,25,3acd8c6a-65f4-4ea3-8ba7-d93691f0b253,57.73,49.76,47.84,,24.01,43.29,51.08,49.24,,44.29,53.57,64.19,53.24,67.73,63.05,59.18,33.38,54.28,46.06,53.63,54,277,80.5,small,,,3,315,275,3,2026-04-07 00:13:41.044048+00,
Hardy,VA,Virginia,United States,South,2026,5193839,6337,37.2187,-79.8748,25,537d6b84-2a84-457c-97c3-a92ffe16d836,63.59,55.99,26.63,18.17,,38.42,,52.23,,,,33.52,41,53.44,47.67,,,47.67,,53.6,54,163,146.2,small,,,7,318,276,7,2026-04-14 02:17:44.826685+00,
Athens,OH,Ohio,United States,Midwest,2026,3902736,23849,39.3262858,-82.1001865,25,81dbbab9-2d13-49c5-9787-e006b059c428,48.59,41.88,26.6,,83.42,45.17,64.34,39.38,35.7,43.48,58.59,23.4,46.45,70.13,65.49,87.6,28.82,64.06,50.54,53.57,54,268.3,62.3,small,,,6,319,277,5,2026-04-10 13:32:45.632301+00,
Fairview,TX,Texas,United States,South,2026,4825224,10372,33.1405133,-96.6130315,30,ff317042-822d-4873-abc7-11ef7889096e,63.69,63.25,28.74,,,46,,42.81,,,42.81,,42.81,46.4,50.44,57.38,31.48,48.13,,53.5,54,50.2,127,small,,,5,320,278,4,2026-04-09 09:19:40.015466+00,
Genoa City,WI,Wisconsin,United States,Midwest,2026,5528675,2982,42.5065002,-88.319271,25,b79ee95d-0845-476a-aba2-c49ed8be56f0,66.24,69.22,71.53,,,70.38,,,,,37.9,,37.9,45.42,59.82,,18.25,43.83,,53.48,53,27.9,10,small,,,43,321,279,40,2026-04-09 11:53:39.760871+00,
Fairfax,VA,Virginia,United States,South,2026,5126496,24146,38.8531833,-77.2990252,25,e5258c60-2e0b-48eb-a784-554592458e68,56.39,44.76,49.72,,,47.24,47.9,33.99,33.76,23.92,55.92,,42.47,74.55,74.25,41.18,28.96,51.35,,53.47,53,178.8,42.6,small,,,8,322,280,8,2026-04-10 11:03:40.904985+00,
Beverly Hills,CA,California,United States,Pacific,2026,606308,32701,34.07923,-118.4024374,25,b448cb31-859f-45f9-8d0d-37d379274ba9,58.44,49.77,49.22,,,49.5,56.45,47.31,22.5,44.03,40.05,31.9,39.72,65.68,68.45,,47.89,60.54,,53.45,53,173.6,63.4,small,,,42,323,281,37,2026-04-09 05:08:41.080706+00,
Kenilworth,NJ,New Jersey,United States,Mid-Atlantic,2026,3436690,8427,40.6780895,-74.2881141,25,3eee2abf-bb96-42a9-a9d2-fb834db50d15,70.59,53.31,63.04,,,58.18,57.97,38.85,,38.85,31.83,,42.03,30.47,74.12,,57.97,67.91,,53.4,53,57.1,12.7,small,,,15,324,282,13,2026-04-10 07:41:40.881565+00,
Dublin,OH,Ohio,United States,Midwest,2026,3922694,49328,40.1133035,-83.1457745,25,4fd7181f-d82d-4850-ad70-b418232b0222,60.55,49.11,50.38,51.89,,50.01,21.16,17.36,32.76,28.26,35.74,36.12,29.7,43.24,75.4,89.1,41.45,71.71,,53.35,53,667.4,204,small,,,7,325,283,6,2026-04-10 13:35:45.654656+00,
Sunnyside-Tahoe City,CA,California,United States,Pacific,2026,676015,1555,39.1483181,-120.1709376,25,9da74aeb-58f5-4836-9898-0c423b6f4b39,69.79,61.04,89.93,,,75.49,,,,10.28,10.28,,10.28,57.13,43.95,58.28,,50.64,,53.34,53,72.6,12.3,small,,,43,326,284,38,2026-05-08 21:53:44.22906+00,
Elizabeth,NJ,New Jersey,United States,Mid-Atlantic,2026,3421000,137298,40.6663673,-74.1935028,25,7488ceae-e17d-431c-9706-ef17ba7eb58d,58.6,45.84,66.22,11.53,12.38,42.85,19.58,22.41,51.56,22.52,58.02,,39.09,69.97,66.81,,,66.81,35.35,53.32,53,217.7,123.7,medium,,,16,327,33,3,2026-04-10 07:35:44.986231+00,
San Luis Obispo,CA,California,United States,Pacific,2026,668154,47063,35.2661952,-120.6684376,25,a59c21f7-57b0-4d79-8539-27b68477af64,53.02,43.87,52.5,,,48.19,58.85,43.86,34.6,25.81,41.06,56.88,44.45,64.46,71.79,53.26,34.16,55.9,55.49,53.31,53,326.6,85.2,small,,,44,328,285,39,2026-04-09 07:19:40.681304+00,
Providence,PA,Pennsylvania,United States,Mid-Atlantic,2026,4262832,6995,41.9987,-75.5223,25,32587a6b-5762-4088-a591-3db631b5bd6a,63.44,52.96,42.3,,,47.63,,,,,41.41,,41.41,41.28,33.53,72.77,,51.84,,53.3,53,116.7,45.4,small,,,24,329,286,23,2026-04-14 09:02:40.109177+00,
Decorah,IA,Iowa,United States,Midwest,2026,1919405,7587,43.3016182,-91.7847502,25,67f81db3-4240-4897-b839-b09c5e62fa14,58.11,55,40.42,50.61,,48.07,36.05,,55.74,,28.84,,39.34,54.63,69.28,86.41,,77.27,,53.27,53,108.8,38.1,small,,,10,330,287,6,2026-04-08 20:43:44.50196+00,
Park City,UT,Utah,United States,Mountain,2026,4958070,8396,40.6573283,-111.4937559,25,c5178082-4731-4380-966e-debc4e0d9383,59.77,49.39,32.14,,,40.77,,17.85,31.22,57.31,44.61,,38.33,68.79,61.57,75.03,,67.85,45.21,53.27,53,523.1,64.7,small,,,10,330,287,9,2026-04-11 01:29:39.916403+00,
Spooner,WI,Wisconsin,United States,Midwest,2026,5575625,2477,45.8237,-91.8948,25,5791115a-25e9-4d14-8b2e-f2bb029b7e9e,64.15,53.76,57.93,,,55.85,19.03,57.85,19.03,,13.73,,22.44,63.69,72.81,,62.45,68.83,,53.27,53,70.2,14.9,small,,,44,330,287,41,2026-04-15 16:24:40.617047+00,
Monrovia,CA,California,United States,Pacific,2026,648648,37931,34.1442,-117.9981,25,3043fac7-dca7-4d53-90d9-67d7dd6ffd77,53.88,41.01,50.43,,,45.72,59.53,25.43,54.16,19.76,49.29,52.51,47.46,69.3,59.21,,,59.21,48.73,53.15,53,147.3,61,small,,,45,333,290,40,2026-04-10 22:13:40.800504+00,
Troy,OH,Ohio,United States,Midwest,2026,3977588,26316,40.0410122,-84.2223555,25,d0374307-d2f4-4397-ad6c-1ef02e91c2bb,65.39,51.32,57.9,,51.85,54,27.35,38.97,48.18,20.2,45.93,,38.24,62.12,59.86,44.37,44.48,50.59,,53.07,53,255.8,56.7,small,,,8,334,291,7,2026-04-10 13:04:40.305305+00,
Mason,OH,Ohio,United States,Midwest,2026,3948188,34795,39.3607215,-84.2958673,25,d5619e12-d20d-4e5d-b9f2-5f38de23fd4b,58.68,49.17,51.57,26.83,,47.43,38.91,29.6,40.9,29.29,15.81,39.88,31.79,62.65,74.19,74.47,45.28,67.06,2.36,53.02,53,346.3,103,small,,,9,335,292,8,2026-04-10 11:50:44.481391+00,
Pontiac,MI,Michigan,United States,Midwest,2026,2665440,61606,42.6492283,-83.2873632,25,c0670305-38c5-4bf8-a5cf-d36b363625df,58.42,43.04,57.8,,,50.42,27.42,44.32,38.4,37.73,42.56,50.78,39.63,73.54,66.52,54.27,21.5,50.98,6.45,52.96,53,524.9,123.8,medium,,,43,336,34,4,2026-04-10 06:03:46.606854+00,
Lamar,TX,Texas,United States,South,2026,4841092,724,28.1403399,-96.9878183,30,c8447997-0dde-437a-af5b-5547dfe8d956,42.92,33.33,,,,33.33,,,,,,,,21.71,93.65,,,93.65,,52.76,53,0.7,38.9,small,,,6,337,293,5,2026-04-09 10:31:40.223719+00,
Bonita,CA,California,United States,Pacific,2026,607414,12917,32.673217,-117.0061014,25,4e081d77-0fdb-4cc9-8c68-6be4f6e8c375,67.98,60.82,39.63,,,50.23,,,,,,,,33.28,47.49,,,47.49,,52.65,53,80.1,41.2,small,,,46,338,294,41,2026-04-09 04:23:40.561596+00,
Stafford,VA,Virginia,United States,South,2026,5174916,5370,38.414916,-77.415702,25,7c5901bb-dcd7-4258-818f-cb511fa872f2,61.37,45.23,21.52,12.07,,30.71,49.88,49.88,28.46,,49.88,,44.17,67.42,58.61,,,58.61,47.31,52.59,53,34.6,31.5,small,,,9,339,295,9,2026-04-10 12:03:40.126185+00,
Jamestown,ND,North Dakota,United States,Midwest,2026,3840580,15849,46.9058512,-98.6935795,25,2414951e-e7e7-4491-9fcb-2072cc4b8e67,62.29,54.29,60.78,,71.59,60.66,,38.46,13.37,,14.71,,18.54,58.2,72.9,,,72.9,,52.58,53,209.1,60.2,small,,,5,340,296,3,2026-04-07 02:26:45.611859+00,
Canfield,OH,Ohio,United States,Midwest,2026,3911360,7699,41.0295792,-80.7699809,25,b561dc6d-2796-4a07-b0cd-d4de9c92bb38,62.43,53.65,51.77,,,52.71,43.7,,,7.42,47.1,,38.65,58.94,64.74,42.42,,54.32,,52.53,53,75.7,16.8,small,,,10,341,297,9,2026-04-10 12:47:39.88333+00,
Portland,MI,Michigan,United States,Midwest,2026,2665860,3796,42.8687,-84.9023,25,e7b83e7f-0317-4f46-8be7-f89a9eb449b6,61.54,60.06,48.56,,,54.31,,13.37,,,61.14,,47.49,55.21,47.68,70.13,5.77,45.06,,52.49,52,67.1,15.4,small,,,44,342,298,39,2026-04-14 08:01:39.925363+00,
Shaker Heights,OH,Ohio,United States,Midwest,2026,3971682,29439,41.4760903,-81.5491969,25,c489ce9e-c480-441d-9ca0-a9521fa20961,60.13,43.2,61.91,,,52.56,20.6,,17.4,41.78,42.37,26.78,29.32,53.25,68.58,,,68.58,60.68,52.44,52,188,50.4,small,,,11,343,299,10,2026-04-10 13:32:41.15954+00,
Marlinton,WV,West Virginia,United States,South,2026,5451676,998,38.2237,-80.0948,25,b4041ace-9cbb-4502-a9a7-1fffa21e5bb2,69.32,58.79,76.55,,,67.67,,70.23,0.94,,7.23,10.18,15.07,58.06,54.02,72.96,76.55,66.28,,52.41,52,34.1,27.7,small,,,2,344,300,2,2026-04-15 18:14:41.950619+00,
Golden,CO,Colorado,United States,Mountain,2026,830835,20399,39.742483,-105.2105614,20,de27984d-642d-4421-8691-30e8581e6049,58.44,51.47,36.9,,84.56,53.16,47.01,19.03,,16.23,28.3,45.14,33.47,65.44,75.8,73.45,24.59,62.18,40.31,52.37,52,240.8,66.8,small,,,11,345,301,10,2026-04-09 00:59:40.159405+00,
North Bend,WA,Washington,United States,Pacific,2026,5349485,7461,47.4879674,-121.7687855,25,d8ad06ef-a55f-4f45-a734-d2c5f9d504c6,62.28,53.37,38.08,,,45.73,50.83,54.14,,52.4,31.38,50.53,45.31,60.35,77.92,56.94,40.64,61.26,39.18,52.32,52,97,27.3,small,,,7,346,302,6,2026-04-09 17:21:40.657127+00,
Broomfield,CO,Colorado,United States,Mountain,2026,809280,74112,39.9535933,-105.0507868,25,fad2cc01-46fc-420e-9745-41f22846bdb7,59.74,48.59,47.04,10.46,,43.15,32.73,36.82,20.86,26.27,40.74,37.34,32.81,55.96,73.32,73.11,48.68,67.09,25.14,52.31,52,838.6,250.8,medium,,,12,347,35,2,2026-04-09 01:48:43.538877+00,
Bluffdale,UT,Utah,United States,Mountain,2026,4906810,17014,40.4887,-111.9398,25,328f544f-49b2-4a2f-a560-3c6dc154f515,58.77,43.84,39.73,,,41.79,,,,26.95,26.95,,26.95,47.09,76.74,62.51,,70.1,,52.22,52,204.5,72.4,small,,,11,348,303,10,2026-04-11 00:28:40.269748+00,
Westfield,NJ,New Jersey,United States,Mid-Atlantic,2026,3479040,31032,40.6516437,-74.3434472,25,bca5cc20-ed14-4e6b-8b55-fa96a3c028e5,67.5,54.91,66.71,38.08,,57.97,9.98,34.09,,33.55,48.99,53.02,36.2,67.63,76.11,,27.49,57.41,25.75,52.15,52,195.8,31.4,small,,,17,349,304,14,2026-04-10 09:15:40.918361+00,
Kearns,UT,Utah,United States,Mountain,2026,4940470,36723,40.6587,-112.0098,25,7feb68b4-7df6-4c7d-abf0-3094043d4c09,51.62,52.34,56.57,,,54.46,,,,39.95,50.81,43.21,46.36,37.22,70.92,,,70.92,,52.04,52,189,28.7,small,,,12,350,305,11,2026-04-11 00:43:41.179856+00,
Lansdowne,PA,Pennsylvania,United States,Mid-Atlantic,2026,4241440,11107,39.9407586,-75.2760301,25,fe319ec7-85dd-46e2-85c7-5ba07bae5c1b,68.48,64.48,65.16,,,64.82,,,,68.94,11.16,,27.67,51.28,72.63,,,72.63,31.09,52.02,52,43,7,small,,,25,351,306,24,2026-04-10 09:53:41.361488+00,
Madison,WI,Wisconsin,United States,Midwest,2026,5548000,274797,43.0878147,-89.4298563,20,cac43808-9723-4d71-adc6-34b4cfdb67e0,54.13,43.01,48.43,20.14,73.86,48.79,36.85,35.56,43.6,32.39,50.81,52.96,43.53,65.45,74.8,62.95,46.41,63.56,33.71,51.95,52,1779.3,634.6,medium,,,45,352,36,3,2026-04-10 10:55:13.566944+00,
Alamo,CA,California,United States,Pacific,2026,600618,15314,37.8547678,-122.0135573,25,3dce0c99-ebc3-426a-abd4-6932596fc0a9,66.42,57.89,39.96,,,48.93,38.5,35.16,,32.33,38.5,,37.04,53.49,64.22,36,,51.05,,51.89,52,170.2,35.2,small,,,47,353,307,42,2026-04-09 04:35:40.385365+00,
Slatington,PA,Pennsylvania,United States,Mid-Atlantic,2026,4271144,4283,40.7535946,-75.6108108,25,e83d8254-5594-43d7-942c-40fc205d9c0e,65.67,52.08,28.58,,,40.33,,,,28.61,,28.58,28.59,69.87,65.17,,,65.17,,51.87,52,35.8,4.4,small,,,26,354,308,25,2026-04-10 10:12:40.410788+00,
Bishop,CA,California,United States,Pacific,2026,606798,3819,37.3635,-118.3953,25,e12ea08b-effb-4673-971d-4013b90cf0d0,58.4,55.22,45.55,,,50.39,32.29,,31.76,5.84,66.28,46.03,40.97,78.45,30.85,,42.18,35.21,,51.86,52,32.9,13.4,small,,,48,355,309,43,2026-04-10 20:52:40.98079+00,
Lawrence,KS,Kansas,United States,Midwest,2026,2038900,94953,38.9595506,-95.2654681,25,6e795ba9-5f26-4679-92e0-9396a4def412,49.2,43.51,53.58,16.6,59.97,47.64,48.57,33.75,14.74,39.72,46.65,58.63,40.47,66.95,69.15,54.79,45.77,58.28,37.43,51.8,52,714.6,225.4,medium,,,1,356,37,1,2026-04-09 05:29:41.780402+00,
Grandview Heights,OH,Ohio,United States,Midwest,2026,3931304,8085,39.9792991,-83.0401109,25,afac49db-4a1f-4981-8668-03989ea802ac,55.95,41.5,30.68,,,36.09,,45.32,,,,,45.32,62.15,66.46,,,66.46,,51.73,52,40.3,14.3,small,,,12,357,310,11,2026-04-10 12:50:40.625718+00,
Hoover,AL,Alabama,United States,South,2026,135896,92647,33.3751283,-86.8094164,25,520e180e-e0ed-4cb2-8126-5c9ee4cc9656,63.99,49.94,35.35,,10.9,35.59,27.21,54.58,6.2,23.56,38.38,54.56,32.28,48.72,57.75,,7.39,38.38,,51.63,52,781,180.8,medium,,,6,358,38,1,2026-04-06 23:56:40.461797+00,
Shandaken,NY,New York,United States,Mid-Atlantic,2026,3666597,2866,42.1387,-74.3848,20,66685988-34a0-468e-9a8d-6587a4ad0c6d,60.95,54.2,33.46,,,43.83,30.8,,,19.96,30.8,,28.83,48.29,66.9,17.79,43.97,43.98,22.17,51.6,52,96,233.8,small,,,7,359,311,5,2026-04-14 09:00:39.927+00,
Boyne City,MI,Michigan,United States,Midwest,2026,2609820,3816,45.2131626,-85.0124388,25,f8e22e2e-a24e-4e32-9ef1-f3145a0442dd,57.64,57.73,17.56,,,37.65,66.84,,,,36.94,,50.23,53.76,64.04,,,64.04,,51.58,52,84.6,21.5,small,,,45,360,312,40,2026-04-10 02:48:40.613885+00,
The Bronx,NY,New York,United States,Mid-Atlantic,2026,3605170,1472699,40.8448,-73.8648,20,19e912b1-5249-4ea5-acfb-7917ee1b9cc7,42.31,36.32,64.4,39.34,29.57,45.1,49.95,31.51,36.2,51.68,62.87,36.46,46.74,68.11,70.4,42.35,26.35,49.57,53.22,51.58,52,1137.8,591.7,large,,,8,360,11,3,2026-05-08 22:14:31.897498+00,
Walled Lake,MI,Michigan,United States,Midwest,2026,2683060,7250,42.5371995,-83.4737135,25,8ad14842-bb54-4524-a876-467c0a526c7a,49.63,57.52,20.62,,,39.07,,,,42.61,31.26,,34.5,73.86,62.45,52.27,64.65,59.44,,51.51,52,42.2,17.3,small,,,46,362,313,41,2026-04-10 03:32:40.494066+00,
Spearfish,SD,South Dakota,United States,Midwest,2026,4660020,12193,44.4914312,-103.8162969,25,49440bbe-62f0-45ec-9583-82cd160a2524,52.67,46.6,46.87,,63.98,50.57,27.45,35.02,48.66,10,26.01,33.39,31.24,58.12,65.23,65.33,,65.28,,51.49,51,165.3,103.5,small,,,3,363,314,3,2026-03-31 22:39:41.084713+00,
Port Townsend,WA,Washington,United States,Pacific,2026,5355855,10148,48.1217622,-122.7878764,25,01a490de-e2b9-4aed-b55d-6e32a48d659d,56.72,49.64,35.99,,,42.82,24.01,49.85,25.78,31.6,53.61,62.51,40.88,67.93,76.83,,37.74,61.8,32.56,51.36,51,229.3,44.4,small,,,8,364,315,7,2026-04-09 17:21:40.51054+00,
Monona,WI,Wisconsin,United States,Midwest,2026,5553675,8624,43.0538731,-89.3335133,25,ffd6605b-7751-47e0-8b1a-6e01422f60a2,59.46,41.19,56.77,,,48.98,4.94,38.79,,22.48,14.92,52.64,23.43,63.3,75.58,,56.36,68.19,,51.34,51,61,30,small,,,46,365,316,42,2026-04-09 13:34:41.026294+00,
Danville,CA,California,United States,Pacific,2026,617988,43582,37.8121416,-121.9698235,25,7241b895-fb08-4ede-97c3-13ac9f0bb9ce,53.7,48.5,54.62,49.98,,51.36,44.43,42.23,,28.4,50.61,40.19,43.29,48.79,71.66,57.14,46.34,60.25,,51.3,51,372.7,65.7,small,,,49,366,317,44,2026-04-09 05:33:40.679203+00,
Chico,CA,California,United States,Pacific,2026,613014,103905,39.7589514,-121.8177197,25,d6c17b03-7047-4679-a39b-4f036255e300,53.17,47.85,51,13.95,47.06,45.4,32.09,25.35,42.96,24.83,45.23,50.28,38.88,68.08,67.83,59.08,52.43,60.92,37.12,51.29,51,806.2,161.1,medium,,,50,367,39,5,2026-04-09 06:16:41.499067+00,
Orleans,MA,Massachusetts,United States,New England,2026,2551405,1767,41.7877618,-70.0015099,25,d556e321-2084-459c-86df-7696290e4373,59.53,46.49,17.87,,,32.18,31.58,,,47.67,49.72,48.39,43.96,61.91,67.27,,,67.27,,51.22,51,11.8,40.6,small,,,4,368,318,4,2026-04-11 01:31:40.843391+00,
Bettendorf,IA,Iowa,United States,Midwest,2026,1906355,39102,41.5668361,-90.4768794,25,dc457003-68d0-4606-986c-15c79c53bb68,49.43,47.94,46.82,17.67,,43.67,31,52.46,50.81,23.35,41.3,28.77,38.58,63.77,66.04,71.6,,68.63,,51.21,51,402.3,129.6,small,,,11,369,319,7,2026-04-08 20:38:52.306807+00,
Ann Arbor,MI,Michigan,United States,Midwest,2026,2603000,123890,42.2761471,-83.7308596,25,f30b76b4-6107-4945-8050-0078ab2ead08,48.01,41.31,57.69,47.67,59.74,51.37,41.45,50.89,15.09,27.86,55.71,49.82,40.58,67.32,75.45,56.36,39.41,59.76,31.57,51.15,51,831.6,234.9,medium,,,47,370,40,5,2026-04-10 06:23:45.816598+00,
Killington,VT,Vermont,United States,New England,2026,5037750,866,43.6787,-72.7798,25,dc26a0c1-81be-4a38-b59b-5d008f8af0c8,73.25,71.45,28.59,,,50.02,,,,,,,,55.27,25.11,,20.05,23.16,,51.13,51,57.9,18.6,small,,,4,371,320,4,2026-04-14 02:19:41.060262+00,
Leonardtown,MD,Maryland,United States,Mid-Atlantic,2026,2446475,4563,38.2923,-76.6348,30,2e41c732-79bc-4f97-b454-743a7a35765f,68.56,49.62,46.9,49.35,,48.4,,,54.88,43.48,9.28,,32.08,57.09,56.3,,,56.3,,51.1,51,9.7,56.8,small,,,3,372,321,3,2026-04-10 23:56:48.536956+00,
Half Moon Bay,CA,California,United States,Pacific,2026,631708,11795,37.467319,-122.4404845,25,7249b9d7-8c3c-4598-86ef-05931870c5f2,51.61,47.39,44.15,,,45.77,16.44,6.65,,46.58,47.87,19.69,29.42,63.6,63.94,71.38,40.43,60.67,,51.06,51,99.7,22.9,small,,,51,373,322,45,2026-04-09 06:32:40.749054+00,
Hampton Beach,NH,New Hampshire,United States,New England,2026,3333140,2598,42.9139652,-70.811752,30,79926726-e469-45e8-9721-ab410d40550c,50.19,38.84,,,,38.84,,,,,,,,63.57,39.41,,,39.41,,51.06,51,3.1,23.2,small,,,3,373,322,3,2026-04-14 08:02:40.005675+00,
Boscobel,WI,Wisconsin,United States,Midwest,2026,5508850,3286,43.1471317,-90.7051411,25,94599c28-27ae-48d8-acba-6bd1ce2ea6bf,57.9,50.76,49.17,,,49.97,,44.7,54.29,10.8,37.16,,39.54,56.37,57.78,,51.94,55.53,51.28,51.06,51,43.3,16.1,small,,,47,373,322,43,2026-04-09 11:20:40.240875+00,
Dover,ID,Idaho,United States,Mountain,2026,1622510,752,48.2591564,-116.6098431,35,9b8193c1-609e-4e6d-979e-7a72e04e574b,62.68,48.98,,,,48.98,,,,,,,,26.47,59.39,,,59.39,,51.01,51,41.5,35.9,small,,,4,376,325,3,2026-04-06 20:02:41.19951+00,
Redford,MI,Michigan,United States,Midwest,2026,2667625,49504,42.3837,-83.2948,25,3d8eb721-5db8-4fa1-b8e9-31a56dea4fc7,56.61,43.42,61.2,,,52.31,48.62,,,21.36,34.46,43.79,38.63,69,50.33,,24.53,40.41,,51.01,51,363.3,68.3,small,,,48,376,325,42,2026-04-14 08:41:40.782816+00,
Oswego,IL,Illinois,United States,Midwest,2026,1756887,34585,41.6832202,-88.3388488,30,c239a9b9-ed52-4104-a238-8b3ba00f1e50,62.58,42.93,56.31,,,49.62,18.64,28.64,,16.93,26.37,41.36,26.35,49.92,69.19,63.14,32.38,57.87,,50.95,51,330,90.4,small,,,7,378,327,4,2026-04-08 23:33:41.642499+00,
Delafield,WI,Wisconsin,United States,Midwest,2026,5519400,7185,43.0674207,-88.388833,25,75725aa4-0a80-4ed8-b0b0-32b05826141e,60.66,50.71,33.83,,46.58,43.23,10.38,17.09,46.46,17.03,36.22,15.92,26.22,42.82,65.14,53.26,,59.6,,50.93,51,122.1,50,small,,,48,379,328,44,2026-04-09 13:24:40.311892+00,
Hackettstown,NJ,New Jersey,United States,Mid-Atlantic,2026,3428710,10248,40.8537041,-74.8248771,25,2415f9ed-9bfb-4210-ab68-462369f00c6c,55.27,54.53,54.34,,61.17,55.93,32.92,,59.05,17.42,19.29,,33.28,71.1,59.03,,,59.03,34.99,50.86,51,70.7,19.7,small,,,18,380,329,15,2026-04-10 07:38:39.967168+00,
Aubrey,TX,Texas,United States,South,2026,4804600,5049,33.3085496,-96.9790879,30,396cff85-b54a-481a-a9bc-96aa4a6b008b,57,45.87,24.62,,,35.25,,,,32.65,32.65,,32.65,28.17,36.42,,,36.42,,50.83,51,4.2,106.9,small,,,7,381,330,6,2026-04-09 10:17:40.640757+00,
Portsmouth,OH,Ohio,United States,Midwest,2026,3964304,18252,38.753376,-82.9494656,25,6758c94a-8d39-41d3-99ad-a46bb277f5b8,52.09,56.51,41.65,,32.84,45.47,58.54,,58.7,30.94,25.39,75.23,49.08,67.62,55.83,,23.87,43.54,,50.79,51,168.7,59.9,small,,,13,382,331,12,2026-04-10 13:38:40.394211+00,
Atlantic Highlands,NJ,New Jersey,United States,Mid-Atlantic,2026,3402110,4414,40.4117712,-74.0198359,25,bbc09f4a-f059-4ff5-bd46-5c571290dae8,75.34,74.59,71.59,,,73.09,,,,2.88,2.88,6.2,3.88,49.16,60.42,,,60.42,,50.77,51,44.4,10.8,small,,,19,383,332,16,2026-04-10 06:40:40.191858+00,
Darlington,WI,Wisconsin,United States,Midwest,2026,5518875,2462,42.6837,-90.1148,25,c07bc9c7-b48b-4419-873b-62b226e96623,61.42,53.47,1.75,,,27.61,,,64.15,,44.87,63.82,56.03,46.33,62,,,62,,50.77,51,34.5,14.6,small,,,49,383,332,45,2026-04-15 16:20:40.828826+00,
Homer,AK,Alaska,United States,Pacific,2026,233140,5522,59.6425,-151.5483,25,ab893615-4604-432a-ba20-601d63c27eb5,65.2,55.82,49.61,37.8,,50.85,56.51,45.58,48.76,22.9,44.58,55.78,47.41,64.51,66.12,10.99,,40.39,23.29,50.7,51,135.9,52.5,small,,,7,385,334,6,2026-04-16 01:53:40.611543+00,
Ivins,UT,Utah,United States,Mountain,2026,4938710,8978,37.1687,-113.6798,25,8d460294-3e95-402c-b445-87a317b3ae20,56.6,58.95,34.87,33.8,,45.27,,45.5,,,,33.8,38.48,62.66,66.56,57.1,,62.15,,50.68,51,212,38.4,small,,,13,386,335,12,2026-04-11 02:14:40.900362+00,
Knob Noster,MO,Missouri,United States,Midwest,2026,2939188,2782,38.767334,-93.5636425,25,a322b439-a4d4-47dd-a6a7-af8b8ebb0d98,66.57,58.7,43.99,46.57,,50.75,16.51,,,,28.82,,23.35,68.4,55.63,,,55.63,,50.66,51,40.7,21.6,small,,,4,387,336,4,2026-04-14 03:03:40.573558+00,
Chester,NJ,New Jersey,United States,Mid-Atlantic,2026,3412580,1681,40.7906283,-74.6900853,25,31e21e0b-3378-41de-bb10-a8038ff86ed4,67.88,60.17,57.53,,,58.85,21,,,22.03,43.25,,31.3,65.91,31.15,,,31.15,,50.6,51,17.1,10.8,small,,,20,388,337,17,2026-04-10 08:16:40.032158+00,
Pella,IA,Iowa,United States,Midwest,2026,1962040,10464,41.4047155,-92.9174118,25,c4c6ff04-18f5-4642-8ab6-83956efa25f0,62.33,53.71,37.61,,67.31,50.47,43.22,57.88,19.33,42.41,39.75,,38.21,59.67,66.85,17.28,,43.72,,50.59,51,101.2,63,small,,,12,389,338,8,2026-04-08 21:02:40.949218+00,
West Lafayette,IN,Indiana,United States,Midwest,2026,1882862,44595,40.4437069,-86.9236162,30,b64753f7-7f5b-49b1-874a-dd865d0d57b7,56.66,53.58,12.43,,64.45,39.99,55.48,15.02,,16.58,25.57,32.78,31.96,69.43,67.97,76.55,44.15,65.02,,50.56,51,182.9,199.3,small,,,4,390,339,2,2026-04-09 04:08:40.400935+00,
Wilson,WY,Wyoming,United States,Mountain,2026,5683765,1567,43.4752349,-110.9145444,30,ec7a1eb3-9d57-46fd-a348-1f474028f390,64.77,58.23,27.64,,,42.94,47.41,,,,,,47.41,47.78,45.5,41.43,47.25,44.51,,50.51,51,73.4,75.9,small,,,2,391,340,2,2026-03-31 01:45:41.304683+00,
Bentonville,AR,Arkansas,United States,South,2026,505320,54262,36.3526625,-94.2311811,25,d702a85d-d078-49d3-9549-6a8a5e3d4635,57.04,46.68,45.25,57.77,61.69,50.29,39.45,41.33,22.26,33.47,46.95,,37.13,56.91,53.97,66.04,55.87,58.67,,50.46,50,792.7,207.9,medium,,,1,392,41,1,2026-04-07 18:34:49.932826+00,
St. Simons,GA,Georgia,United States,South,2026,1368040,14982,31.180149,-81.3853765,30,12999060-a578-45a1-b196-b3e2ed21d723,52.1,54.05,35.6,,,44.83,18.48,,26.68,50.11,43,75,40.05,60.11,50.46,68.14,8.38,46.13,,50.46,50,66.3,249.1,small,,,4,392,341,4,2026-05-08 21:53:49.571165+00,
Lahaina,HI,Hawaii,United States,Pacific,2026,1542950,12674,20.8860478,-156.6661947,25,a496ea77-168f-4b81-a0c8-2e5ff303696a,59.95,51.84,41.69,,,46.77,45.35,,,31.42,58.57,,48.83,62.49,43.07,,47.41,44.74,37.85,50.44,50,59.5,17.2,small,,,1,394,342,1,2026-04-08 20:20:41.571803+00,
Millburn,NJ,New Jersey,United States,Mid-Atlantic,2026,3446380,21710,40.7416078,-74.3212863,25,528bc68c-2ba1-45a2-9b44-275e68731d5c,61.01,42.47,61.41,,,51.94,54.72,,,43.35,56.41,28.85,48.16,59.06,46.97,,,46.97,44.86,50.36,50,176.7,50.5,small,,,21,395,343,18,2026-04-10 07:46:40.224895+00,
Skiatook,OK,Oklahoma,United States,South,2026,4067850,8463,36.3687,-96.0048,25,99c2dc8e-7e5e-4f8e-8e31-aeaa4fd033f3,57.93,53.75,31.25,,,42.5,,,,,39.51,,39.51,55.34,52.58,65.82,,58.76,,50.33,50,126.3,52,small,,,1,396,344,1,2026-04-14 05:54:40.307988+00,
Maurice River,NJ,New Jersey,United States,Mid-Atlantic,2026,3444580,6218,39.3562,-75.0648,25,797f1727-3cc6-4cd2-a3de-5af536fa1a49,28.98,25.27,41.02,,,33.15,,,,,,,,14.22,40.97,,,40.97,,50.25,50,100,150.6,small,,,22,397,345,19,2026-04-14 07:16:40.831697+00,
Westlake Village,CA,California,United States,Pacific,2026,684438,8029,34.1366751,-118.8173674,25,e4ded4a9-7d27-4a45-9f62-1a07c922d10e,62.97,43.09,20.12,,,31.61,44.2,23.64,,,13.77,,26.63,32.41,67.07,,,67.07,,50.24,50,63.5,28.3,small,,,52,398,346,46,2026-04-09 08:58:40.133378+00,
Centerville,OH,Ohio,United States,Midwest,2026,3913190,24240,39.6343345,-84.1457169,25,112b46d4-1aad-4f29-bcde-bb9b24acd607,62.01,54.1,49.15,,,51.63,21.19,29.21,57.69,12.3,12.3,49.47,30.42,50.11,62.53,39.53,,51.8,,50.17,50,283.3,57.2,small,,,14,399,347,13,2026-04-10 12:21:40.691382+00,
Middleton,WI,Wisconsin,United States,Midwest,2026,5551575,21827,43.1069587,-89.5063398,25,a0669965-9e9a-4c52-a891-8ab959e28819,53.07,40.93,49.92,,,45.43,1.64,23.82,,26.04,37.98,25.87,23.36,68.2,72.72,60.27,,66.91,,50.13,50,188.3,66.9,small,,,50,400,348,46,2026-04-09 13:46:48.128795+00,
Sturbridge,MA,Massachusetts,United States,New England,2026,2568120,2385,42.0971062,-72.0549947,25,c3f46986-6833-47b2-82a7-5de418c3b844,62.77,61.3,,,,61.3,,32.44,,,68.26,,58.03,58.31,20.04,,,20.04,,50.03,50,7.6,48.4,small,,,5,401,349,5,2026-04-11 01:54:40.629672+00,
Gibraltar,WI,Wisconsin,United States,Midwest,2026,5528950,1228,45.1661359,-87.2690479,25,2ae14fb7-4ec7-4b65-a5a8-2cd830d52a70,70.8,57.02,21.39,,,39.21,,,,,46.78,,46.78,59.16,50.19,2.98,,28.16,,50.03,50,189.8,76.5,small,,,51,401,349,47,2026-04-09 11:15:40.561549+00,
San Fernando,CA,California,United States,Pacific,2026,666140,23946,34.2886523,-118.4362428,25,26fdb4f0-10d0-46c9-9d33-a0a1346a756f,49.63,45.82,57.9,,,51.86,40.62,41.7,58.74,19.25,21.5,25.48,35.16,68.65,59.3,,29.92,48,,49.99,50,81.5,29.4,small,,,53,403,351,47,2026-04-09 07:18:40.56507+00,
Galena,IL,Illinois,United States,Midwest,2026,1728300,3308,42.42206,-90.4278035,30,d4c26f0e-73a4-4347-9c0e-6525c29a8c57,57.99,49.87,50.55,,,50.21,62.93,53.38,,62.93,55.32,10.01,49.44,51.26,60,,9.5,40.58,,49.98,50,69.2,20.6,small,,,8,404,352,5,2026-04-08 22:34:41.047812+00,
Edgewater,NJ,New Jersey,United States,Mid-Atlantic,2026,3420020,14336,40.82465,-73.9737928,25,26707790-20a0-416f-bd42-04fd535902fd,65.12,54.37,16.5,,,35.44,48.97,16.01,,32.16,52.24,,42.57,65.99,51.99,,,51.99,,49.96,50,22.6,9.8,small,,,23,405,353,20,2026-04-10 06:56:40.018542+00,
Enumclaw,WA,Washington,United States,Pacific,2026,5322045,12543,47.2021788,-121.9889763,25,1ee2b1d6-6a0a-4105-bdae-88049454f823,45.07,41.74,52.18,34.11,,45.35,56.26,43.05,47.79,23.22,44.38,47.57,45.67,61.66,67.38,,35.34,55.06,,49.85,50,110.8,36.1,small,,,9,406,354,8,2026-04-09 17:03:40.906782+00,
State College,PA,Pennsylvania,United States,Mid-Atlantic,2026,4273808,40501,40.791039,-77.8568134,25,85ca3969-9197-4641-9595-38b22574a36e,56.02,48.85,40.85,15.79,,41.22,52.25,33.65,,27.42,35.83,40.59,39.5,71.75,67.74,,35.18,55.22,41.08,49.83,50,128.3,31.4,small,,,27,407,355,26,2026-04-10 10:31:44.76795+00,
East Troy,WI,Wisconsin,United States,Midwest,2026,5522100,4687,42.7851838,-88.3955732,25,655cc4e8-4f12-472e-aa2b-f6270e9a8fbd,61.82,50.89,39.9,,,45.4,12.71,7.96,,44.93,39.67,34.97,28.74,63.6,56.95,,,56.95,,49.79,50,40.8,24,small,,,52,408,356,48,2026-04-09 12:11:40.028903+00,
Belmont,CA,California,United States,Pacific,2026,605108,28335,37.5143975,-122.2944751,25,aff5a4dc-38a2-48d9-950d-df639dc80ce4,57.49,55.11,63.36,,47.72,56.68,6.45,43.56,,,50.27,36.78,33.9,66.92,69.53,,32.24,55.19,10.13,49.78,50,159.1,31.8,small,,,54,409,357,48,2026-04-09 04:36:40.335436+00,
Cambridge,MA,Massachusetts,United States,New England,2026,2511000,118403,42.3760428,-71.1186798,25,95cfe4c9-470c-4984-9983-31023c808b93,36.46,36.5,60.87,33.72,68.62,51.18,40.8,44.46,33.54,42.06,56.33,35.94,42.99,73.54,71.08,74.23,22.19,59.96,34.81,49.76,50,256.1,100,medium,,,6,410,42,1,2026-04-11 01:50:45.547059+00,
Lusby,MD,Maryland,United States,Mid-Atlantic,2026,2448800,2072,38.362356,-76.4379152,30,cee0be2b-6ddf-4516-a2e5-0325efa8381f,74,50.96,44.58,,,47.77,,,,17.9,23.91,,22.19,37.31,,,,,,49.65,50,10.9,48.6,small,,,4,411,358,4,2026-04-10 00:08:40.349904+00,
Salyersville,KY,Kentucky,United States,South,2026,2168232,1591,37.7418935,-83.0635843,35,9201629c-2b5e-41a4-913e-cc5ae039974e,46.88,55.1,54.18,,,54.64,35.3,,,32.58,42.11,42.11,38.8,66.9,42.83,,,42.83,,49.62,50,3.1,39.1,small,,,3,412,359,3,2026-04-08 20:58:40.271008+00,
Racine,WI,Wisconsin,United States,Midwest,2026,5566000,77816,42.7255685,-87.814224,25,aefd624c-58e4-4db1-9d6f-438be28140d3,53.7,42.84,61.38,20.59,,48.17,33.02,42.54,43.73,33.89,25.41,34.32,34.49,68.87,74.08,66.32,28.81,60.05,1.92,49.6,50,451.1,128,medium,,,53,413,43,4,2026-04-09 14:30:41.646785+00,
Stow,OH,Ohio,United States,Midwest,2026,3974944,34483,41.1762614,-81.4365227,25,4d9ec550-900a-4153-a35c-459618fff9e7,52.62,47.22,39.73,,,43.48,31.61,22.23,31.22,24.6,38.2,44.16,33.42,65.3,62.46,,12.83,43.37,,49.59,50,279.7,78,small,,,15,414,360,14,2026-04-10 12:48:40.444684+00,
Fayette,AL,Alabama,United States,South,2026,125840,4285,33.6942153,-87.831169,25,1bd5c7a0-92f9-4e7f-872a-0efc2259bf15,65.28,54.63,58.36,63.44,,57.36,43.47,,32.49,,41.68,,39.4,41.96,45.77,,59.25,50.95,,49.53,50,96.3,26.3,small,,,7,415,361,6,2026-04-06 23:34:40.834731+00,
Jackson,MI,Michigan,United States,Midwest,2026,2641420,31309,42.2434406,-84.4048583,25,34ee0321-503c-4761-b93a-40a5aec0973d,53.53,44.82,63.63,,,54.23,5.02,,36.15,4.88,4.33,,13.07,74.67,63.07,57.38,,60.41,30.2,49.52,50,328.3,87.8,small,,,49,416,362,43,2026-04-10 04:22:42.243386+00,
Gulf Shores,AL,Alabama,United States,South,2026,132272,15059,30.2771719,-87.7023551,25,277e3f92-84b9-467a-85e2-990258372b8c,63.25,50.86,13.55,11.69,32.05,30.12,31.29,28.84,,17.16,37.39,49.5,34.54,65.22,53.21,61.27,,56.97,,49.5,50,315,88.5,small,,,8,417,363,7,2026-04-06 23:48:40.067645+00,
Battle Creek,MI,Michigan,United States,Midwest,2026,2605920,52706,42.2991758,-85.2292672,25,051dc222-7b61-4bc6-8b57-bc6895074165,61.15,48.38,54.33,45.27,43.74,49.22,23.07,43.3,35.57,31.61,33.21,41.62,33.76,65.67,66.05,53.04,38.48,54.6,17.58,49.5,50,634.3,186.3,medium,,,50,417,44,6,2026-04-10 04:50:49.693284+00,
Lebanon,NH,New Hampshire,United States,New England,2026,3341300,14282,43.6354277,-72.2538366,25,4bec6793-b8d2-4cc7-9b84-e8f0f71ab29a,56.94,49.59,42.75,18.66,32.27,40.64,35.57,32.79,41.91,36.45,35.98,51.28,39.11,63.12,68.02,45.11,,57.33,23.72,49.49,49,327.1,113.1,small,,,4,419,364,4,2026-04-14 06:43:40.673246+00,
Bella Vista,AR,Arkansas,United States,South,2026,504840,30104,36.4666414,-94.266317,25,e23f7c63-e336-4516-9ca9-624b61106496,60.58,54.86,67.08,,,60.97,27.65,32.39,47.91,24.18,24.97,,31.78,39.37,55.35,74.49,51.84,61.17,,49.46,49,1180.5,188.4,small,,,2,420,365,1,2026-04-07 18:26:41.178847+00,
Crockett,CA,California,United States,Pacific,2026,617274,3242,38.0519195,-122.2201268,25,2a4858a3-3870-4245-a596-83cbc4dfe012,54.15,47.33,60.24,,,53.79,,,,,,,,33.13,53.02,,59.07,55.35,,49.46,49,26.5,11.1,small,,,55,420,365,49,2026-04-09 05:07:44.873609+00,
Portola,CA,California,United States,Pacific,2026,658352,2100,39.811,-120.4697,25,b452fd84-4496-40ab-b263-e7291424b5a1,63.42,54.49,28.62,,,41.56,,,36.53,,45.45,,41.49,58.69,46.99,,,46.99,,49.45,49,38.4,7.1,small,,,56,422,367,50,2026-04-10 22:05:40.585534+00,
Camp Hill,PA,Pennsylvania,United States,Mid-Atlantic,2026,4211000,8130,40.242192,-76.9274001,25,80071f3c-09e5-46bf-931c-39871b0d2642,53.32,57.21,45.68,,,51.45,34.17,30.29,,5.86,45.27,,33.49,54.09,59.6,,,59.6,,49.45,49,69.1,21.5,small,,,28,422,367,27,2026-04-10 09:21:40.828581+00,
Menomonee Falls,WI,Wisconsin,United States,Midwest,2026,5551000,38502,43.1594108,-88.1215481,25,36d994cc-6da7-4490-a661-e6bd09218504,57.98,47.55,37.55,43.38,,42.65,26.7,39.04,41.36,31.04,35.55,73.24,40.49,64.65,55.48,52.05,,53.88,,49.45,49,487.5,136.6,small,,,54,422,367,49,2026-04-09 12:12:40.52599+00,
Fayetteville,AR,Arkansas,United States,South,2026,523290,94213,36.0714549,-94.1665644,20,ad11d3c6-b55f-4f41-8ebf-c83f85f0c67c,50.41,44.39,45.81,,56.96,47.74,42.2,36.66,38.62,22.28,33.89,38.6,36.32,68.87,57.33,62,33.35,52.97,42.87,49.43,49,982,304,medium,,,3,425,45,2,2026-04-07 19:05:50.921947+00,
Big Bear Lake,CA,California,United States,Pacific,2026,606434,5036,34.2428884,-116.8938931,25,8bd5dfc3-a4c3-4bbd-b778-34a41ee8e8df,59.09,48.32,34.83,,,41.58,31.24,48.95,6.09,4.84,24.85,,22.42,70.23,48.86,,46.47,47.94,,49.43,49,189.2,27.6,small,,,57,425,370,51,2026-04-09 05:10:40.953491+00,
Bethlehem,NH,New Hampshire,United States,New England,2026,3305460,2484,44.2512,-71.6748,30,0373b611-8560-4a9d-8859-14bb2b3684b0,58.74,53.7,51.22,,,52.46,,,,,19.28,,19.28,49.97,58.98,,42.12,52.5,,49.43,49,107.9,172.6,small,,,5,425,370,5,2026-04-14 07:10:40.485577+00,
Platteville,WI,Wisconsin,United States,Midwest,2026,5563250,11836,42.7279235,-90.4681032,25,9efaabd3-cb5e-4dbf-99f5-3cb0b5496b66,57.99,47.5,48.58,2.29,86.68,51.19,8.61,50.94,32.78,5.24,36,47.72,30.05,51.15,75.63,45.82,,61.72,,49.4,49,135.3,25,small,,,55,428,372,50,2026-04-09 13:26:40.41859+00,
Hiram,GA,Georgia,United States,South,2026,1339076,4929,33.890794,-84.7505493,30,a8414bde-4793-4168-b37b-ae4218ea136c,64.54,43.84,15.51,,,29.68,4.26,6.2,38.18,7.75,26.02,,19.28,65.78,11.15,,,11.15,,49.39,49,6.6,79.4,small,,,5,429,373,5,2026-04-09 21:55:40.252861+00,
Chanhassen,MN,Minnesota,United States,Midwest,2026,2710918,25947,44.8542851,-93.5623836,30,261aa1b9-3913-49b4-b65a-ac255ee3a595,62.2,49.46,33.52,65.52,,44.49,43.25,32.16,,26.65,34.8,51.45,38.69,57.01,70.8,72.95,56.3,67.93,2.43,49.38,49,206.2,331.2,small,,,10,430,374,4,2026-04-10 13:48:40.378952+00,
Gahanna,OH,Ohio,United States,Midwest,2026,3929106,35726,40.0367471,-82.8798616,25,ce6f0d19-69ec-4078-a016-e675c318a122,59.99,42.54,48.74,,,45.64,10.74,30.58,,12.99,47.27,24.18,27.44,50.14,71.19,,35.87,57.61,,49.36,49,264.3,69.1,small,,,16,431,375,15,2026-04-10 12:49:40.303197+00,
River Falls,WI,Wisconsin,United States,Midwest,2026,5568275,16203,44.8608501,-92.6257077,25,68528fe0-f8ad-40f4-a865-99b256172db4,54.65,41.32,41.41,37.84,72.8,47.3,26.98,22.23,11.18,1.61,33.06,32.03,23.09,61,74.08,81.81,27,65.02,,49.36,49,177.7,45.8,small,,,56,431,375,51,2026-04-09 13:03:40.019639+00,
East Palo Alto,CA,California,United States,Pacific,2026,620956,30034,37.4677798,-122.1325502,25,76d3095f-ca65-4988-b67e-94c4cc1c526d,45.96,38.27,52.73,,,45.5,,24.48,,,45.97,44.22,41.15,58.79,59.05,,,59.05,,49.29,49,75.6,25.7,small,,,58,433,377,52,2026-04-09 05:50:40.77702+00,
Merced,CA,California,United States,Pacific,2026,646898,86333,37.3057212,-120.4779067,25,add98e3a-a696-4bf4-92fb-c8a2cedfe79c,57.54,48.88,55.36,20.58,,48.18,46.16,24.4,22.22,19.12,48.89,17.25,32.84,59.22,61.81,46.89,,54.85,35.51,49.28,49,544.6,121.1,medium,,,59,434,46,6,2026-04-09 07:49:41.64801+00,
East Merrimack,NH,New Hampshire,United States,New England,2026,3321780,5176,42.8719786,-71.4810562,30,81baf0f1-eb97-4d41-a08f-f330bc7a4d8a,57.82,54.7,37.57,,,46.14,33.97,11.35,,46,40.7,,34.93,69.68,50.68,,5.13,33.16,,49.28,49,11.4,45.5,small,,,6,434,378,6,2026-04-14 08:29:40.498513+00,
Sanger,CA,California,United States,Pacific,2026,667056,26617,36.7012193,-119.5573965,25,74f79a3f-316c-428c-9dfc-04317a4b38ad,52.41,46.78,54.49,,,50.64,,,,22.26,30.91,54.77,36.34,54.53,65.22,,46.6,58.06,,49.27,49,153.2,27.2,small,,,60,436,379,53,2026-04-09 07:12:40.376901+00,
Staten Island,NY,New York,United States,Mid-Atlantic,2026,3662000,495710,40.5795,-74.1502,20,bb5ac86d-2981-43a9-a9fb-ba7b8ca3aae4,45,37.32,57.03,29.41,31.7,42.3,46.11,40.19,27.73,48.68,49.91,49.49,43.56,68.79,68.51,27.6,34.15,45.6,35.54,49.27,49,1667.2,431.9,large,,,9,436,12,4,2026-05-08 22:14:31.523641+00,
Kaunakakai,HI,Hawaii,United States,Pacific,2026,1531100,3419,21.0941542,-157.000949,25,445b34b3-17f3-4a56-a2bc-76c9bf15edfb,59.61,56.2,53.59,,,54.9,,,54.6,,49.64,,51.84,58.63,10.78,,53.59,27.25,,49.26,49,44,19.4,small,,,2,438,380,2,2026-04-08 20:22:41.052685+00,
Vestavia Hills,AL,Alabama,United States,South,2026,178552,39143,33.4624959,-86.7395079,25,2479f7e5-3332-47fa-9e2f-1fa3497c2914,64.94,53.21,32.1,,,42.66,53.87,43.47,,41.93,48.54,,48.38,56.37,40.19,,,40.19,,49.24,49,381.5,59,small,,,9,439,381,8,2026-04-06 23:42:41.51564+00,
Northlake,TX,Texas,United States,South,2026,4852212,5237,33.0738119,-97.2562482,30,34e426c4-6e82-4155-b078-db5cf4b1a2d5,67.34,39.41,31.91,,,35.66,39.55,28.35,,,,,35.82,45.62,66.34,,43.9,57.71,,49.2,49,21.9,163.8,small,,,8,440,382,7,2026-04-09 10:25:40.459458+00,
Tiburon,CA,California,United States,Pacific,2026,678666,9146,37.8936,-122.4561,25,fe3c0a46-f742-4998-810c-ebd288d62d7c,72.56,69.27,41.11,,,55.19,,,,92.94,19.71,,40.63,48.24,57.66,,,57.66,18.23,49.19,49,85.5,18.7,small,,,61,441,383,54,2026-04-10 21:28:40.463643+00,
Albany,CA,California,United States,Pacific,2026,600674,20271,37.8906499,-122.3181164,25,a3a309a0-3141-4741-8e43-f3eede678f94,57.05,48.62,71.43,,26.92,52.67,49.77,56.77,,3.32,30.16,49.3,38.62,41.37,73.02,,34.52,58.21,,49.12,49,60.4,25.4,small,,,62,442,384,55,2026-04-09 05:04:40.132819+00,
Hendersonville,TN,Tennessee,United States,South,2026,4733280,61809,36.3072945,-86.5988907,25,2086877f-988f-4803-8d38-af1434f30414,66.29,51.05,42.02,,11.05,38.65,9.51,6.89,34.36,17.19,16.22,7.3,16.33,46.42,49.37,18.64,,35.03,,49.08,49,601.4,107.1,medium,,,3,443,47,1,2026-04-07 00:59:41.573138+00,
Leland,NC,North Carolina,United States,South,2026,3737680,23852,34.2137356,-78.0431807,35,9cdcbf40-c90d-4951-a895-74bea435593b,61.08,53.37,34.27,,,43.82,23.35,,,84.59,52.83,,47.88,45.74,39.77,,45.78,42.08,,48.93,49,22.8,383.6,small,,,2,444,385,2,2026-04-10 09:33:40.529481+00,
Holton,MI,Michigan,United States,Midwest,2026,2638820,2586,43.3923,-86.1148,25,0a03d160-84dd-4a72-a5f5-c58684581d20,64.61,53.5,40.77,,,47.14,,,,,,,,9.52,31.71,70.66,,49.89,,48.89,49,145.6,53,small,,,51,445,386,44,2026-04-14 08:17:40.056761+00,
Lee's Summit,MO,Missouri,United States,Midwest,2026,2941348,101108,38.9216011,-94.3847631,25,64cb0887-217e-483d-b349-d54228b64f89,58.63,48.67,42.51,53.3,,46.55,26.26,7.77,9.06,29.91,42.16,23.94,24.96,51.76,68.5,62.41,26.28,55.81,19.82,48.88,49,1063.3,289.5,medium,,,5,446,48,1,2026-05-08 21:53:56.309152+00,
Harveys Lake,PA,Pennsylvania,United States,Mid-Atlantic,2026,4233000,2783,41.3647131,-76.0447434,25,84ad9af0-fdd0-410e-bdeb-e624995c9741,53.8,53.49,49.85,,,51.67,,,,,,,,37.96,49.85,,,49.85,,48.85,49,39.3,26,small,,,29,447,387,28,2026-04-10 09:50:40.070885+00,
Willoughby,OH,Ohio,United States,Midwest,2026,3985484,23959,41.645285,-81.4143529,25,40d6e10f-f0ac-4e8f-b7dc-92c388b208a3,54.01,51.33,47.43,51.14,,49.6,31.31,46.02,40.13,21.9,41.59,51.29,39.17,49.26,51.29,,,51.29,51.14,48.82,49,178.2,57.5,small,,,17,448,388,16,2026-04-10 12:22:40.493252+00,
Buchanan,MI,Michigan,United States,Midwest,2026,2611400,4300,41.8282907,-86.3659742,25,a819a52f-418a-4834-ae1a-bdcaa09c8333,71.52,41.79,69.97,,,55.88,5.42,,,4.09,,,4.98,52.36,75.21,,65.72,71.56,,48.81,49,48.6,13.5,small,,,52,449,389,45,2026-04-10 02:55:40.559312+00,
Cuyahoga Falls,OH,Ohio,United States,Midwest,2026,3919778,51114,41.1828813,-81.5530077,25,1758702a-eab5-43a6-b49f-e5e719620b03,50.13,36.48,49.02,8.7,,38.49,32.37,41.4,46.43,24.41,33.1,45.33,37.42,68.76,67.76,17.83,35.67,42.26,1.67,48.78,49,353.3,150.5,medium,,,18,450,49,2,2026-04-10 14:06:42.784802+00,
Vienna,VA,Virginia,United States,South,2026,5181072,16473,38.8985761,-77.2583226,25,87b3822b-b05d-426c-ba23-4db029b9bfc9,50.99,47.23,47.09,,,47.16,20.4,22.69,,34.42,50.01,,34.3,56.64,69.9,57.85,45.79,59.66,,48.78,49,129.3,35.7,small,,,10,450,390,10,2026-04-10 11:00:39.833782+00,
Wayne,PA,Pennsylvania,United States,Mid-Atlantic,2026,4281752,7160,40.0396039,-75.3926597,25,ece6277e-2b47-48e2-a61c-1276e44d2f71,60.13,43,42.42,,,42.71,28.01,14.53,,37.17,,18.32,24.58,66.76,70.9,,,70.9,37.17,48.76,49,49.6,12.6,small,,,30,452,391,29,2026-04-10 10:09:44.134627+00,
Sharon,PA,Pennsylvania,United States,Mid-Atlantic,2026,4269720,13147,41.2337,-80.5023,25,b10f619e-5f45-4c15-aca2-03d116231735,51.2,46.25,48.88,,18.91,41.2,,,53.16,14.57,41.17,,40.69,59.72,55.93,,,55.93,,48.74,49,124.2,29.7,small,,,31,453,392,30,2026-04-14 09:57:41.01372+00,
Milton,VT,Vermont,United States,New England,2026,5045175,3804,44.6387,-73.1148,25,2a30aedb-1259-461b-93be-3aea4c79a25b,60.16,54.61,38.7,,,46.66,28.14,,,32.82,47.64,,37.85,73.66,24.51,,23.66,24.18,,48.74,49,36.6,15.4,small,,,5,453,392,5,2026-04-14 02:26:40.276226+00,
Brookfield,IL,Illinois,United States,Midwest,2026,1708576,19476,41.824867,-87.853447,25,a44f0ffb-a065-499a-a7e7-297182ff83ff,56.66,48,48.52,,,48.26,38.47,54.79,,19.57,23.96,4.17,27.18,75.23,70.16,,12.37,47.93,44.05,48.7,49,113.1,26.4,small,,,9,455,394,6,2026-04-14 04:55:45.021575+00,
Sheboygan,WI,Wisconsin,United States,Midwest,2026,5572975,49981,43.7387131,-87.731531,25,94b0ab3a-9f77-465e-8202-d5c05d25a176,53.55,45.73,67.83,,5.16,45.31,9.85,0.95,31.83,19.88,27.45,14.44,19.45,67.65,68.04,,27.41,52.41,43.83,48.66,49,417,101.8,small,,,57,456,395,52,2026-04-09 14:19:44.124608+00,
Klamath Falls,OR,Oregon,United States,Pacific,2026,4139700,21827,42.2188449,-121.7787184,25,b87ddbd0-c02d-4df8-968c-177066fa093e,66.4,53.21,63.5,61.88,,58.8,28.01,30.69,45.97,17.27,62.67,59.72,44.22,61.81,68.37,9.29,20.01,35.6,1.39,48.65,49,372.5,79.4,small,,,3,457,396,2,2026-04-08 01:38:41.226321+00,
Papillion,NE,Nebraska,United States,Midwest,2026,3138295,25373,41.1433744,-96.0780881,25,f98a7e37-cfd3-4e0c-b3ab-be33e3f05fa5,55.3,41.84,45.13,,,43.49,31.91,20.3,30.93,16.88,30.24,18.53,26.63,62.05,67.72,47.94,,58.49,,48.62,49,291.5,79.4,small,,,2,458,397,2,2026-04-07 02:50:44.94852+00,
Kalispell,MT,Montana,United States,Mountain,2026,3040075,24661,48.216152,-114.3276448,25,aeb9028b-3a29-4593-ad66-2eb1a44e26ae,58.55,41.04,40.39,34.61,,39.95,28.82,30.67,6.88,24.45,19.92,47.3,24.73,64.55,65.49,41.52,,54.3,,48.59,49,279.6,92.5,small,,,9,459,398,9,2026-04-14 07:35:40.530703+00,
Yarmouth,ME,Maine,United States,New England,2026,2387810,6125,43.8001,-70.1887,25,72295d66-49ab-4255-b827-b9a8c639ed2f,50.12,42.44,41.66,,,42.05,23.73,22.72,,27.45,31.54,55.97,32.55,62.56,62.52,,,62.52,,48.58,49,89,27.7,small,,,10,460,399,10,2026-04-14 06:41:40.297939+00,
Eau Claire,WI,Wisconsin,United States,Midwest,2026,5522300,69509,44.8183435,-91.4947691,25,7b191887-cb76-49dd-83fe-566bb3c3b1b0,53.31,49.38,47.7,38.43,44.62,46.75,34.32,29.61,47.12,30.81,26.85,21.67,32.29,61.95,66.76,61.66,25.81,54.74,32.46,48.58,49,750.6,227,medium,,,58,460,50,5,2026-04-09 12:14:41.609065+00,
Smithville,MO,Missouri,United States,Midwest,2026,2968420,10448,39.3968687,-94.5709873,25,0bb928a7-2601-400b-87b2-b5fd7faf3f07,63.28,55.97,25.24,,,40.61,,27.48,13.85,19.76,9.15,44.24,20.52,38.87,52.07,,,52.07,,48.54,49,106.4,63,small,,,6,462,400,5,2026-04-14 03:16:40.687572+00,
Middleton,MA,Massachusetts,United States,New England,2026,2541095,9779,42.5926,-71.0087,25,753a120c-c177-46a7-be44-1f5fa3fa6586,53.61,53.45,30.43,,,41.94,28.26,,,43.25,40.58,,36.59,47.44,68.6,,,68.6,,48.53,49,90.3,111.1,small,,,7,463,401,6,2026-04-14 03:08:40.132514+00,
Plainfield,NJ,New Jersey,United States,Mid-Atlantic,2026,3459190,54586,40.6154442,-74.4157753,25,f05eee34-ed10-4be1-a91b-d4801156bef3,65.24,46.03,68.75,39.5,,55.15,21.91,40.63,,51.19,36.66,0.85,28.57,52.77,54.69,,,54.69,34.69,48.5,49,167.5,44.4,medium,,,24,464,51,4,2026-04-10 08:01:40.466369+00,
Rapid City,SD,South Dakota,United States,Midwest,2026,4652980,74703,44.0710712,-103.2179242,25,5c676801-fa48-49ee-a46c-22e9444d6759,55.13,41.09,43.3,22.45,35.3,38.84,40.25,27.17,50.93,36.47,31.42,32.47,37.33,61.6,60.87,71.08,39.2,59.03,53.63,48.49,48,817.4,324.8,medium,,,4,465,52,1,2026-03-31 23:10:49.996558+00,
Missoula,MT,Montana,United States,Mountain,2026,3050200,73788,46.8743587,-114.0261362,25,d796902d-cb03-4ad6-a231-ed77e5ba19ee,52.88,38.53,53.17,46.52,31.61,43.07,31.36,34.36,8.01,23.94,43.02,40.87,30.59,65.11,72.68,63.16,17.2,55.48,8.69,48.46,48,879.5,199,medium,,,10,466,53,1,2026-04-14 13:03:57.527578+00,
Corvallis,OR,Oregon,United States,Pacific,2026,4115800,59979,44.5699488,-123.2782855,25,c4b87ba4-79f4-4b41-8c69-c94ff3ee52a0,51.7,39.76,46.37,58.98,66.46,49.34,46.98,46.37,9.95,44.6,52.15,49.55,40.95,60.7,66.24,16.14,38.48,41.77,51.67,48.41,48,356.8,127.5,medium,,,4,467,54,1,2026-04-08 02:11:49.601939+00,
Avon Lake,OH,Ohio,United States,Midwest,2026,3903464,25206,41.4945045,-82.0160754,25,e3595a13-9628-48b9-a17d-ad1d6c7117da,59.34,47.41,36.95,,,42.18,22.15,32.9,,39.89,44.47,34.81,35.06,63.15,63.71,,5.14,41.18,,48.38,48,223.1,53.7,small,,,19,468,402,17,2026-04-10 12:21:41.000581+00,
Calabasas,CA,California,United States,Pacific,2026,609598,23241,34.1575,-118.6603,25,68356e94-daf0-44b5-b036-073ce48add94,56.73,45.27,46.26,,40.46,44.59,24.83,31.58,35.65,26.18,12.38,,24.67,40.57,65.72,37.41,49.4,51.73,,48.34,48,139.3,51.1,small,,,63,469,403,56,2026-04-10 20:42:41.03201+00,
Verona,WI,Wisconsin,United States,Midwest,2026,5582600,14049,42.9912653,-89.5392468,25,dc322954-55f6-4277-bdbf-055598e9f809,56.42,30.83,39.25,,,35.04,38.01,40.33,,29,42.8,48.82,40.7,54.39,74.5,58.16,49.48,62.53,,48.24,48,162.5,55.2,small,,,59,470,404,53,2026-04-09 13:41:40.758986+00,
Parkland,FL,Florida,United States,South,2026,1255125,34670,26.3213603,-80.2542964,30,d8a129eb-4994-49b9-91f4-99e3bf1e3e85,58.15,56.26,28.54,,,42.4,,30.3,,44.85,30.3,,33.53,33.57,53.79,,,53.79,,48.18,48,118.5,57.5,small,,,5,471,405,5,2026-04-09 19:47:41.050109+00,
Pewaukee,WI,Wisconsin,United States,Midwest,2026,5562240,15914,43.0787,-88.2598,25,e84ac05d-c371-412e-a1f3-ee98c846cb9e,64.73,37.74,25.05,50.15,,33.74,,,,,,,,35.91,52.25,,,52.25,,48.18,48,210.3,120.4,small,,,60,471,405,54,2026-04-15 16:26:40.659358+00,
Coronado,CA,California,United States,Pacific,2026,616378,20192,32.6576246,-117.1565392,25,fefe7a58-26db-4783-bb90-a2781b2fb9d2,51.65,45.6,56.7,,,51.15,,,8.72,29.5,42.48,,27.84,58.94,71.92,22.82,17.32,41.09,,48.17,48,115.6,41.1,small,,,64,473,407,57,2026-04-09 05:31:44.628022+00,
Watford City,ND,North Dakota,United States,Midwest,2026,3883860,6220,47.8014923,-103.2667311,25,e1fc6632-863c-4ee5-8162-1616e48e0bb3,66.38,58.79,56.14,,,57.47,,33.36,46.28,51.44,1.03,,27.68,21.93,60.14,,,60.14,,48.16,48,92.3,32,small,,,6,474,408,4,2026-04-07 02:30:40.493089+00,
Cadillac,MI,Michigan,United States,Midwest,2026,2612320,10493,44.2459403,-85.4311245,25,0b66138d-3af8-47cd-9b4f-ab50832448ff,62.29,52.79,52.37,,,52.58,39.22,,30.97,22.65,37.25,21.48,32.04,52.38,46.14,,,46.14,,48.13,48,135.2,46.4,small,,,53,475,409,46,2026-04-10 02:49:40.270906+00,
Poplar Bluff,MO,Missouri,United States,Midwest,2026,2959096,16289,36.7632591,-90.4139526,25,9536b0a3-ce5f-4d75-8a3c-c9d3bb82058b,69.84,50.1,56.24,53.55,,53.22,,33.81,63.86,31.66,10.68,,33.83,45.88,54.7,9.85,,33.77,66.27,48.13,48,302.6,63.1,small,,,7,475,409,6,2026-04-14 03:21:39.85622+00,
Eastampton Township,NJ,New Jersey,United States,Mid-Atlantic,2026,3418790,6191,39.9937,-74.7248,25,ce15caeb-e6d0-41d9-8372-ae96f6c6b7ba,57.35,43.8,33.88,,,38.84,,,,53.11,,,53.11,41.2,45.46,,,45.46,,48.12,48,58,22.2,small,,,25,477,411,21,2026-04-14 07:13:40.370158+00,
Miami Beach,FL,Florida,United States,South,2026,1245025,82890,25.8105959,-80.1488517,25,8db7062b-04c9-4bb2-9ed8-dc3b7d8ac296,51.29,48.89,56.91,,52.08,52.72,25.22,9.05,36.62,46.34,50.84,63.88,40.2,62.54,62,,33.47,51.03,0.05,48.08,48,204.6,91.1,medium,,,6,478,55,1,2026-04-09 20:24:42.149642+00,
Peachtree City,GA,Georgia,United States,South,2026,1359724,38244,33.391887,-84.5706555,30,527b5f25-fc83-4454-a14b-95f1074527cc,49.62,41.67,28.68,33.39,29.58,33.88,36.09,32.21,,41.05,46.97,51.84,42.58,56.57,65.13,84.33,15.77,59.51,,48.06,48,336.4,357.5,small,,,6,479,412,6,2026-04-09 22:28:42.542458+00,
Thomas,WV,West Virginia,United States,South,2026,5480020,579,39.1532214,-79.4932888,25,3f0065bd-e384-4cd4-984d-5eae8dec2412,62.58,52.12,53.02,,,52.57,,,,,,,,40.29,45.28,11.05,53.02,35.23,,48.05,48,24.9,8.4,small,,,3,480,413,3,2026-03-31 04:07:41.07771+00,
Manhattan,NY,New York,United States,Mid-Atlantic,2026,3610022,1694159,40.7831,-73.9712,20,bebe9eef-5e0d-488f-b1c8-eead44a16e5b,27.13,21.16,61.71,22.77,41.81,39.64,53.64,42.42,39.39,59.08,68.39,40.46,51.92,70.65,66.56,40.15,33.6,49.08,49.72,48.01,48,733.4,405.3,large,,,10,481,13,5,2026-05-08 22:14:30.724363+00,
Cross Roads,TX,Texas,United States,South,2026,4817852,1744,33.2204494,-96.9958082,30,541d8b7e-5644-4831-bf44-4c30ab73d069,63.34,48.26,42.43,,,45.35,29.39,57.14,,42.64,58.2,,46.78,47.78,42.43,,,42.43,,47.98,48,1.6,53.8,small,,,9,482,414,8,2026-04-09 09:10:40.225412+00,
Cherry Hills Village,CO,Colorado,United States,Mountain,2026,813845,6442,39.6374175,-104.9474697,30,1b895720-6bd3-4d59-9a2c-6f557da06f49,47.09,50.25,38.88,,,44.57,,,,,,,,7.43,52,49.82,,50.98,,47.95,48,49.2,121.5,small,,,13,483,415,11,2026-04-09 00:45:40.883604+00,
Cape Canaveral,FL,Florida,United States,South,2026,1210250,9972,28.3932261,-80.6047911,30,0b7161ee-9d05-4e76-8fd7-09a925f675a6,51.85,46.2,13.69,,,29.95,,,,39.34,,,39.34,56.52,55.76,,,55.76,,47.95,48,17.9,58.9,small,,,7,483,415,6,2026-04-09 18:27:40.520269+00,
San Carlos,CA,California,United States,Pacific,2026,665070,30722,37.4990342,-122.2675721,25,3fab9ffd-fe27-4e2e-a487-a258faea77e9,57.56,31.78,56.85,,,44.32,2.67,33.73,,35.14,38.64,,26.28,62.72,67.18,,,67.18,28.7,47.94,48,156,43.9,small,,,65,485,417,58,2026-04-09 07:52:40.259461+00,
Santa Barbara,CA,California,United States,Pacific,2026,669070,88676,34.4035918,-119.7137143,25,e97c98fa-fb26-458f-9a1b-a8e6832985a5,50.4,47.42,56.86,30.92,40.03,47.6,49.05,37.37,13.67,39.21,54.02,16.8,36.23,65.37,66.44,2.51,41.27,37.77,32.59,47.91,48,433.2,167.2,medium,,,66,486,56,7,2026-04-09 09:03:41.086825+00,
Union City,NJ,New Jersey,United States,Mid-Atlantic,2026,3474630,68589,40.7674246,-74.0322786,25,cd527ee0-e2f7-4c14-a0cf-931e512aa299,46.67,47.89,59.13,,,53.51,45.89,19.55,,56.49,54.52,28.63,43.38,72.19,60.76,,36.55,51.45,2.06,47.88,48,43.6,28,medium,,,26,487,57,5,2026-04-10 08:02:40.449234+00,
Yazoo City,MS,Mississippi,United States,South,2026,2881520,10316,32.8622192,-90.407996,25,33c95822-a12d-43a2-b24f-10203df3a73a,57.8,50.32,46.05,,,48.19,,,53.06,,58.19,,55.91,55.42,29.99,,,29.99,48.08,47.85,48,141.2,52.9,small,,,1,488,418,1,2026-04-13 20:43:45.3492+00,
Chinle,AZ,Arizona,United States,Mountain,2026,412770,4600,36.1561,-109.5553,25,9616775c-cea5-409c-be4b-dc850beed24e,55.55,42.55,45.47,40.71,,43.6,,,59.99,,34.57,46.43,46.01,42.19,46.62,,45.42,46.16,,47.78,48,47.4,49.2,small,,,8,489,419,8,2026-04-14 03:24:39.98853+00,
Loveland,OH,Ohio,United States,Midwest,2026,3945108,13438,39.2676798,-84.2687562,25,64dfcb77-1b79-475d-928b-744b5eca3464,54.12,48.36,41.5,,,44.93,13.1,35.74,,34.17,34.17,34.83,29.22,55.63,70.44,,22.93,52.17,,47.78,48,85.8,29,small,,,20,489,419,18,2026-04-10 12:52:40.666047+00,
Alliance,OH,Ohio,United States,Midwest,2026,3901420,21672,40.9111711,-81.119827,25,93c9a508-f804-4560-ae8b-a5910cce92ba,50.31,42.61,42.83,,59.93,46.54,45.89,43.28,56.87,22.45,39.53,28.57,41.29,68.36,64.53,,,64.53,0.29,47.77,48,183,62,small,,,21,491,421,19,2026-04-10 11:13:41.23835+00,
Townsend,MA,Massachusetts,United States,New England,2026,2570325,1213,42.6766682,-71.7097697,25,45af9a42-52db-4dee-a09e-0b30d8c6e0ef,63.75,37.3,33.13,,,35.22,,,,36.44,,,36.44,53.83,57.47,,,57.47,,47.75,48,6.1,21.2,small,,,8,492,422,7,2026-04-10 23:58:40.143997+00,
Palos Verdes Estates,CA,California,United States,Pacific,2026,655380,13347,33.7881,-118.3967,25,84562ce3-aa72-4cf7-ae19-147256a84308,58.13,55.15,37.15,,,46.15,,,,,,,,33.7,51.42,,,51.42,,47.74,48,126.4,45,small,,,67,493,423,59,2026-04-10 21:39:42.412977+00,
Cedar Falls,IA,Iowa,United States,Midwest,2026,1911755,40718,42.5190704,-92.454009,25,0eae4b3e-136a-42b4-9320-34a0288186ae,51.92,47.62,48.15,,51.97,48.79,19.08,41.21,33.04,36.98,50.39,,36.28,67.87,70.42,56.98,27.15,54.9,16.75,47.72,48,484.5,165.5,small,,,13,494,424,9,2026-04-08 20:59:49.368634+00,
Wareham,MA,Massachusetts,United States,New England,2026,2573020,2972,41.7626,-70.7148,25,7f052f9c-1230-4f77-bc90-155f9ebe4afc,70.41,49.07,72.55,,,60.81,42.6,13.05,56.44,34.02,,,40.86,51.77,50.02,,,50.02,14.47,47.69,48,35.7,10.1,small,,,9,495,425,8,2026-04-14 02:43:40.171983+00,
Wareham Center,MA,Massachusetts,United States,New England,2026,2573020,2972,41.7474675,-70.7200921,25,5ef9ef37-ac44-41bd-b0f4-74405e0fba2b,70.41,49.07,72.55,,,60.81,42.6,13.05,56.44,34.02,,,40.86,51.77,50.02,,,50.02,14.47,47.69,48,35.7,10.1,small,,,9,495,425,8,2026-04-10 23:46:40.578657+00,
Selma,CA,California,United States,Pacific,2026,670882,24674,36.5717684,-119.6139516,25,ae245415-d48d-4e3d-8ec2-07e3fe854414,59.35,47.74,64.19,,,55.97,35.75,0.03,36.08,,19.67,49.3,29.65,51.35,44.61,,,44.61,,47.59,48,148.8,37.2,small,,,68,497,427,60,2026-04-09 07:32:40.278594+00,
Washington,DC,District of Columbia,United States,Mid-Atlantic,2026,1150000,689440,38.9042474,-77.0165167,20,6a2bbf5b-c452-45a5-ab05-2f5bedce7e68,38.73,31.91,66.89,18.25,40.65,44.54,42.66,34.43,20.35,38.65,57.49,47.87,41.46,69.73,71.47,51.41,37.11,55.86,32.55,47.59,48,1777.6,850.2,large,,,1,497,14,1,2026-05-08 21:53:45.323687+00,
Menlo Park,CA,California,United States,Pacific,2026,646870,33780,37.4797313,-122.1480548,25,2b94572b-a78c-41a7-8bda-25a174a0edab,54.87,48.04,44.72,,26.84,42.04,18.27,23.68,60.21,30.04,37.27,43.68,36.94,59.41,69.08,81.26,29.22,63.38,24.04,47.57,48,221.2,59.1,small,,,69,499,428,61,2026-04-09 07:48:46.416122+00,
Morrisville,PA,Pennsylvania,United States,Mid-Atlantic,2026,4251144,9809,40.2087,-74.7898,25,03038403-21d6-4b2b-a187-9fbc277d7c77,63.74,54.82,62.22,,,58.52,,,,,11.29,,11.29,64.15,63.62,,9.17,42.68,,47.57,48,61.6,13.6,small,,,32,499,428,31,2026-04-14 09:24:40.524365+00,
Trussville,AL,Alabama,United States,South,2026,176944,26160,33.6552328,-86.5632391,25,1698ba71-d7be-43dd-af7c-092725b3448f,64.05,56.34,14.03,,,35.19,37.01,33.81,28.85,21.35,24.11,,29.08,54.63,37.26,,17.46,29.64,,47.49,47,336.3,78.7,small,,,10,501,430,9,2026-04-06 23:23:40.714654+00,
Novi,MI,Michigan,United States,Midwest,2026,2659440,66243,42.4784943,-83.4868245,25,01e60abd-5a09-4163-a8bb-f595c6e2371c,51.31,42.32,41.18,,33.75,39.97,42.88,25.86,50.2,34.51,22.21,24.3,33.85,56.26,64.49,58.81,25.26,52.69,26.39,47.47,47,642.8,165.1,medium,,,54,502,58,7,2026-04-10 03:47:41.609808+00,
Trenton,NJ,New Jersey,United States,Mid-Atlantic,2026,3474000,90871,40.2238406,-74.7636236,25,884be1ab-cd1d-4d6e-b149-13b292c1c240,51.82,32.88,65.27,17.12,8.08,37.68,29.47,23.85,44.57,54.27,60.54,62.03,47.06,76.75,66.6,30.94,40.85,47.68,12.05,47.46,47,226.9,105.2,medium,,,27,503,59,6,2026-04-10 09:07:41.227577+00,
Northville,MI,Michigan,United States,Midwest,2026,2658980,6119,42.4362051,-83.488283,25,ef6bc36c-f235-449d-917e-ad74db6ac25a,48.04,45.62,42.62,,,44.12,36.47,31.91,,42.69,48.86,,41.49,51.27,66.81,,33.05,53.83,,47.44,47,65.9,15.3,small,,,55,504,431,47,2026-04-10 03:48:40.06895+00,
Eagan,MN,Minnesota,United States,Midwest,2026,2717288,68855,44.8152168,-93.1628158,30,e5791b81-d03a-40ce-a2a1-6a11cf1d7bbf,50.58,48.79,40.62,32.57,,43.19,36.01,27.88,,28.67,43.96,37.2,36.78,58.81,65.04,76.43,53.77,66.21,23.24,47.42,47,284.1,625.1,medium,,,11,505,60,5,2026-04-10 13:06:40.867919+00,
Columbia,MD,Maryland,United States,Mid-Atlantic,2026,2419125,104681,39.201146,-76.8590498,25,78ecbe1f-c8ff-4baf-8cef-56034a73f8b0,52.44,35.3,57.3,19.62,,42.97,15.78,26.64,19.91,27.62,45.2,5.82,24.74,60.47,74.1,55.27,27.06,55.75,26.35,47.4,47,714.6,230.8,medium,,,5,506,61,1,2026-04-10 00:46:41.254247+00,
Denver,CO,Colorado,United States,Mountain,2026,820000,715522,39.7618502,-104.8811054,20,aac745a3-19c7-4e0f-9fdb-5d4809a69702,46.66,36.91,56.63,25.94,29.11,41.16,32.35,35.2,35.23,26.75,43.22,45.39,37.32,66.32,67.65,55.54,29.18,53.79,29.24,47.34,47,3679.8,1444.5,large,,,14,507,15,1,2026-04-04 12:15:09.500395+00,
Frankenmuth,MI,Michigan,United States,Midwest,2026,2630200,4996,43.3328316,-83.7391291,25,f6fb629b-b2a4-44c2-8dbd-55d67e111aaf,59.11,60.65,31.16,,,45.91,69.64,,,37.17,66.02,54.48,60.46,53.93,73.79,,6.94,48.08,9.07,47.33,47,64.4,18,small,,,56,508,432,48,2026-04-10 02:54:40.033124+00,
Reedsburg,WI,Wisconsin,United States,Midwest,2026,5566800,9998,43.5350513,-89.9955094,25,587dff93-7baf-45aa-a6f1-ce80140b5d21,48.06,34.49,48.76,26.13,,39.69,26.77,13.82,43.67,13.58,13.82,25.68,24.14,58.85,75.2,,,75.2,,47.33,47,93.5,29.4,small,,,61,508,432,55,2026-04-09 12:55:40.667054+00,
Chaska,MN,Minnesota,United States,Midwest,2026,2710972,27810,44.8163642,-93.6100233,30,d394533d-6e9f-4a39-a54b-820b38bb7380,50.37,48.12,41.71,,,44.92,39.63,42.91,,28.48,51.99,,43.17,44.6,65.06,67.84,34.72,58.45,,47.31,47,205.1,307.9,small,,,12,510,434,5,2026-04-10 12:51:40.310084+00,
Spokane,WA,Washington,United States,Pacific,2026,5367000,228989,47.6669347,-117.433322,25,67b7760f-c559-438f-a0ca-cacc78e0ff58,50.78,33.37,53.5,24.53,26.8,38.22,33.83,21.14,23.5,24.57,47.69,51.15,35.63,67.32,65.18,39.56,19.93,44.9,0.85,47.3,47,1859.3,519.5,medium,,,10,511,62,1,2026-04-10 04:45:01.974364+00,
Fishers,IN,Indiana,United States,Midwest,2026,1823278,99090,39.96183,-85.9683642,30,cea5ecad-de63-4658-ac1d-ded511f64db8,58.09,48.85,38.99,,,43.92,23.46,37.5,29.34,39.28,39.34,45.33,34.87,51.08,58.83,62.11,47.11,57.05,,47.29,47,727.4,474.8,medium,,,5,512,63,3,2026-04-09 04:11:45.767753+00,
Mendota Heights,MN,Minnesota,United States,Midwest,2026,2741696,11744,44.878932,-93.133929,30,9328b109-00f8-41e7-8838-b88c6d900937,47.99,38.25,34.02,,,36.14,46.82,46.82,,61.99,,,50.61,43.02,57.96,63.71,,60.64,,47.28,47,65.3,198.4,small,,,13,513,435,6,2026-04-10 13:37:40.160489+00,
Mammoth Lakes,CA,California,United States,Pacific,2026,645358,7191,37.6485,-118.9721,25,71fd78bd-8761-4889-832d-9f957f3af39a,51.95,49.72,23.95,31.96,,36.23,,9.2,43.34,36.37,51.24,,40.05,67.98,32.9,73.09,,51.66,38.3,47.21,47,279.2,46.1,small,,,70,514,436,62,2026-04-10 21:24:40.726143+00,
Ardmore,PA,Pennsylvania,United States,Mid-Atlantic,2026,4202896,13566,40.0032417,-75.2947386,25,0b976dec-68df-4e11-832d-7309f4e51326,59.73,49.78,32.76,,48.18,42.81,,57.34,,5.22,51.49,,42.51,68.58,57.79,,,57.79,14.93,47.2,47,59,17.2,small,,,33,515,437,32,2026-04-10 09:00:40.962083+00,
Orono,ME,Maine,United States,New England,2026,2355565,11183,44.8816804,-68.7386424,25,7b00fdd5-eb5e-4cc4-a771-e49a59ecffdd,57.8,54.83,28.48,,84.11,51.09,60.04,,,15.69,37.12,24.09,37.82,47.78,43.88,33.7,26.29,35.92,,47.16,47,99.9,49.6,small,,,11,516,438,11,2026-04-14 06:22:40.711778+00,
Deadwood,SD,South Dakota,United States,Midwest,2026,4615700,1156,44.3870481,-103.7207418,25,da30da0a-db91-469f-bb65-fcb5dfa7af75,64.44,46.88,33.74,,,40.31,,39.93,34.03,,,,36,67.91,33.18,,,33.18,,47.16,47,35.5,17.7,small,,,5,516,438,4,2026-03-31 22:31:45.403728+00,
Oconomowoc,WI,Wisconsin,United States,Midwest,2026,5559250,18203,43.101015,-88.4951148,25,78519c96-9a29-49e6-bde8-dba62d12fa68,54.42,46.34,45.02,,,45.68,10.92,13.43,48.48,14.79,23.11,41.91,26.77,51.67,71.92,25.69,,50.35,,47.15,47,218.1,56,small,,,62,518,440,56,2026-04-09 13:38:43.197332+00,
Oak Bluffs,MA,Massachusetts,United States,New England,2026,2550425,2324,41.4538122,-70.56486,25,00d6ce5d-f850-416d-8924-8e5fb917fe35,66.24,50.08,56.8,,,53.44,,,,,3.23,,3.23,49.51,75.33,,,75.33,,47.05,47,75.4,13.5,small,,,11,519,441,10,2026-04-10 23:12:41.166183+00,
Chantilly,VA,Virginia,United States,South,2026,5114744,24301,38.8891797,-77.442088,25,1183f5f3-8626-4a75-8124-0735886691d9,58.51,29.35,48.61,,,38.98,13.36,32.82,,40.88,38.67,,30.32,56.33,71.23,67.85,10.03,54.75,,47.01,47,171.6,92.8,small,,,11,520,442,11,2026-04-10 11:25:39.645478+00,
Wausau,WI,Wisconsin,United States,Midwest,2026,5584475,39993,44.9617658,-89.6465378,25,d8cba56e-52b1-4187-acbb-7c7852645ebc,54.75,36.36,56.12,15.04,29.04,39.68,21.18,18.37,17.32,29.87,44.69,55.74,32.06,65.53,69.06,,25.11,52.16,21.5,46.96,47,400.4,135,small,,,63,521,443,57,2026-04-09 14:36:50.518259+00,
Addison,TX,Texas,United States,South,2026,4801240,16661,32.9637444,-96.8338049,30,6e2a14c6-872a-4bff-8225-4bcfba73c1c0,57.63,26.17,58.18,,,42.18,24.93,30.49,,33.66,36.17,,31.45,64.15,55.47,,,55.47,23.83,46.86,47,51.7,77.4,small,,,10,522,444,9,2026-04-09 09:02:40.610832+00,
Rochester,MN,Minnesota,United States,Midwest,2026,2754880,121404,44.0142994,-92.4785919,25,9972447e-bf24-42aa-8a4d-2fd006ec2c6a,46.34,30.44,48.2,22.59,21.57,34.1,28.59,28.48,32.58,25.75,31.5,18.44,28.3,63.11,67.79,70.56,36.73,60.99,14.92,46.85,47,969.9,586.9,medium,,,14,523,64,6,2026-04-10 17:08:47.260276+00,
Arlington,VA,Virginia,United States,South,2026,5103000,238643,38.8783374,-77.1007034,25,f52ca3e4-f221-4746-ada0-9d16cea4b7e5,44.07,34.9,53.03,,31.15,41.12,42.15,40.27,26.12,35.55,50.54,37.6,39.51,68.25,71.83,67.67,37.14,61.7,27.93,46.84,47,803.6,345.4,medium,,,12,524,65,1,2026-04-10 20:55:54.065563+00,
Harbor Springs,MI,Michigan,United States,Midwest,2026,2636560,1274,45.4324845,-84.9891001,25,d6525c55-6614-43c7-9729-c04f74f6bbbd,71.8,51.25,36.18,,,43.72,,,,2.59,27.63,68.68,34.94,32.42,56.11,,,56.11,,46.8,47,31.3,11.8,small,,,57,525,445,49,2026-04-10 03:18:40.751904+00,
Johns Creek,GA,Georgia,United States,South,2026,1342425,82453,34.032739,-84.2038476,30,de61847c-b2fa-457e-a482-cd55a6d263da,51.37,47.48,45.07,,,46.28,25.64,24.74,16.77,24.08,44.77,,28.89,56.19,44.28,37.45,33.28,39.14,,46.79,47,118.5,543.9,medium,,,7,526,66,1,2026-04-09 21:32:40.096288+00,
University City,MO,Missouri,United States,Midwest,2026,2975220,35072,38.6637,-90.3123,25,a92fed4e-fafa-40f3-99a9-780c8f5b4e2d,46.45,44.68,49.54,,47.98,47.3,,,,16.37,24.27,35.11,25.94,65.27,59.78,,,59.78,40.32,46.73,47,203.3,51.1,small,,,8,527,446,7,2026-04-14 04:26:40.28362+00,
Huntington,WV,West Virginia,United States,South,2026,5439460,46842,38.4106509,-82.4346886,25,c600975a-25cc-49c4-bd61-a91dff61ea30,51.69,41.1,44.17,13.14,46.37,40.43,50.48,35.53,45.86,27.57,21.89,32.33,35.9,68.26,56.71,,26.28,45.01,35.61,46.69,47,373.2,141.2,small,,,4,528,447,4,2026-03-31 05:18:50.554702+00,
South Weber,UT,Utah,United States,Mountain,2026,4971180,7867,41.1287,-111.9498,25,36c1dbe3-1267-4c3e-a0e4-556d0a50eecb,53.93,52.25,19.84,,,36.05,,,,,,,,41.18,59.33,,,59.33,,46.63,47,69.2,34.4,small,,,14,529,448,13,2026-04-11 02:40:41.012083+00,
New Albany,OH,Ohio,United States,Midwest,2026,3953970,11273,40.0899995,-82.7763485,25,98f27f8b-9838-4818-bb9e-00276475d2e0,62.38,47.34,15.46,,,31.4,3.83,5.52,3.76,27.36,38.46,,16.97,57.04,72.63,59.05,,66.29,,46.62,47,212.1,111.9,small,,,22,530,449,20,2026-04-10 13:00:40.190712+00,
South San Francisco,CA,California,United States,Pacific,2026,673262,66075,37.6551037,-122.3762341,25,788ad046-afd2-4d01-947c-834c27b308fa,61,33.03,65.56,2.54,,43.45,,18.09,6.28,20.96,59.35,25.34,29.75,62.7,67.87,0.58,,36.47,4.3,46.6,47,244.6,92.8,medium,,,71,531,67,8,2026-04-09 08:15:40.931644+00,
Hopkinton,MA,Massachusetts,United States,New England,2026,2531050,2651,42.2255625,-71.5240957,25,747c9db7-9f94-4395-96b9-f27a773ecb86,50.38,50.11,40.47,,,45.29,,29.54,,35.23,,48.25,39.18,58.36,42.69,,,42.69,,46.6,47,8.2,26.2,small,,,12,531,450,11,2026-04-11 01:00:40.743942+00,
Houghton,MI,Michigan,United States,Midwest,2026,2639360,8386,47.1218,-88.5698,25,35d634dc-529e-4fe3-95fd-33a1effb3dd9,66.96,44.95,36.69,,93.43,52.51,48.71,3.2,,49.85,36.14,25.47,34.88,67.98,72.75,20.63,44.69,47.49,4.71,46.46,46,126.7,23.7,small,,,58,533,451,50,2026-04-14 08:52:40.129191+00,
Westerville,OH,Ohio,United States,Midwest,2026,3983342,39190,40.1234352,-82.9133238,25,ac5d6b1b-ce9b-43d6-96a4-437190dbca7c,53.65,44.15,53.19,,17.04,41.64,31.11,34.88,17.08,30.27,36.14,26.42,29.15,54.29,66.33,63.72,25.43,55.19,,46.46,46,328.3,84,small,,,23,533,451,21,2026-04-10 13:40:40.642219+00,
Saratoga Springs,UT,Utah,United States,Mountain,2026,4967825,37696,40.3446076,-111.9158934,25,d19d619f-8791-4f24-b7ef-bb351c1d0977,58.84,47.55,26.57,,,37.06,11.97,21.8,5.58,16.63,10,,11.59,43.39,75.74,19.93,14.65,40.93,,46.45,46,426.2,100.5,small,,,15,535,453,14,2026-04-11 01:28:47.526039+00,
Madison,AL,Alabama,United States,South,2026,145784,56966,34.7105329,-86.7622802,25,e45c38aa-0f20-413f-95bb-46bb3da21825,52.86,45.95,37.53,,,41.74,31.16,34.31,16.81,33.61,43.72,36.61,32.81,55.73,61.78,48.92,9.41,44.19,,46.42,46,556.6,129,medium,,,11,536,68,2,2026-04-06 23:55:41.527434+00,
Sunnyvale,TX,Texas,United States,South,2026,4871156,7789,32.7997522,-96.5585498,30,f36ea921-8c5d-44f1-869e-79fa07adcea3,51.68,39.69,20.54,,,30.12,62.5,23.98,14.26,20.87,62.5,19.52,38.39,64.48,47.59,,24.02,38.52,,46.41,46,87.3,103.4,small,,,11,537,454,10,2026-04-09 13:02:40.733726+00,
Diamond Bar,CA,California,United States,Pacific,2026,619192,55072,34.0015725,-117.8176013,25,4e1e519d-d005-4e5f-9c6a-5cc734bfeb11,54.93,46.61,43.99,,,45.3,32.1,22.17,,9.45,28.89,,25.85,47,61.45,,,61.45,,46.4,46,273.6,98.9,medium,,,72,538,69,9,2026-04-09 05:29:40.540704+00,
Gambrills,MD,Maryland,United States,Mid-Atlantic,2026,2431350,3034,39.0927254,-76.6510343,30,df19f7ca-08a1-41d1-8e0b-16d5bb191074,71.32,47.49,62.8,,,55.15,33.02,,,,,,33.02,29.15,31.23,,,31.23,,46.39,46,2.3,65,small,,,6,539,455,5,2026-04-10 00:15:40.829836+00,
Carmel,NY,New York,United States,Mid-Atlantic,2026,3612518,7538,41.4029948,-73.684986,20,35fcae2f-fe38-4b49-9808-45ba19705ef3,57.28,52.79,55.57,,,54.18,,,,31.61,29.66,,30.22,47.48,29.25,39.55,,34.06,,46.39,46,13.6,117.5,small,,,11,539,455,6,2026-04-10 05:44:40.968828+00,
McLendon-Chisholm,TX,Texas,United States,South,2026,4845804,3562,32.8471069,-96.3912192,30,9c1e4f6e-d47e-413b-9350-68746e5eea82,64.88,58.64,,,,58.64,,,,,,,,29.62,32.38,,,32.38,,46.32,46,0,110.4,small,,,12,541,457,11,2026-05-08 21:54:04.011727+00,
Chester,VA,Virginia,United States,South,2026,5116096,23414,37.3520452,-77.4336955,25,de3292d1-e8a0-4046-9205-cbe4df218f74,57.14,45.59,40.2,32.04,,41.54,12.62,32.76,5.64,21.04,39.28,25.05,22.61,52.84,55.82,,19.98,42.04,,46.32,46,197.7,69.3,small,,,13,541,457,12,2026-04-10 11:39:40.073083+00,
Kittery,ME,Maine,United States,New England,2026,2337235,4973,43.0899847,-70.7383212,25,6d135313-bcab-4a89-8fc1-cad9346076c2,55.08,39.96,31.95,,,35.96,17.03,,,55.18,100,7.99,50.18,71.51,63.48,,25.67,48.94,,46.3,46,41.8,22.4,small,,,12,543,459,12,2026-04-14 05:31:40.446397+00,
Camano,WA,Washington,United States,Pacific,2026,5309365,17356,48.152467,-122.462132,25,89633609-22ab-4b95-aa6e-b031eef21dc4,59.29,55.64,45.29,,,50.47,49.63,38.3,,,42.29,,44.23,41.34,42.54,,49.63,45.27,7.6,46.3,46,414.4,131.1,small,,,11,543,459,9,2026-04-09 17:00:41.041765+00,
Payson,UT,Utah,United States,Mountain,2026,4958730,21101,40.0437,-111.7348,25,c8047e08-207a-4bc9-a362-354e3a374511,49.3,42.84,42.63,,,42.74,51.72,27.7,51.72,41.3,39.44,43.74,44.01,51.24,66.56,,39.41,56.12,,46.26,46,196.9,64.9,small,,,16,545,461,15,2026-04-11 01:02:40.207771+00,
New Buffalo,MI,Michigan,United States,Midwest,2026,2657220,1708,41.7913818,-86.7425435,25,5dd6d4cd-bc3a-419b-8336-db11989cf7cb,65.62,66.74,39.58,,,53.16,24.85,65.28,,18.03,18.03,,27.4,57.81,51.72,,,51.72,25.53,46.21,46,52.2,12.2,small,,,59,546,462,51,2026-04-10 03:44:39.965875+00,
Cambridge,OH,Ohio,United States,Midwest,2026,3910996,10089,40.0312,-81.5873,25,c0db1e8c-4a05-4716-a443-175d52d3f2a2,64.31,54.83,58.32,,,56.58,52.85,,59.05,28.04,2.45,15.79,31.29,47.05,40.53,,,40.53,,46.19,46,106.7,33.9,small,,,24,547,463,22,2026-04-14 09:13:39.859623+00,
San Luis,AZ,Arizona,United States,Mountain,2026,463470,35239,32.485678,-114.7219465,25,df90299e-0d96-4f61-937f-d5996e1eee26,63.26,45.88,23.43,,,34.66,16.6,,,37.72,15.15,,19.78,35.49,66.78,,6.63,43.65,,46.18,46,242.4,69.2,small,,,9,548,464,9,2026-04-08 19:22:40.829648+00,
Grosse Pointe Woods,MI,Michigan,United States,Midwest,2026,2635580,16487,42.4392554,-82.8989553,25,0b675502-1430-4a67-9754-d90a176e038b,55.5,46.71,51.41,,,49.06,31.49,,19.35,27.49,27.49,36.24,28.03,51.52,49.11,,,49.11,,46.18,46,102.5,12.7,small,,,60,548,464,52,2026-04-10 04:14:40.792743+00,
Maple Valley,WA,Washington,United States,Pacific,2026,5343150,28013,47.3671468,-122.0348152,25,70d9bc91-6495-4b5f-b5f8-928785f01d7e,47.36,34.05,33.55,,,33.8,52.28,50.81,,29.48,31.81,44.02,41.3,56.02,74.41,50.27,43.11,58.14,,46.17,46,179.2,29.9,small,,,12,550,466,10,2026-04-09 17:19:41.59465+00,
Gurley,AL,Alabama,United States,South,2026,132440,843,34.7079,-86.4044,25,19a0a5f4-8cd2-4455-b904-408460907f1f,60.84,51.97,63.58,,,57.78,30.66,,,30.66,40.48,,35.12,26.71,,,,,,46.08,46,31,13.3,small,,,12,551,467,10,2026-04-14 04:32:40.302014+00,
Bala Cynwyd,PA,Pennsylvania,United States,Mid-Atlantic,2026,4203895,9285,40.0087,-75.2298,25,6b4dc6ff-0337-4a11-98b1-6ca9ad2a0108,49.91,25.01,41.82,,,33.42,16.55,39.72,,15.61,8.31,39.39,21.04,69.02,67.24,,,67.24,48.08,46.07,46,55.5,23.3,small,,,34,552,468,33,2026-04-14 09:55:45.150269+00,
Baltimore,MD,Maryland,United States,Mid-Atlantic,2026,2404000,585702,39.3000324,-76.6104761,30,c726e530-e459-43c5-8d25-f88cad7da0d5,41.33,31.07,61.34,33.73,43.58,44.43,36.4,31.32,26.98,39.61,43.82,48.89,38.06,65.03,64.68,55.87,43.33,56.26,35.07,46.03,46,2826.5,951.2,large,,,7,553,16,1,2026-04-06 13:19:37.708918+00,
Ponder,TX,Texas,United States,South,2026,4858664,2442,33.1717156,-97.2964669,30,fdd7f896-eaef-4294-9c69-b11386b0a177,71.12,32.8,20.93,,,26.87,,,,,,,,20.93,73.49,,,73.49,,46.02,46,0.1,46.2,small,,,13,554,469,12,2026-04-09 10:47:40.706446+00,
Ellsworth,ME,Maine,United States,New England,2026,2323200,8399,44.5829304,-68.4800944,25,9e970623-73f8-446a-a9c7-fc737d24afdb,55.79,44.45,32.46,,24.7,35.4,23.08,9.97,29.22,3.71,21.57,5.13,17.99,61.73,51.83,,17.42,38.6,,46,46,292.5,99.3,small,,,13,555,470,13,2026-04-14 05:29:40.080717+00,
Altoona,PA,Pennsylvania,United States,Mid-Atlantic,2026,4202184,43963,40.5080517,-78.4011136,25,b899e2c6-ee74-4864-b8d4-bf6ed67054e2,56.74,42.93,58.92,,29.09,46.07,21.14,,47.84,14.7,51.72,39.74,37.95,53.43,56.12,,,56.12,29.83,45.95,46,333.7,87.8,small,,,35,556,471,34,2026-04-10 08:57:40.680928+00,
Wakefield,MI,Michigan,United States,Midwest,2026,2682780,1702,46.4769042,-89.9334299,25,b44d5f99-9b89-4136-9782-076d5058edff,56.34,58.92,50.27,,,54.6,15.88,,,,67.05,,44.31,50.97,27.03,,,27.03,,45.89,46,65.5,24.4,small,,,61,557,472,53,2026-04-10 04:00:40.563694+00,
Wauwatosa,WI,Wisconsin,United States,Midwest,2026,5584675,48387,43.0631648,-88.0355835,25,6db7b7ce-9486-425d-ae95-64cd2ec9cde9,50.56,32.5,53.89,29.02,18.18,36.77,38.65,37.09,24.27,31.16,34.82,33.86,33.19,67.5,64.96,22.05,29.26,41.02,,45.87,46,371.7,116.6,small,,,64,558,473,58,2026-04-09 14:29:45.521465+00,
Brewster,MA,Massachusetts,United States,New England,2026,2507945,2028,41.7609258,-70.0703698,25,519b4e29-a16b-48c1-aa0b-68fc73c96f6b,42.53,40.97,26.07,,,33.52,,,,,,,,42.91,68.37,,,68.37,,45.83,46,10.4,75.6,small,,,13,559,474,12,2026-04-10 22:37:44.958739+00,
Crestline,CA,California,United States,Pacific,2026,617162,11650,34.2540767,-117.2867092,25,b6cf7990-f1cb-4066-a000-a7951d7dd96f,57.13,56.8,12.81,,,34.81,,,,,59.99,,59.99,40.55,42.22,,48.42,44.6,,45.82,46,227.6,43.5,small,,,73,560,475,63,2026-04-09 05:24:40.170257+00,
Valinda,CA,California,United States,Pacific,2026,681638,22437,34.0328,-117.9317,25,7d31e6d3-e8b7-44f2-913a-1c9b09228251,48.65,51.67,32.8,,,42.24,,,,,,,,51.04,41.57,,,41.57,,45.81,46,61.8,17.1,small,,,74,561,476,64,2026-04-10 22:11:40.060193+00,
Helper,UT,Utah,United States,Mountain,2026,4934530,2112,39.6887,-110.8548,25,bc0d1b5c-ea88-4ff6-ad48-3cb73bbac4e9,47.19,54.49,24.19,,,39.34,55.49,,,,,,55.49,51.59,24.7,,,24.7,55.49,45.81,46,37.6,11.7,small,,,17,561,476,16,2026-04-11 00:30:40.167796+00,
Flagstaff,AZ,Arizona,United States,Mountain,2026,423620,76831,35.1852121,-111.6206977,25,b0f6e427-77f1-4612-863d-a75a8f9ec4ce,51.58,38.41,32.87,32.94,54.14,39.07,37.13,22.53,18,25.93,32.19,31.25,28.61,64.61,59.43,62.43,20.77,50.82,43.5,45.76,46,1059.5,230.9,medium,,,10,563,70,1,2026-04-08 19:35:52.223492+00,
York Harbor,ME,Maine,United States,New England,2026,2388160,3132,43.1430222,-70.6474891,25,c737d1ad-203e-460b-a84b-9e2407a138ee,59.75,46.91,35.29,,,41.1,,,33.11,,,40.25,36.17,49.3,47.78,,,47.78,,45.74,46,51.6,14.4,small,,,14,564,478,14,2026-04-14 05:33:41.135753+00,
Burke,VA,Virginia,United States,South,2026,5111464,42312,38.777716,-77.262594,25,def3aeb7-8067-4bb1-9e2d-591a066faf0b,54.9,46.8,40.78,,,43.79,28.6,30.83,,39.87,36.47,,33.7,32.9,65.64,,45.98,58.08,74.53,45.72,46,250.7,56,small,,,14,565,479,13,2026-04-10 10:20:40.267255+00,
West Allis,WI,Wisconsin,United States,Midwest,2026,5585300,60325,43.007186,-88.0289858,25,c74c01a9-ac3a-4dfc-a7c7-a62c877d24c8,39.56,40.02,55.27,46.02,,47.44,25.39,21.23,44.39,19,24.62,44.33,30.78,64.39,58.68,,40.36,51.63,,45.72,46,351.6,102.9,medium,,,65,565,71,6,2026-04-09 13:54:43.534046+00,
Sharpsburg,PA,Pennsylvania,United States,Mid-Atlantic,2026,4269776,3187,40.4937,-79.9298,25,76b30e38-2193-4818-978c-c8f4fa3b8f70,59.51,50.16,21.19,,,35.68,,,,,,,,43.59,43.47,,,43.47,,45.71,46,17.1,8.9,small,,,36,567,480,35,2026-04-14 09:31:40.275855+00,
Prescott,AZ,Arizona,United States,Mountain,2026,457380,46035,34.5922408,-112.4467327,25,14c4e523-a0b2-4ea0-963f-a04224a97525,59.12,44.98,41.41,30.28,41.22,41.51,4.6,11.65,38.68,17.77,32.87,36.53,25.3,53.4,47.38,45.03,,46.28,,45.67,46,862.3,166.8,small,,,11,568,481,10,2026-04-08 19:41:40.844717+00,
Morgan City,LA,Louisiana,United States,South,2026,2252040,11472,29.7103318,-91.1915417,25,93db817d-ea9c-453a-afbf-f669ec66de65,67.98,49.46,53.09,46.21,,50.64,,,65.56,35.56,0,,30.31,28.71,58.61,,,58.61,,45.64,46,124.2,43.6,small,,,1,569,482,1,2026-04-14 05:21:40.230372+00,
Northampton,PA,Pennsylvania,United States,Mid-Atlantic,2026,4254696,10395,40.6882366,-75.4874486,25,a4737ccc-a012-49a4-bdbb-cffb7fe437a5,53.02,54.95,53.67,,,54.31,,,,44.66,8.41,,18.77,56.97,40.19,,51.74,44.63,,45.6,46,88.6,14.5,small,,,37,570,483,36,2026-04-10 10:08:40.365015+00,
Combined Locks,WI,Wisconsin,United States,Midwest,2026,5516500,3634,44.2619946,-88.3095341,25,ede2fcfe-f053-4568-a586-255b809b6560,55.18,41.34,23.62,,,32.48,,,,,,,,33.18,61.7,,,61.7,,45.6,46,30.5,12.8,small,,,66,570,483,59,2026-04-09 13:18:39.889247+00,
Pottstown,PA,Pennsylvania,United States,Mid-Atlantic,2026,4262416,23433,40.2509241,-75.6447544,25,2896e1d9-5d7a-4be5-9df2-b4117071413c,54.91,41.96,55.06,,,48.51,3.53,,3.13,28.91,21.03,,12.64,65.01,53.51,,,53.51,,45.55,46,102.8,49.6,small,,,38,572,485,37,2026-04-10 11:20:40.018802+00,
Eugene,OR,Oregon,United States,Pacific,2026,4123850,176751,44.0568478,-123.1190193,20,1c209cd7-8429-46c2-ae42-2df33f16a391,44.96,36.67,46.31,47.4,65.1,46.8,44.66,39.93,32.94,29.51,41.96,46.25,39.89,59.56,67.22,50.25,30.89,52.2,43.42,45.52,46,1143.4,367.5,medium,,,5,573,72,2,2026-04-08 03:24:52.180835+00,
Cornwall-on-Hudson,NY,New York,United States,Mid-Atlantic,2026,3618333,3075,41.4335211,-74.0151452,20,e8399f84-eff6-4dac-9169-e3596ebeac8e,50.08,42.9,39.32,,,41.11,,42.53,,,,,42.53,50.19,46.35,,,46.35,,45.39,45,8.9,36.8,small,,,12,574,486,7,2026-05-08 21:53:58.428729+00,
Lincoln,NE,Nebraska,United States,Midwest,2026,3128000,291319,40.8102841,-96.6748563,25,853620c7-d2ad-4d77-8cb2-56cfdf85a1d6,42.98,31.89,52.42,15.12,32.64,37.55,25.76,22.95,30.36,30.56,36.63,41.33,31.93,63.54,71.75,59.46,30.23,57.07,12.37,45.38,45,2107.2,697.4,medium,,,3,575,73,1,2026-04-07 21:47:26.171926+00,
Bennington,VT,Vermont,United States,New England,2026,5004750,8795,42.8712433,-73.1801808,25,13a68b73-3735-4d7f-b9d6-87ac6b7aceff,62.71,49.9,54.21,13.32,,47.21,,,23.9,8.68,,13.32,16.99,72.21,36.03,,,36.03,,45.35,45,84,24,small,,,6,576,487,6,2026-04-07 00:08:41.440246+00,
Midland,MI,Michigan,United States,Midwest,2026,2653780,42603,43.6247956,-84.2319836,25,95ae8a53-1f72-4c8b-8352-f05290f4992b,51.83,30.62,53.64,35.84,25.6,38.2,24.34,31.56,16.73,16.77,29.51,28.53,24.7,60.18,68.44,45.88,32.21,51.49,,45.34,45,522.2,190.4,small,,,62,577,488,54,2026-04-10 03:34:45.001006+00,
Florence,AZ,Arizona,United States,Mountain,2026,423760,26785,33.0693666,-111.4139917,25,7d023505-094b-477a-9be1-9d4a9367d0d6,59.54,54.82,15.11,,,34.97,32.08,32.08,32.08,,32.08,0.06,26.74,33.84,29.19,,33.26,30.76,,45.32,45,275.5,101.9,small,,,12,578,489,11,2026-04-08 19:08:41.554062+00,
Hawaiian Gardens,CA,California,United States,Pacific,2026,632506,14149,33.8306,-118.0717,25,1c6e4511-9249-48ca-ada2-551717b30e6d,56.54,36.5,42.36,,,39.43,21.9,30.97,,17.62,37.39,,28.59,76.64,47.87,,3.1,30.65,,45.26,45,28.3,8.9,small,,,75,579,490,65,2026-04-10 20:57:40.701878+00,
Dearborn,MI,Michigan,United States,Midwest,2026,2621000,109976,42.3130574,-83.2114879,25,4923407a-9c78-4577-a818-cd7482802fdd,49.68,28.77,55.21,6.71,31.23,36.31,47.66,33.25,41.1,37.91,32.04,6.54,33.86,66.13,63.4,41.54,15.6,43.8,5.74,45.23,45,645.8,200.5,medium,,,63,580,74,8,2026-04-10 06:21:45.001368+00,
Morro Bay,CA,California,United States,Pacific,2026,649362,10757,35.3667732,-120.8682895,25,26810176-8f45-4ef0-b14d-5b0be6c62916,65.52,45.94,19.36,,,32.65,23.14,,,45.42,58.36,8.85,35.84,56.1,56.27,,12.59,39.47,,45.22,45,133.9,35.1,small,,,76,581,491,66,2026-04-09 06:43:40.20609+00,
Malibu,CA,California,United States,Pacific,2026,645246,10654,34.0259,-118.7798,25,260dd3e4-fd91-4f2a-9730-e7ae233b2af2,53.14,49.25,20.13,31.09,,34.24,40.88,,,30.56,32.71,,35.29,44.18,43.21,,30.56,38.34,,45.21,45,115.2,86.2,small,,,77,582,492,67,2026-04-10 21:22:40.354066+00,
Redwood City,CA,California,United States,Pacific,2026,660102,84292,37.5152736,-122.2136716,25,be9a1e08-adec-4821-b20c-3438c074a861,52.47,34.68,58.56,6.94,,41.66,41.03,37.99,7.48,22.93,56.78,18.31,32.74,62.4,67.84,27.48,13.01,40.01,1.72,45.21,45,361.3,121,medium,,,77,582,75,10,2026-04-09 08:50:41.240102+00,
Rockaway Beach,OR,Oregon,United States,Pacific,2026,4162900,1441,45.6170272,-123.9388849,25,24672b5f-510d-4ea6-a3db-6a171d78b3f0,65.82,55.81,0,,,27.91,,,,,61.81,,61.81,65.03,21.4,100,,58.08,4.9,45.21,45,52,8.6,small,,,6,582,492,3,2026-04-08 01:11:40.415889+00,
Bethesda,MD,Maryland,United States,Mid-Atlantic,2026,2407125,68056,38.9872924,-77.1186117,25,e6b2bb22-2139-451b-b155-e8d0eb2c051b,47.06,36.29,66.27,29.43,3.97,39.63,29.25,28.8,37.82,29.27,42.15,47.17,36.83,50.72,71.73,50.91,23.63,52.42,27.06,45.16,45,382.5,95.7,medium,,,8,585,76,2,2026-04-10 00:12:53.413767+00,
Elko,NV,Nevada,United States,Mountain,2026,3222500,20564,40.8381106,-115.7678092,25,f6b1cf74-b06b-489f-83b7-b52f6c4bf182,53.72,45.34,46.43,40.3,,45.19,27.58,13.03,37.37,14.83,42.35,,31.02,59.07,40.41,,,40.41,58.99,45.16,45,201.3,82.6,small,,,5,585,494,5,2026-04-14 09:06:40.265326+00,
Wilmington,DE,Delaware,United States,Mid-Atlantic,2026,1077580,70898,39.7356508,-75.5321041,25,716d38c5-5eeb-4af8-b0d8-7fe00deaf8e4,53.79,35.21,53.03,,0.18,34.36,34.36,,31.1,21.19,39.96,40.93,34.82,67.51,74.27,,41.43,61.64,0.31,45.14,45,217.8,99.2,medium,,,2,587,77,1,2026-04-07 03:15:41.384638+00,
Palo Alto,CA,California,United States,Pacific,2026,655282,68572,37.39652,-122.1430878,25,aa421090-d760-440d-9691-b3c5898a6c1b,48.85,33.48,63.37,,9.77,39.84,37.52,47.47,14.85,42.41,44.11,51.83,38.26,65.28,68.3,17.7,32.34,41.6,25.9,45.13,45,395.5,150.8,medium,,,79,588,78,11,2026-04-09 07:47:41.377223+00,
Ridgewood,NJ,New Jersey,United States,Mid-Atlantic,2026,3463000,25979,40.9815914,-74.1135057,25,712f3c71-1eb5-47db-8a0e-7da0351247b9,55.33,45.65,50.34,,,48,40.48,30.33,44.35,18.96,26.26,49.49,35.88,50.84,50.47,,47.79,49.44,31.09,45.13,45,173.4,40.1,small,,,28,588,495,22,2026-04-10 08:03:41.248988+00,
Etna,PA,Pennsylvania,United States,Mid-Atlantic,2026,4224160,3437,40.5037,-79.9498,25,49dd61db-5c03-4e6d-8b92-4a533a0086d0,44.75,33.23,53.62,,,43.43,,,,,,,,52.11,40.77,,,40.77,,45.12,45,23.9,11.2,small,,,39,590,496,38,2026-04-14 09:30:40.042639+00,
Janesville,WI,Wisconsin,United States,Midwest,2026,5537825,65618,42.6846985,-89.0131701,25,2e60a954-31a0-4b0c-b243-3e8b0d68aad3,48.81,35.83,41.22,100,87.12,54.39,24.25,25.96,31.08,27.54,30.21,17.22,26.55,60.11,70.62,61.09,,66.17,15.07,45.1,45,648.6,210.4,medium,,,67,591,79,7,2026-04-09 13:04:45.400684+00,
Panguitch,UT,Utah,United States,Mountain,2026,4957740,1725,37.8287,-112.4348,25,295d4d4c-3696-45a9-a0f0-94f1043a0cb4,61.1,59.02,30.96,,,44.99,,29.28,28.12,29.86,,,28.85,73.68,22.18,,,22.18,,45.07,45,41,7.3,small,,,18,592,497,17,2026-04-11 02:30:40.968791+00,
Marietta,OH,Ohio,United States,Midwest,2026,3947628,13385,39.4231665,-81.4464258,25,1b64f275-1ec9-475d-ada5-feb1857803b4,44.3,37.62,49.18,56.81,,45.08,29.94,26.45,36.31,23.94,37.55,50.84,35.3,66.11,64.74,8.91,5.47,30.38,,45.06,45,155.4,57,small,,,25,593,498,23,2026-04-10 13:00:40.824295+00,
Oshkosh,WI,Wisconsin,United States,Midwest,2026,5560500,66923,44.0231681,-88.5622603,25,f610089a-2428-4127-8fb3-c2fcaf33d918,52.85,38.13,57.54,5,39.88,41.96,18.51,28.15,24.35,30.75,38.75,46.81,31.17,62.17,66.27,,21.9,49.2,14.97,45.02,45,506.1,150.6,medium,,,68,594,80,8,2026-04-09 13:08:40.885673+00,
Overland Park,KS,Kansas,United States,Midwest,2026,2053775,197238,38.8890422,-94.6905839,25,3d8ef30f-8baf-4797-bd40-ccea950aa351,45.1,37.28,45.04,20.44,16.06,34.07,23.92,22.09,16.83,15.52,36.93,35.67,26.49,56.12,63.16,64.41,25.72,54.24,,44.98,45,1672.5,570.2,medium,,,2,595,81,2,2026-04-09 07:41:46.86006+00,
Smithfield,UT,Utah,United States,Mountain,2026,4969640,13583,41.8354658,-111.8275205,25,6d790579-ed8b-42ea-9135-9d12e9104249,48.36,44.98,42.29,,,43.64,,,,19.33,19.33,48.16,27.98,54.46,67.28,,34.23,54.57,,44.91,45,147.3,30,small,,,19,596,499,18,2026-04-11 02:38:40.833507+00,
Sumner,WA,Washington,United States,Pacific,2026,5368435,10627,47.2272148,-122.2362644,25,b3c595b6-893a-4087-8e45-b7fdbe223d32,57.8,33.99,50.14,,,42.07,53.28,42.91,,28.52,25.41,48.8,39.34,61.56,71.04,7.01,41.81,41.32,27.07,44.91,45,108,61.5,small,,,13,596,499,11,2026-04-09 17:41:40.226464+00,
Hawthorne,CA,California,United States,Pacific,2026,632548,88083,33.9164,-118.3526,25,4f2cd959-53a3-4dcd-b5db-18447ea18991,49.59,31.6,57.42,,,44.51,45.85,26.59,14.52,34.75,33.12,,31.16,71.04,43.1,,,43.1,0,44.89,45,151.4,71,medium,,,80,598,82,12,2026-04-10 21:39:40.749788+00,
Gardiner,ME,Maine,United States,New England,2026,2327085,5961,44.1950908,-69.793771,25,10695021-5db2-4397-a939-8cecffde10e1,55.7,54.3,31.14,,,42.72,28,,,23.59,19.72,23.75,23.5,42.22,51.23,48.35,32.38,45.51,,44.89,45,133.4,38.5,small,,,15,598,501,15,2026-04-14 05:40:40.463948+00,
Thornton,CO,Colorado,United States,Mountain,2026,877290,141874,39.920433,-104.9414128,25,50e859ce-0ec7-46e8-bdb9-7022f284803d,49.02,42.48,42.8,,17.17,36.98,34.56,34.63,34.74,33.42,34.64,22.75,32.74,57.48,65.33,55.03,28.3,52.47,26.06,44.77,45,1144.2,307.4,medium,,,15,600,83,3,2026-04-09 01:56:42.9+00,
Mount Juliet,TN,Tennessee,United States,South,2026,4750780,39308,36.1991996,-86.5094895,25,8501a1cf-3d67-42a0-9777-6f8d18d8463a,56.44,35.05,28.99,,,32.02,19.95,,,31.51,32.77,,27.88,35.48,51.45,,,51.45,4.73,44.73,45,334.6,107.9,small,,,4,601,502,3,2026-04-07 00:48:40.887646+00,
Delaware,OH,Ohio,United States,Midwest,2026,3921434,41331,40.2864759,-83.0748639,25,587f2f8e-efc3-4370-8f73-bdf344f848d9,57.05,42.46,33.73,,45.12,39.66,28.29,4.81,7.2,37.58,41.59,,25.57,52.75,59.17,72.63,30.22,56.64,,44.71,45,388.9,94.4,small,,,26,602,503,24,2026-04-10 12:30:40.18768+00,
Ayer,MA,Massachusetts,United States,New England,2026,2503040,2986,42.5622212,-71.5848441,25,e4ab648f-014c-4ef0-a303-636876c230ee,57.4,52.57,24.6,,,38.59,,,,50.14,,37.58,42.6,56.03,39.43,,,39.43,34.46,44.69,45,26.2,11.6,small,,,14,603,504,13,2026-04-10 23:40:40.155869+00,
Cleveland Heights,OH,Ohio,United States,Midwest,2026,3916014,45312,41.5110754,-81.5617656,25,89abe3b2-dc8c-4e5d-b17e-3afe8bb103d6,45.48,36.42,54.03,,28.05,41.41,,19.89,21.81,16.99,40.75,21.67,26.86,65.38,62.57,6.25,13.9,30.69,,44.69,45,242,69.9,small,,,27,603,504,25,2026-04-10 13:08:41.257819+00,
Nashville,IN,Indiana,United States,Midwest,2026,1852038,1256,39.2077329,-86.236172,30,7959850e-ceaf-46d1-90ca-755a58aac575,47.6,38.71,60.44,,,49.58,,,,29.96,24.28,,25.9,42.87,,,,,,44.68,45,3,29.3,small,,,6,605,506,3,2026-04-09 03:41:40.397141+00,
Bridgeport,AL,Alabama,United States,South,2026,109328,2264,34.9409,-85.7147,25,45c37dff-78cc-4323-90e8-548931f5ad13,56.12,61.67,41.04,,,51.36,,,,,,,,22.99,45.56,,,45.56,,44.67,45,62,32.2,small,,,13,606,507,11,2026-04-14 03:33:39.964596+00,
Erie,PA,Pennsylvania,United States,Mid-Atlantic,2026,4224000,94831,42.1165941,-80.0735032,25,45520049-71b1-461f-b4bc-089ef4d12a1a,43.53,32.16,50.68,15.78,20.76,34.72,51.09,39.94,40.21,27.77,58.24,57.04,48.15,73.64,68,19.33,24.45,40.08,11.8,44.67,45,511.5,210.5,medium,,,40,606,84,1,2026-04-10 13:06:43.708152+00,
South Gate,CA,California,United States,Pacific,2026,673080,92726,33.9547,-118.212,25,92d7297c-ef2d-42f9-a7d2-38d5f3415ecb,44.87,37.59,53.79,,,45.69,28.88,23.42,,27,40.79,,32.33,70.09,33.73,4.99,39.56,25.13,,44.62,45,197.8,81.5,medium,,,81,608,85,13,2026-04-10 21:24:40.957063+00,
Butte,MT,Montana,United States,Mountain,2026,3011397,34494,45.8962319,-112.6600714,25,485c67ae-7ff9-4c68-a124-c04bbbaeca41,52.13,39.14,41.64,9.54,68.65,42.96,31.51,10.48,43.42,20.92,36.59,5,28.02,58.44,52.32,52.29,,52.31,1.02,44.58,45,1346.9,378.6,small,,,11,609,508,10,2026-04-16 01:55:41.203818+00,
Syracuse,UT,Utah,United States,Mountain,2026,4974810,32141,41.085847,-112.0687381,25,0d8996a9-4601-46f6-a821-9648c68e36cd,53.39,47.72,42.35,,,45.04,30.69,,,37.28,32.56,,32.74,54.39,61.42,17.67,,41,,44.56,45,266.2,70.1,small,,,20,610,509,19,2026-04-11 01:20:40.178625+00,
Morgantown,WV,West Virginia,United States,South,2026,5455756,30300,39.637487,-79.9468557,25,578bd77c-d338-48e9-809f-8b84b77f3ce3,48.27,40.81,27.46,71.41,60.7,43.18,33.36,3.89,56.65,27.01,34.72,13.55,31.8,63.5,55.64,61.1,19.2,48.44,48.26,44.55,45,298.8,71.2,small,,,5,611,510,5,2026-03-31 04:06:40.362456+00,
Radford,VA,Virginia,United States,South,2026,5165392,16070,37.1201194,-80.5591473,25,55f17a3d-0ac3-4a61-a90c-ac8688f37c2f,59.99,44.95,42.92,,77.73,51.45,42.02,15.57,,9.95,20.85,,24.87,60.1,62.05,7.84,,36.75,41.39,44.54,45,147,42.2,small,,,15,612,511,14,2026-04-10 11:49:40.286159+00,
Bismarck,ND,North Dakota,United States,Midwest,2026,3807200,73622,46.814583,-100.7700888,25,7a3df9a6-610f-4c7a-8df9-ac121f966aa8,55.48,36.95,47.96,27.59,,40.6,5.48,16.29,35.67,9.83,18.19,53.66,23.44,60.6,64.75,49.8,9.26,45.65,9.54,44.52,45,676.7,213.1,medium,,,7,613,86,3,2026-04-07 03:11:41.063868+00,
Warm Springs,OR,Oregon,United States,Pacific,2026,4178600,2435,44.7687,-121.2748,25,4266c5f5-d94a-42f4-9273-f81cee19470c,75.35,63.28,30.73,,,47.01,64.43,,,,,65.55,64.91,15.86,1.95,,37.43,15.6,,44.51,45,63.7,51.1,small,,,7,614,512,4,2026-04-14 09:03:39.975711+00,
Tolleson,AZ,Arizona,United States,Mountain,2026,474190,7216,33.4483699,-112.2560116,25,7be49cd3-a7da-4255-8e9b-8b85c97ef28d,54.66,31.59,52.48,,,42.04,4.17,4.17,,0,,,3.13,67.06,46.41,,,46.41,,44.49,44,50.8,25.1,small,,,13,615,513,12,2026-04-08 19:33:45.245956+00,
Lyndonville,VT,Vermont,United States,New England,2026,5041950,1527,44.5337,-72.0048,25,3a5685bb-c281-4b46-994b-72c8d9120cc6,71.01,59.39,31.56,,,45.48,,18.34,,41.58,24.58,,26.97,63.97,23.05,,15.75,20.24,,44.49,44,20.5,5.4,small,,,7,615,513,7,2026-04-14 02:20:40.335996+00,
Dickinson,ND,North Dakota,United States,Midwest,2026,3819620,25646,46.8927803,-102.7959595,25,a88ff7be-59d4-4a51-8afd-eac5e05eeb0c,47.87,36.66,34.28,,32.95,34.91,21.35,12.66,28.58,28.69,18.44,42.48,25.1,62.19,67.3,,29.21,52.65,,44.47,44,260.6,83.1,small,,,8,617,515,5,2026-04-07 02:48:40.677918+00,
Westmont,PA,Pennsylvania,United States,Mid-Atlantic,2026,4283584,4982,40.3193997,-78.952394,25,dbe06615-b378-476a-b58f-43fe2a3f3b70,51.96,50.96,35.87,,,43.42,,,,,,,,53.44,37.94,,,37.94,57.82,44.46,44,57.3,10.8,small,,,41,618,516,39,2026-04-10 10:32:40.153929+00,
West Yellowstone,MT,Montana,United States,Mountain,2026,3079525,1272,44.6621827,-111.1070223,25,a5c4c35b-df1e-4884-a90e-f3b0e8b0e38e,63.05,41.35,49.61,,,45.48,11.64,,,,12.89,,12.33,62.05,64.45,,25.55,49.49,,44.41,44,21.4,5.9,small,,,12,619,517,11,2026-04-14 07:40:40.094415+00,
Galt,CA,California,United States,Pacific,2026,628112,25614,38.2684576,-121.2989517,25,7304efb3-7c5a-42d9-9365-2d8b5985d3cb,50.97,42.35,45.58,,,43.97,,4.36,,41.95,42.28,,33.78,37.69,48.68,,,48.68,,44.39,44,178.3,52.3,small,,,82,620,518,68,2026-04-09 05:59:40.46548+00,
Newark,DE,Delaware,United States,Mid-Atlantic,2026,1050670,30601,39.6776493,-75.7574785,25,7ed3811c-061b-42e1-a595-7419cd264f46,43.37,42.66,26.87,,49.14,37.96,38.46,,,28.16,42.6,,38.47,52.73,65.5,67.99,,66.66,29.02,44.38,44,217.1,55.8,small,,,3,621,519,2,2026-04-07 03:26:40.436006+00,
Scarborough,ME,Maine,United States,New England,2026,2366145,22135,43.5712034,-70.3341696,25,a5138f79-de3f-4f9d-8a03-ccd8e8995196,52.66,35.56,31.59,,,33.58,26.99,16,14.59,8.36,36.98,40.99,26.15,48.96,63.15,34.78,,49.91,,44.37,44,362.5,157.1,small,,,16,622,520,16,2026-04-14 07:21:40.412229+00,
Dundalk,MD,Maryland,United States,Mid-Atlantic,2026,2423975,67791,39.2668244,-76.496531,30,34d87c85-2833-4ef0-9575-6198d2a657fc,43.92,30.65,46.64,35.71,,38.28,35.16,17.49,,25.22,32.27,30.63,29.96,64.73,64.89,,29.08,51.12,,44.36,44,357.4,128.9,medium,,,9,623,87,3,2026-04-10 00:47:41.265769+00,
Hollywood,SC,South Carolina,United States,South,2026,4534495,5281,32.7237,-80.2398,30,9865581f-1871-4d2f-aaa8-d00ae32655dc,60.73,48.7,24.19,,,36.45,,,,,8.17,,8.17,39.22,44.42,,7.89,30.37,,44.34,44,5.2,154.3,small,,,2,624,521,2,2026-04-13 21:21:40.811353+00,
Newburgh,IN,Indiana,United States,Midwest,2026,1852650,3344,37.9492539,-87.4054941,30,b420e095-eb45-4920-a4bb-f03597a09d77,50.53,41.94,,,,41.94,,,,,,,,43.42,38.98,,,38.98,,44.31,44,14.4,36.2,small,,,7,625,522,4,2026-04-09 03:17:40.406491+00,
Port Angeles,WA,Washington,United States,Pacific,2026,5355365,19960,48.1192357,-123.4480127,25,68c3100d-4e08-406b-99a7-46f91ed7589c,54.64,38.18,44.49,39.8,39.8,40.87,30.51,29.73,15.64,14.36,27.55,49.51,27.95,68.48,65.57,44.94,20.28,47.03,7.78,44.31,44,238.4,41.9,small,,,14,625,522,12,2026-04-09 17:46:40.382254+00,
Royal Oak,MI,Michigan,United States,Midwest,2026,2670040,58211,42.5078156,-83.1538905,25,c362d820-86c4-446b-afe6-1e1f3dd3e454,40.43,34.39,35.58,27.94,,34.1,27.32,15.14,21.08,21.29,38.52,14.92,25.19,71.11,63.89,,,63.89,32.66,44.3,44,412.8,100.4,medium,,,64,627,88,9,2026-04-10 05:51:45.473467+00,
Kettering,OH,Ohio,United States,Midwest,2026,3940040,57862,39.6959914,-84.1504372,25,95daf89f-f63f-4e4c-b917-11c0e3be9916,46.9,40.93,43.96,32.57,,41.21,23.29,19.93,40.81,12.66,29.48,18.86,26.28,59.25,62.12,39.53,,51.58,,44.27,44,504.2,102.2,medium,,,28,628,89,3,2026-04-10 13:12:40.66238+00,
Silverthorne,CO,Colorado,United States,Mountain,2026,870525,4402,39.6599087,-106.0891067,30,71c658ad-34bd-44af-aefa-fa5d37ddaff6,48.16,47.61,24.03,,,35.82,,,,,,,,51.49,41.83,47.65,,44.55,,44.23,44,43.8,85.9,small,,,16,629,524,12,2026-04-09 01:09:40.209757+00,
Lenexa,KS,Kansas,United States,Midwest,2026,2039350,57434,38.9652678,-94.8039369,25,8488d77a-221a-4ea7-90bd-2708205db541,50.22,39,35.35,29.42,,36.21,17.11,34.01,29.17,20.01,40.42,35.16,30.04,57.95,65.65,46.95,17.14,46.98,,44.18,44,595.5,238.5,medium,,,3,630,90,3,2026-04-09 04:37:45.721204+00,
Jamestown,RI,Rhode Island,United States,New England,2026,4436820,5559,41.4987,-71.3698,25,1f63441f-2645-4a05-9c91-86bd27a55ef0,52.72,46.08,22.27,,,34.18,18.52,,,,26.36,,22.88,40.63,36.36,,,36.36,,44.14,44,107.5,48.4,small,,,1,631,525,1,2026-04-14 06:06:40.591635+00,
Willow Springs,IL,Illinois,United States,Midwest,2026,1782049,5857,41.7341373,-87.8840097,30,e45500b9-fafe-43c0-a237-fd26556f9c52,56.38,44.09,16.19,,,30.14,,,,,,37.94,37.94,52.54,67.16,0,14.8,30.56,9.6,44.12,44,57.5,27.5,small,,,10,632,526,7,2026-04-08 22:47:40.511333+00,
Blacksburg,VA,Virginia,United States,South,2026,5107784,44826,37.2312641,-80.4267452,25,ad68a88e-e440-493d-9f05-edba72fc6479,51.35,33.99,41.63,42.11,60.59,42.8,47.41,27.74,19.94,18.79,36.39,25.91,31.11,67.43,71.6,57.93,10.29,51.49,4.58,44.12,44,390.1,118.2,small,,,16,632,526,15,2026-04-10 11:22:45.315074+00,
Essex Junction,VT,Vermont,United States,New England,2026,5024400,10590,44.4902875,-73.1141209,25,8ff08a6a-378f-4156-b24a-680ea759a72c,56.32,38.9,50.53,,,44.72,47.16,42.22,,25.54,22.9,,33.74,62.13,49.68,,9.52,34.23,36.02,44.09,44,95.2,16.1,small,,,8,634,528,8,2026-04-07 00:12:40.348797+00,
Port Orchard,WA,Washington,United States,Pacific,2026,5355785,15587,47.5384429,-122.6324307,25,367dbc40-b4a0-4460-a6a2-f6c2d7712b45,54.75,41.07,14.2,,,27.64,32.61,17.67,39.68,17.13,17.24,19.51,25.17,52.39,42.92,,,42.92,23.22,44.09,44,136,51.3,small,,,15,634,528,13,2026-04-09 17:10:41.338568+00,
Wellsboro,PA,Pennsylvania,United States,Mid-Atlantic,2026,4282160,3469,41.7455195,-77.3036939,25,fc40c0cd-98a0-43f7-808b-fba7b03bad00,54.75,51.91,22.94,,,37.43,48.35,,45.18,45.08,50.32,,47.73,65.56,36.62,,10.07,26.41,33.28,44.07,44,42.2,14.5,small,,,42,636,530,40,2026-04-10 11:41:39.971525+00,
Berkeley Lake,GA,Georgia,United States,South,2026,1307248,2054,33.9814376,-84.1855889,30,2e9823fd-98aa-4741-8689-a94262bd0e42,64.1,45.63,42.79,,,44.21,,,,,,,,39.98,38.41,,13.22,28.72,,44.05,44,1.2,31.1,small,,,8,637,531,7,2026-04-09 21:10:40.49188+00,
Martinsburg,WV,West Virginia,United States,South,2026,5452060,18777,39.4577694,-77.9782123,25,5eee7494-e1fe-4320-bddc-38062d046b8b,44.48,42.09,49.32,,,45.71,45.78,31.07,12,20.67,38.43,41.77,32.6,61.41,56.5,,15.48,40.72,27.62,44.04,44,145.3,43.8,small,,,6,638,532,6,2026-03-31 04:02:41.148888+00,
Chapel Hill,NC,North Carolina,United States,South,2026,3711800,62233,35.9283279,-79.0413755,35,bcadbc6c-cbb8-4978-b000-4d651d1ab68b,49.15,38.54,30.07,,52.48,38.34,29.21,29.25,14.01,16.41,36.45,29.49,26.75,53.92,73.13,50.32,17.52,51.24,,44.02,44,508.3,153.2,medium,,,3,639,91,1,2026-04-10 09:11:40.98303+00,
Truckee,CA,California,United States,Pacific,2026,680588,16729,39.3505478,-120.1939432,25,cf296726-29ed-46a9-bc40-6295e3b02015,63.03,48.22,35.89,9.49,,37.98,10.11,,20.43,12.08,19.73,,16.33,45.94,52.83,46.46,,49.86,3.67,43.98,44,477.1,129.1,small,,,83,640,533,69,2026-04-09 09:13:40.60561+00,
Council Bluffs,IA,Iowa,United States,Midwest,2026,1916860,62799,41.2359867,-95.853163,25,4e7af25d-a794-4d15-8bb7-38aeb61fec11,51.7,36.13,49.97,9.69,,38.88,17.78,36.59,28.5,21.33,28.71,13.53,24.26,53.08,62.01,54.82,2.93,44.72,,43.94,44,551.1,314.3,medium,,,14,641,92,5,2026-04-08 21:20:40.863388+00,
Stevensville,MD,Maryland,United States,Mid-Atlantic,2026,2475025,7442,38.9744414,-76.3185108,30,5010ae50-f3a4-41e4-8dd4-026e28c801ac,55.88,43.73,39.24,,,41.49,,,,,60.16,,60.16,37.93,37.73,,,37.73,,43.91,44,20.5,76.8,small,,,10,642,534,6,2026-04-10 00:18:40.627376+00,
Middletown,DE,Delaware,United States,Mid-Atlantic,2026,1047030,23250,39.4433944,-75.7175035,25,8a2d170a-b9f5-4bfd-b3bd-7cce6847496d,58.36,42.29,26.14,,,34.22,26.79,4.75,42.83,29.26,48.14,,34.54,54.9,35.68,,29.95,33.48,,43.84,44,202.4,51.3,small,,,4,643,535,3,2026-04-07 03:01:40.485838+00,
Tahlequah,OK,Oklahoma,United States,South,2026,4072100,16209,35.9105026,-94.9777197,25,d20f2405-60a5-49a5-91a0-a688143e8ce0,49.15,40.64,45.69,52.52,60.47,47.56,,37.62,6.24,21.82,18.39,44.06,23,62.35,42,,44.67,43.03,,43.84,44,221,73.5,small,,,2,643,535,2,2026-04-14 07:50:40.434196+00,
Yardley,PA,Pennsylvania,United States,Mid-Atlantic,2026,4286920,2605,40.2402926,-74.8389341,25,9ea1f9b1-92ac-466d-91b9-ab66f567ddc9,58.27,54,56.29,,,55.15,,,,49.04,,,49.04,47.6,32.53,,,32.53,14.17,43.79,44,24.2,6.6,small,,,43,645,537,41,2026-04-10 10:18:40.816472+00,
Okemos,MI,Michigan,United States,Midwest,2026,2660340,25121,42.709062,-84.4142834,25,6088ac48-cfb2-4927-91e2-a8ba44729f5b,53.19,36.21,37.86,,18.18,32.85,19.05,22.57,49.69,8.08,27.56,39.38,29.61,46.81,66.1,,,66.1,,43.78,44,253.7,73.1,small,,,65,646,538,55,2026-04-10 03:49:40.743167+00,
Chester,PA,Pennsylvania,United States,Mid-Atlantic,2026,4213208,32605,39.8487,-75.3573,25,bf5a6734-3628-4b27-bb94-441ff9c5ac66,53.37,34.63,46.27,,19.37,35.77,34.41,26.77,18.3,11.83,33.02,51.35,30.36,72.53,54.16,,34.07,46.43,28.96,43.78,44,124.7,53.4,small,,,44,646,538,42,2026-04-14 07:58:39.861022+00,
Oconto,WI,Wisconsin,United States,Midwest,2026,5559350,4609,44.8926632,-87.8685088,25,77c8f1f6-bcc3-492b-88cc-1cf5752bf681,51.21,45.21,42.77,,,43.99,18.13,30.22,39.04,,0.49,,19.44,68.88,52.88,,26.33,42.67,,43.78,44,90.9,23.1,small,,,69,646,538,60,2026-04-09 11:37:40.064625+00,
Wrightsville Beach,NC,North Carolina,United States,South,2026,3775820,2473,34.2129914,-77.797924,35,f4e941a0-915c-47f3-84d8-c5914bd71c44,47.76,46.73,37.03,,,41.88,,,,,,,,47.14,38.45,,,38.45,,43.73,44,5.1,33.9,small,,,4,649,541,3,2026-04-10 10:28:39.966611+00,
Kenosha,WI,Wisconsin,United States,Midwest,2026,5539225,100015,42.5875256,-87.8799955,25,3b6d893f-4a67-48d0-896d-06fed081c73b,46.32,35.58,53.55,26.71,61.96,46.26,30.43,33.93,42.62,23.2,34.06,,33.93,61.06,57.13,15.4,8.07,30.26,13.87,43.68,44,615.6,195.5,medium,,,70,650,93,9,2026-04-09 11:47:41.108857+00,
Troy,MI,Michigan,United States,Midwest,2026,2680700,87294,42.5838824,-83.1455329,25,f1d6a136-c2c8-4dc9-8b9b-777ccee7edf2,46.99,33.08,40.81,,18.34,32.81,13.91,18.53,32.66,35.67,31.19,30.59,27.12,59.68,63.66,55.6,22.84,50.63,4.9,43.66,44,793.3,200.1,medium,,,66,651,94,10,2026-04-10 05:36:46.975001+00,
Wildwood,MO,Missouri,United States,Midwest,2026,2979820,35417,38.5770731,-90.6678072,25,d5516b4d-762e-49c6-8808-b5dbf814043e,55.93,50.25,29.3,10.85,,36.16,10.74,23.66,,47.84,43.15,21.57,29.15,53.33,40.45,50.51,6.75,35.55,,43.64,44,657.2,170.8,small,,,9,652,542,8,2026-04-14 03:29:40.894039+00,
Yankton,SD,South Dakota,United States,Midwest,2026,4673060,15417,42.8897507,-97.3926871,25,fcc2ee48-ffa5-4b96-a9fe-667b780cc0aa,55.02,30.04,39.34,37.09,,34.99,,2.12,19.73,21.98,26.26,37.19,23.12,57.33,59.67,71.26,3.29,49.63,,43.64,44,162.6,62.9,small,,,6,652,542,5,2026-03-31 22:42:40.520074+00,
Agoura Hills,CA,California,United States,Pacific,2026,600394,20299,34.1489422,-118.7639301,25,88a37ac2-0b4a-4a25-ba0a-c3d2903fddbe,50.64,37.66,40.57,,,39.12,16.65,6.18,16.15,15.05,31.11,40.49,22.53,51.04,63.18,,,63.18,,43.59,44,129.8,45,small,,,84,654,544,70,2026-04-09 04:41:40.236627+00,
Fredericksburg,VA,Virginia,United States,South,2026,5129744,27982,38.2992718,-77.4866583,25,be1bd912-b7cc-471c-9e4c-a00aa4af8442,47.6,34.56,33.78,,56.95,39.23,37.54,15.95,30.54,19,36.68,,30.92,69.71,61.37,48.85,19.61,46.55,29.43,43.56,44,227.5,88.8,small,,,17,655,545,16,2026-04-10 12:03:45.169027+00,
Fox Point,WI,Wisconsin,United States,Midwest,2026,5527075,6934,43.1581264,-87.901392,25,0d473e9e-87dc-4537-ae23-512ec88a3927,51.21,45.1,39.65,,,42.38,8.5,50.78,,8.5,,35.62,23.58,49.23,53.28,,,53.28,,43.55,44,59.9,18.7,small,,,71,656,546,61,2026-04-09 13:23:40.194884+00,
Danielson,CT,Connecticut,United States,New England,2026,918780,4155,41.8001,-71.8845,25,f98db803-55cd-43e3-827b-a24788ed052a,49.13,46.93,22.74,,,34.84,26.81,,,,39.71,47.17,37.28,52.81,49.39,,47.28,48.58,,43.53,44,24.3,10.9,small,,,3,657,547,3,2026-04-14 03:43:40.138979+00,
Clarksburg,MD,Maryland,United States,Mid-Atlantic,2026,2417350,29051,39.2228933,-77.2660793,30,a975ebc8-382b-4957-8739-bfc9baa46125,42.34,39.13,38.74,,,38.94,,17.69,,38.07,50.59,,40.5,32.37,64.59,68.26,,66.3,,43.53,44,111.7,159.1,small,,,11,657,547,7,2026-04-10 00:12:40.460965+00,
McMurray,PA,Pennsylvania,United States,Mid-Atlantic,2026,4246344,4736,40.2814684,-80.0874333,25,204f597b-161d-4a13-b267-e7174224722e,57.36,50.91,36.47,,,43.69,,,,,,45.33,45.33,,27,,,27,,43.51,44,52.2,17.4,small,,,45,659,549,43,2026-05-08 21:54:01.553064+00,
Marina,CA,California,United States,Pacific,2026,645778,22359,36.6802563,-121.7893682,25,aedbdd96-ee3e-485f-9fe0-3c01b801322a,44.62,46.24,40.24,,34.5,41.3,31.73,29.09,,38.28,46.06,41.22,38.48,51.55,66,49.83,23.07,49.61,34.95,43.5,44,153.2,58.3,small,,,85,660,550,71,2026-04-09 06:31:40.170411+00,
Crofton,MD,Maryland,United States,Mid-Atlantic,2026,2420875,29641,39.0144388,-76.6800073,30,9cdfefdc-ac2e-4baa-90e8-1421412de5f1,49.97,42.53,52.69,,,47.61,27.69,,,,13.66,,19.9,41.27,60.85,,,60.85,,43.48,43,22.5,146.1,small,,,12,661,551,8,2026-04-10 00:27:41.121701+00,
Purcellville,VA,Virginia,United States,South,2026,5165008,8929,39.1374984,-77.7113926,25,9d6ca416-05c0-45d3-96fa-2a624554b527,49.6,39.41,41.2,,13.26,34.3,16.12,33.2,28.12,38.18,19.64,,24.58,67.32,71.72,,13.43,49.3,,43.45,43,71,29.2,small,,,18,662,552,17,2026-04-10 11:22:40.245284+00,
Great Falls,MT,Montana,United States,Mountain,2026,3032800,60442,47.502518,-111.2999696,25,8f12309a-1779-4e5d-9223-f6eeb018b730,47.17,33.47,55.08,,35.09,42.23,22.99,28.38,43.4,29.4,22.19,39.6,30.54,60.69,64.13,4.23,,36.18,13.9,43.44,43,504.2,158.6,medium,,,13,663,95,2,2026-04-14 07:34:40.244776+00,
Lennox,CA,California,United States,Pacific,2026,641180,20323,33.9378,-118.3523,25,d34fdba9-bb2a-4b62-9403-502333520fe5,43.92,35.81,41.92,,,38.87,,,,,,,,63.92,27.34,,,27.34,100,43.43,43,25.4,18.2,small,,,86,664,553,72,2026-04-10 21:47:41.118354+00,
Burlington,VT,Vermont,United States,New England,2026,5010675,44743,44.491927,-73.2388823,25,f94c246c-1cb7-4db2-a147-6c613260a6fb,39.27,39.65,42.59,37.35,50.55,42.63,42.52,37.11,31.3,28.29,29.46,44.89,35.4,70.02,62.93,40.15,34.93,47.96,10.99,43.42,43,234.7,70.6,small,,,9,665,554,9,2026-04-07 00:07:46.063979+00,
Goleta,CA,California,United States,Pacific,2026,630378,32690,34.4354411,-119.8589464,25,d2c587ba-dde6-475a-9ad5-7f2a10e69148,56.87,32.35,37.33,,49.99,38.21,16.06,26.91,13.47,9.31,29.82,15.09,19.25,61.4,70.3,,21.6,51.57,24.18,43.39,43,180.6,82.9,small,,,87,666,555,73,2026-04-09 06:12:42.732627+00,
Livonia,MI,Michigan,United States,Midwest,2026,2649000,95535,42.3971831,-83.3723195,25,70a76ff0-4949-4ff1-bd2b-97006217bc38,49.16,27.71,40.5,11.68,23.5,29.74,27.55,19.5,26.41,22.37,33.46,32.81,28.27,60.47,65.72,32.87,28.05,44.81,,43.39,43,833.9,212.7,medium,,,67,666,96,11,2026-04-10 04:26:41.98531+00,
Williamsburg,VA,Virginia,United States,South,2026,5186160,15425,37.269481,-76.7081925,25,85d701f1-325d-4398-aeb5-ba71d970f2ff,55.43,43.48,37.05,46.33,65.11,45.84,43.85,20.99,24.07,32.16,29.39,51.66,34,56.25,46.72,,20.28,36.55,38.22,43.39,43,149,55,small,,,19,666,555,18,2026-04-10 11:35:40.013918+00,
Leavenworth,WA,Washington,United States,Pacific,2026,5338845,2263,47.5947036,-120.6639132,25,dd31eb91-7acc-4c29-bab3-76f8dfb14a36,75.81,47.92,56.8,,,52.36,,,46.4,0.4,16.19,20.9,23.58,72.96,53.29,,15.42,38.72,0.4,43.37,43,33.5,10.3,small,,,16,669,557,14,2026-04-09 17:20:40.779469+00,
Scotts Valley,CA,California,United States,Pacific,2026,670588,12224,37.0554989,-122.0117689,25,bbf7840c-7ce3-4099-8691-9e0049e8faa5,45.26,40.04,44.31,,,42.18,28.27,40.31,,36.95,36.55,5.31,29.14,55.79,51.83,,,51.83,32.32,43.31,43,88.5,37.1,small,,,88,670,558,74,2026-04-09 07:30:40.775318+00,
Holt,MI,Michigan,United States,Midwest,2026,2638780,25625,42.6420611,-84.5307676,25,7d40991a-bf6e-4f4c-a19f-c3794cc17eb2,53.79,46.56,46.41,,,46.49,38.87,39.36,,13.6,5.45,33.88,24.39,50.15,62.24,39.72,19.96,43.79,,43.28,43,214.7,61.2,small,,,68,671,559,56,2026-04-10 03:04:40.353194+00,
Sturgis,SD,South Dakota,United States,Midwest,2026,4662100,7063,44.4104413,-103.4995705,25,2fec2298-f1f0-49ab-994f-51c576afd5c7,57.27,49.52,40.16,,,44.84,10.55,33.68,30.95,15.18,28.19,46.22,27.17,54.66,24.04,54.84,13.53,32.19,,43.26,43,110.6,38.4,small,,,7,672,560,6,2026-03-31 22:41:40.446931+00,
Aston,PA,Pennsylvania,United States,Mid-Atlantic,2026,4203336,16791,39.8687,-75.4323,25,c352a5d7-a7e2-4a07-a0cc-4804a5aaca61,52.51,41.08,34.4,,45,39.35,17.7,,,27.68,13.46,,17.59,55.13,59.26,,,59.26,39.9,43.16,43,120.4,26.8,small,,,46,673,561,44,2026-04-14 07:48:40.2001+00,
Hickory Creek,TX,Texas,United States,South,2026,4833476,4719,33.110852,-97.034729,30,f9453ef7-5125-43c5-b401-ffeabb27af66,50.22,41.52,31.08,,,36.3,17.71,24.37,,24.37,24.37,,22.32,37.76,57.51,,,57.51,,43.15,43,5,95,small,,,14,674,562,13,2026-04-09 09:45:40.982936+00,
Cudahy,CA,California,United States,Pacific,2026,617498,22811,33.9617,-118.1853,25,d791d184-fde2-4bea-9408-3869038da83a,52.81,40.87,37.1,,,38.99,25.29,,,,26.62,,26.03,72.12,32.23,,,32.23,,43.12,43,16.6,14.9,small,,,89,675,563,75,2026-04-10 20:56:41.041485+00,
Kempner,TX,Texas,United States,South,2026,4838800,1146,31.0754962,-97.9727286,30,0c6586a8-f83d-4557-9cf0-a14d2305d7ac,54.41,35.19,,,,35.19,,,,,,,,11.33,46.8,,,46.8,,43.12,43,,30.2,small,,,15,675,563,14,2026-04-09 09:40:40.715273+00,
Estes Park,CO,Colorado,United States,Mountain,2026,825115,5905,40.3670458,-105.5338614,25,f8c43017-9ef9-47c6-b203-8ea481528ffc,56.85,44.78,42.98,,,43.88,17.85,40.39,29.64,15.34,27.8,,25.91,57.92,38.73,40.68,39.56,39.62,,43.1,43,152.7,38.9,small,,,17,677,565,13,2026-04-09 00:19:40.531518+00,
Grandville,MI,Michigan,United States,Midwest,2026,2634160,16083,42.9005142,-85.7520863,25,11d261cf-8588-4c47-99c6-018a6529fc8c,50.5,30.32,49.19,,,39.76,33.67,22.27,,5.77,14.78,37.78,23.63,66.99,55.62,,23.4,43.23,,43.1,43,128,62.2,small,,,69,677,565,57,2026-04-10 02:57:40.061899+00,
Muskogee,OK,Oklahoma,United States,South,2026,4050050,36878,35.7437972,-95.3564048,25,c02a66a6-90ba-4511-825a-e5aaf6f06990,49.9,35.88,35.11,17.39,0.67,26.72,30.66,29.16,22.83,21.56,43.09,48.52,33.82,64.41,47.23,33.27,28.05,37.55,,43.1,43,616.4,290.8,small,,,3,677,565,3,2026-04-14 08:34:41.095016+00,
Buckhannon,WV,West Virginia,United States,South,2026,5411188,5186,38.9927343,-80.2282426,25,514cec1d-80ac-4c92-a196-8ea603819d20,58.22,47.1,46.73,49.49,,47.24,1.48,,22.26,12.94,16.11,,13.43,67.78,31.98,,1.63,20.31,,43.05,43,61.9,24.3,small,,,7,680,568,7,2026-03-31 03:52:40.356116+00,
Southfield,MI,Michigan,United States,Midwest,2026,2674900,76618,42.4746398,-83.259509,25,e0940fc6-799d-4921-b849-8c3fc0665c6d,48.92,36.26,41.49,,27.47,36.34,12.44,24.63,12.42,26.34,37.33,33.22,24.38,66.17,51.79,37.99,68.41,51.12,3.35,43.04,43,567.8,188.8,medium,,,70,681,97,12,2026-04-10 04:57:41.870436+00,
Carlisle,PA,Pennsylvania,United States,Mid-Atlantic,2026,4211272,20118,40.1999941,-77.204149,25,114e94d3-b613-45ec-99eb-3ef54ee5d069,41.9,37.23,42.38,,68.14,46.1,35.57,12.94,,5.57,16.41,38.47,23.55,59.38,57.44,,32.46,47.83,,43.04,43,114.4,44.7,small,,,47,681,569,45,2026-04-10 09:17:40.33213+00,
West Ocean City,MD,Maryland,United States,Mid-Atlantic,2026,2483225,4952,38.3473215,-75.1112428,30,a5f73d2b-e306-4e82-926a-a379c61aba62,41.99,39.04,37.22,,,38.13,25.39,8.91,,20.23,12,,16.91,51.64,43.72,,,43.72,,42.99,43,6.4,73.1,small,,,13,683,570,9,2026-04-10 00:14:40.454761+00,
Imperial Beach,CA,California,United States,Pacific,2026,636294,26137,32.5691398,-117.1149206,25,8fc9c174-93a3-4bb2-b771-539a013373e6,46.63,45.76,60.9,,,53.33,12.42,19.78,,7.9,12.76,,12.99,58.74,63.54,,27.47,49.67,,42.98,43,94.4,18.7,small,,,90,684,571,76,2026-04-09 06:38:40.751+00,
Chester,MD,Maryland,United States,Mid-Atlantic,2026,2416125,5003,38.9600937,-76.2876155,30,7fd99b75-500b-40d3-a5f1-a9005a1cdc2b,58.18,37.9,,,,37.9,12.53,7.5,12.96,31.33,12.53,29.39,16.52,65.16,40.88,,,40.88,,42.93,43,14.3,70.4,small,,,14,685,572,10,2026-04-10 00:30:41.745009+00,
Sumrall,MS,Mississippi,United States,South,2026,2871560,1765,31.4170284,-89.5417769,25,1a8c4000-93fc-4fe9-9bd7-2094d8ce3a59,63.96,56.06,45.92,,,50.99,14.36,,,,,20.55,17.01,41.43,16.83,46.26,,30.56,,42.91,43,48.6,15,small,,,2,686,573,2,2026-04-13 20:59:41.151618+00,
Roanoke,VA,Virginia,United States,South,2026,5168000,100011,37.278458,-79.9581739,25,1424cc76-cf6e-486d-b3b5-2ce87962d450,50.03,33.7,45.66,11.06,13.42,31.57,27.03,44.77,26.45,27.23,38.65,41.09,33.72,65.16,48.62,54.35,30.9,46.2,4.92,42.89,43,986.1,298.7,medium,,,20,687,98,2,2026-04-10 13:24:42.103328+00,
Kalamazoo,MI,Michigan,United States,Midwest,2026,2642160,73570,42.2751635,-85.5885011,25,bddc109c-c0b9-47f0-9fb9-9706dcc8694d,46.3,37.01,50.71,31.41,34.69,40.78,16.92,15.22,26.78,22.81,13.97,23.11,19.5,65.86,65.95,29.21,19.21,41.41,13.76,42.86,43,541.4,138.9,medium,,,71,688,99,13,2026-04-10 04:56:43.421265+00,
Fall River,WI,Wisconsin,United States,Midwest,2026,5525150,1802,43.3887,-89.0498,25,f7a7eb86-109b-4f23-ab5d-88c87d674ea6,69.43,32.79,81.3,,,57.05,,,,,,,,14.87,36.39,,0,22.39,,42.86,43,20.4,4.9,small,,,72,688,574,62,2026-04-15 16:36:40.743958+00,
Kingston,OK,Oklahoma,United States,South,2026,4039900,1431,34.2337,-96.7148,25,047e11b9-61c7-4b57-aa34-586d6834ac2f,50.94,46.06,43.6,,,44.83,15.68,26.18,,,8.54,,14.34,73.9,38.86,,,38.86,,42.84,43,34,13.7,small,,,4,690,575,4,2026-04-14 07:37:40.411558+00,
Colorado Springs,CO,Colorado,United States,Mountain,2026,816000,478991,38.8672553,-104.760749,25,245b142e-9443-4f44-b4bd-1bdd456e914d,41.9,33.13,46.97,13.45,30.45,35.47,28.45,30.13,26.25,25.35,26.11,28.08,27.23,61.64,63.45,52.5,30.29,51.33,6.59,42.8,43,4239.4,1204.3,large,,,18,691,17,2,2026-04-02 07:09:21.790732+00,
Medina,OH,Ohio,United States,Midwest,2026,3948790,26094,41.1346361,-81.8695135,25,6258d394-1856-4d09-bf50-f1da50695291,49.88,35.75,43.41,,,39.58,18.83,40.58,9.04,21.73,44.42,48.12,30.13,45.96,53.9,,,53.9,,42.8,43,189.5,60,small,,,29,691,576,26,2026-04-15 18:00:40.153339+00,
Newtown,CT,Connecticut,United States,New England,2026,952910,1914,41.4118973,-73.3119498,25,63de63cd-194f-4d68-a25b-fc97f07f7c7e,54.71,53.3,23.38,,,38.34,,,,46.87,40.62,,42.41,32.83,47.03,,,47.03,,42.75,43,25.1,13.2,small,,,4,693,577,4,2026-04-07 03:02:40.109813+00,
Cascade Locks,OR,Oregon,United States,Pacific,2026,4111600,1379,45.6760452,-121.868706,25,07013470-7bc5-4fcc-a0a8-ba4deaa347ce,66.44,48.43,42.08,,,45.26,,,,,42.46,,42.46,22.96,44.7,,,44.7,6.41,42.75,43,26.5,20.3,small,,,8,693,577,5,2026-04-08 01:05:41.232216+00,
Prattville,AL,Alabama,United States,South,2026,162328,37781,32.464,-86.4597,25,2280537d-8ff7-4dd1-a8cd-5614d9a14afa,52.72,42.51,28.74,,,35.63,36.07,29.22,2.84,20.61,21.92,,21.46,57.52,43.96,,26.99,37.43,,42.73,43,430.6,90.2,small,,,14,695,579,12,2026-04-14 03:29:40.086455+00,
Ionia,MI,Michigan,United States,Midwest,2026,2640860,13378,42.976821,-85.0746328,25,4c1f8a83-373d-4505-aa93-e5fb8d9ac46b,70.72,62.81,38.44,,,50.63,22.75,43.63,,25.76,37.84,,32.23,35.3,38.66,45.12,,41.67,,42.73,43,70.9,22.4,small,,,72,695,579,58,2026-04-10 03:42:40.06567+00,
Norton,MA,Massachusetts,United States,New England,2026,2550005,2677,41.9698,-71.1854,25,70397985-ca0b-4052-a4bf-eadbae328ef9,47.66,45.97,19.02,,81.55,43.4,,,,,,,,41.95,37.65,,,37.65,,42.71,43,3.2,22,small,,,15,697,581,14,2026-04-14 03:31:39.91668+00,
Omaha,NE,Nebraska,United States,Midwest,2026,3137000,490924,41.2627048,-96.0534745,25,4e2af339-1748-40bc-a618-0f649b604fb4,46.06,31.72,53.49,10.04,33.59,37.55,34.3,22.06,18.4,23.28,29.94,28.12,26.78,60.5,64.48,46.05,23.38,47.75,10.31,42.7,43,3680.7,1197.6,large,,,4,698,18,1,2026-04-01 02:19:30.855836+00,
Mead,CO,Colorado,United States,Mountain,2026,849600,4793,40.2270022,-104.98832,30,c06eccb9-2ce2-4d0d-875c-09a295b86716,51.29,30.39,8.35,,,19.37,,,,,,,,34.15,53.41,,,53.41,,42.66,43,37.2,137.7,small,,,19,699,582,14,2026-04-09 01:14:41.289017+00,
East San Gabriel,CA,California,United States,Pacific,2026,621096,22769,34.1017,-118.0653,25,e4d15db3-55fc-4b56-a7db-c989c269dcc9,51.67,48.85,29.23,,,39.04,,100,,7.81,32.14,,41.81,54.25,20.07,,,20.07,,42.62,43,50.9,19.7,small,,,91,700,583,77,2026-04-10 21:27:40.394358+00,
Edwards,CO,Colorado,United States,Mountain,2026,823300,11246,39.6118242,-106.6197023,30,17bcb8a0-5fd6-4364-9ea7-e675f0df14b5,57.46,52.77,36.66,26.24,,42.41,,,4.22,,13.08,,9.14,38.83,33.3,52.33,,42.18,23.06,42.6,43,93.7,203.1,small,,,20,701,584,15,2026-04-08 23:58:40.10577+00,
Lehi,UT,Utah,United States,Mountain,2026,4944320,75995,40.4170802,-111.8711467,25,0602b41a-15b9-426f-a9fc-328aac139818,51.78,35.1,40.56,,,37.83,23.05,18.01,29.85,3.5,11.4,24.59,19.27,49.8,70.25,55.32,57.36,61.8,32.69,42.54,43,804.6,193.6,medium,,,21,702,100,2,2026-04-11 01:43:46.294608+00,
Mystic,CT,Connecticut,United States,New England,2026,949810,4348,41.3559755,-71.9558817,25,cf9d98c6-ac74-42be-b3b1-be8fd89ad6f5,51.46,47,30.69,,,38.85,,26.48,45.62,11.83,44.22,37.73,37.09,67.58,56.93,,30,46.57,2.69,42.5,43,50.4,15.6,small,,,5,703,585,5,2026-04-07 03:33:40.431752+00,
Tampa,FL,Florida,United States,South,2026,1271000,385257,27.9700861,-82.4796734,30,c196b752-1850-4257-88ea-2bae6af11b9d,43.58,36.52,46.61,17.46,25.82,36.01,24.56,22.91,18.79,20.39,36.46,11.99,23.91,62.76,49.28,38.75,27.62,40.18,17.34,42.39,42,2487,882.2,large,,,8,704,19,1,2026-03-31 21:55:23.067041+00,
Claymont,DE,Delaware,United States,Mid-Atlantic,2026,1015310,9895,39.8031713,-75.4604823,25,e33d8676-9ae9-42c5-a22d-252fd84ad2fc,51.22,38.8,30.23,,,34.52,,,,12.78,40.71,,32.73,61.53,32.59,,47.79,38.44,,42.38,42,51.6,19,small,,,5,705,586,4,2026-04-07 03:28:40.357503+00,
Perrysburg,OH,Ohio,United States,Midwest,2026,3962148,25046,41.5389861,-83.6441321,25,07fcab54-284b-4738-a7d9-16c69c14721e,53.88,40.04,43.26,36.91,,41.06,25.62,27.56,4.27,15.81,23.1,34.79,21.31,47.55,58.93,40.67,24.75,43.99,,42.38,42,236.6,80.1,small,,,30,705,586,27,2026-04-10 11:52:40.540439+00,
West Puente Valley,CA,California,United States,Pacific,2026,684774,22959,34.0453,-117.9528,25,c4a04a1e-6e34-4f13-bf80-895f83b0a7e3,56.75,52.6,58.88,,,55.74,,,33.23,,,,33.23,33.55,26.55,,,26.55,,42.29,42,68.7,15.9,small,,,92,707,588,78,2026-04-10 22:20:40.253513+00,
Mannford,OK,Oklahoma,United States,South,2026,4046200,3262,36.1337,-96.3598,25,c6c9499a-bd00-461f-a880-3399178eb114,54.64,42.65,52.19,,,47.42,,,,,,,,32.59,20.73,,,20.73,,42.27,42,61.6,43.9,small,,,5,708,589,5,2026-04-14 06:31:40.275167+00,
Alafaya,FL,Florida,United States,South,2026,1200410,92452,28.5283727,-81.1857451,30,99ee4d2a-4150-40f0-acb9-81a151a94338,42.71,36.52,43.61,,,40.07,30.47,44.87,,21.92,33.02,17.34,29.54,47.12,50.03,22.85,,37.35,,42.24,42,77,359.6,medium,,,9,709,101,2,2026-04-09 17:55:40.983305+00,
Los Alamos,NM,New Mexico,United States,Mountain,2026,3542320,13179,35.893959,-106.2900253,30,839354f4-099c-4855-8482-060b115818df,46.45,28.86,50.65,,29.84,37.55,26.63,9.78,20.03,6.35,28.29,39.53,23.95,42.98,61.51,51.7,30.62,50.35,,42.16,42,253.9,60.2,small,,,1,710,590,1,2026-04-11 01:55:40.226277+00,
Benson,AZ,Arizona,United States,Mountain,2026,405770,5355,31.9144969,-110.3285517,25,f714fe0e-b918-4a09-a965-44d6b556ee7b,52.71,46.22,28.42,43.07,,38.04,43.07,30.9,43.07,,40.58,,40.62,55.18,16.77,,18.62,17.48,20.01,42.14,42,129,64,small,,,14,711,591,13,2026-04-08 19:06:02.482428+00,
Lewes,DE,Delaware,United States,Mid-Atlantic,2026,1041830,3303,38.778644,-75.143689,25,7c560170-1e97-470c-b277-e3e4c000286f,53.7,54.1,52.27,,21.4,46.12,16.38,,52.27,,,42.81,36.64,45.64,45.8,,,45.8,17.46,42.14,42,73.7,21.6,small,,,6,711,591,5,2026-04-07 02:58:40.19994+00,
Maplewood,MO,Missouri,United States,Midwest,2026,2945830,8269,38.6137,-90.3273,25,555d9c5e-d9f4-45ee-af94-4aa97c27ac70,47.28,38.05,26.2,,,32.13,,,,29.39,46.14,,41.35,69.55,51.4,,31.64,43.8,22.37,42.14,42,50.1,13,small,,,10,711,591,9,2026-04-14 04:15:40.138556+00,
Reminderville,OH,Ohio,United States,Midwest,2026,3966152,5412,41.3271655,-81.3973533,25,108e8693-0499-474a-8bee-3c2241acd538,57.94,54.77,,,,54.77,,,,11.96,,,11.96,81.47,26.09,,,26.09,,42.11,42,36.6,3.5,small,,,31,714,594,28,2026-04-10 13:17:40.548891+00,
Romeo,MI,Michigan,United States,Midwest,2026,2669400,3771,42.8045799,-83.002603,25,bf037261-c720-42c7-9bcc-2dfcd8a50904,52.35,44.61,36.47,,,40.54,27.07,,,,,34.46,30.24,59.61,30.16,,28.79,29.63,,42.1,42,35.3,10,small,,,73,715,595,59,2026-04-10 03:59:39.863671+00,
Prior Lake,MN,Minnesota,United States,Midwest,2026,2752594,27617,44.7255938,-93.4408765,30,ae433bbb-4da8-4219-a057-afad1a529a2c,45.16,42.17,29.85,,,36.01,9.55,14.7,,,9.98,,10.68,41.13,67.06,66.8,,66.94,,42.09,42,146.4,311.7,small,,,15,716,596,7,2026-04-10 14:09:41.275417+00,
Tyrone,GA,Georgia,United States,South,2026,1378044,7649,33.4760589,-84.5945221,30,f16b1b90-00e2-4e65-907a-eade795793f7,54.31,47.79,21.4,,,34.6,12.91,26.02,,31.62,29.71,26.74,24.73,56.93,47.59,,28.9,40.4,,42.07,42,106,60,small,,,9,717,597,8,2026-04-09 22:20:40.632279+00,
Bainbridge Island,WA,Washington,United States,Pacific,2026,5303736,24801,47.642487,-122.507764,20,38ce2640-ee8f-42c6-ad17-64f436e9dcff,44.35,42.08,34.28,,,38.18,25.57,35.83,,29.56,34.79,33.81,31.78,54.31,67.58,28.98,26.33,43.76,22.06,42.05,42,371.8,163,small,,,17,718,598,15,2026-04-09 17:15:41.425797+00,
Petaluma,CA,California,United States,Pacific,2026,656784,59776,38.2422507,-122.6287687,25,5c51ab37-9135-4f5e-a024-33e22b18aa06,47.78,40.06,50.31,20.96,,42.16,22.83,22.51,18.83,27.3,46.58,,29.36,54.62,69.09,,20.93,50.57,20.42,42.04,42,401.3,90.7,medium,,,93,719,102,14,2026-04-09 08:20:41.464819+00,
Rogers,AR,Arkansas,United States,South,2026,560410,69908,36.332,-94.1185,20,3fbfb07e-25ef-4e3a-914c-5f01f74c32f5,43.31,38,45.2,0,22.7,33.66,35.96,31.3,42.3,28.03,34.61,31.16,34.91,52.03,48.87,56.09,23.77,45.12,,41.96,42,725.2,250.6,medium,,,4,720,103,3,2026-04-07 18:35:41.036422+00,
Coppell,TX,Texas,United States,South,2026,4816612,42983,32.9633064,-96.9905565,30,70a937f5-258d-479d-a2bf-5da0fc333390,36.86,26.86,46.66,15.54,,34.11,39.93,35.21,,30.14,25.12,,32,58.01,58.68,49.09,38.28,50.22,,41.95,42,291.3,124.9,small,,,16,721,599,15,2026-04-09 11:00:40.30086+00,
Tappahannock,VA,Virginia,United States,South,2026,5177568,2193,37.9123872,-76.8660122,25,b850a256-becc-4bdf-bef3-f2447df65d54,73.01,52.64,52.6,,,52.62,16.74,,,,5.68,,10.6,46.01,34.07,,,34.07,,41.93,42,29,11.9,small,,,21,722,600,19,2026-04-10 10:44:40.340309+00,
Sonora,CA,California,United States,Pacific,2026,672674,5003,37.9817072,-120.3827545,25,3794f095-2060-4d92-8355-7baed3218e91,56,49.53,38.4,,,43.97,,,49.71,0.53,17.46,,26.11,59.23,27.45,,,27.45,,41.9,42,66,22.3,small,,,94,723,601,79,2026-04-09 07:28:40.352449+00,
Bedford,MA,Massachusetts,United States,New England,2026,2504615,14383,42.4993324,-71.2819012,25,4f55360c-f861-41d1-aea5-c18340605b04,48.07,38.56,37.83,53.98,,40.17,17.71,29.35,43.85,5.23,12.19,41.15,24.99,49.83,72.41,,20.07,52.28,,41.9,42,232.6,60.1,small,,,16,723,601,15,2026-04-10 23:13:39.95558+00,
Vandalia,OH,Ohio,United States,Midwest,2026,3979492,15209,39.8789773,-84.1922239,25,0dd7a1b4-49fc-426f-92d9-facc24835bc9,51.31,41.68,26.15,,,33.92,24.6,,,,28.21,19.95,24.94,54.24,55.61,0.08,,29.7,,41.9,42,149.6,72.3,small,,,32,723,601,29,2026-04-10 13:32:40.435963+00,
Burlingame,CA,California,United States,Pacific,2026,609066,31402,37.5899515,-122.3633425,25,aa5d9149-8e37-4157-8ffc-ce16635793ac,53.74,33.01,59.71,,,46.36,27.19,,49.5,25.85,40.09,19.23,34.26,58.97,62.72,,29.24,49.84,7.48,41.86,42,142.9,51,small,,,95,726,604,80,2026-04-09 04:58:40.25226+00,
Sedro-Woolley,WA,Washington,United States,Pacific,2026,5363210,12437,48.5113562,-122.2321368,25,038fad43-b075-4191-bbfa-287d02c70515,41.31,43.13,36.61,,,39.87,27.4,36.7,22.77,29.38,36.01,27.46,29.76,56.26,49.79,,38.24,45.35,,41.82,42,91.5,36,small,,,18,727,605,16,2026-05-08 21:54:05.801845+00,
East Hanover,NJ,New Jersey,United States,Mid-Atlantic,2026,3419210,11105,40.8185531,-74.3637423,25,79d79dd5-f8e1-4cb7-872f-0dc53fcd097b,44.68,36.58,35.14,,,35.86,28.01,25.49,,18.92,,,25.11,58.35,53.42,,,53.42,,41.79,42,105.4,36,small,,,29,728,606,23,2026-04-10 08:06:40.405429+00,
Manistee,MI,Michigan,United States,Midwest,2026,2650720,6259,44.2452677,-86.3275365,25,9e78415d-f568-4606-bd77-a225c279a447,54.84,45.33,40.19,,,42.76,,,,,31.14,,31.14,59.18,51.75,,25.29,41.57,20.9,41.77,42,87.8,22.4,small,,,74,729,607,60,2026-04-10 03:08:39.970332+00,
Ridgeland,MS,Mississippi,United States,South,2026,2862520,24659,32.4236755,-90.1617735,25,df54dd7a-804e-4f2e-b986-0d5b71925909,48.62,38.67,35.65,10.46,,33.82,12.39,12.07,,,20.13,,15.85,54.59,35.05,51.68,,42.81,,41.76,42,323.8,123.9,small,,,3,730,608,3,2026-04-13 20:49:40.973951+00,
Mercer Island,WA,Washington,United States,Pacific,2026,5345005,25748,47.5640042,-122.2312143,25,d03dda60-608e-4f96-8f14-ead4a981a2f7,42.74,45.68,48.34,,,47.01,11.37,33.36,,6.66,26.26,35.56,22.72,39.25,66.35,58.07,29.4,54.21,35.16,41.74,42,180.5,59.7,small,,,19,731,609,17,2026-04-09 17:05:40.157591+00,
Lancaster,OH,Ohio,United States,Midwest,2026,3941720,40576,39.7252284,-82.6052458,25,c5267222-558b-4b25-8bb7-cdbfe5f0e8f5,39.74,30.13,31.17,,23.47,29.05,36.57,25.37,39.87,12.81,27.05,47.47,32.99,67.03,53.03,,26.97,43.01,,41.73,42,289.3,108.1,small,,,33,732,610,30,2026-04-10 13:43:41.644171+00,
Fairbanks,AK,Alaska,United States,Pacific,2026,224230,32515,64.8365307,-147.6517447,25,0dc152ff-cf81-45b4-afc9-997b95ca2978,45.8,24.53,38.65,20.49,,30.2,28.61,35.42,15.59,17.53,17.39,12.66,20.38,57.62,64.68,39.09,,52.74,12.87,41.72,42,388.9,129.3,small,,,8,733,611,7,2026-03-30 21:52:48.929917+00,
Cumming,GA,Georgia,United States,South,2026,1320932,7508,34.2060666,-84.1338478,30,340933bf-d259-42c8-b9b2-b31949763f22,39.03,31.32,20.25,0,,22.56,25.47,15,100,17.29,31.64,26.24,40.17,70.49,56.49,,41.01,50.54,,41.7,42,12.5,135.3,small,,,10,734,612,9,2026-04-09 21:19:40.362903+00,
Bartonville,TX,Texas,United States,South,2026,4805768,1725,33.0846829,-97.1491755,30,600d1834-a923-4e73-a756-a4467ecb5e9c,68.3,48.66,25.76,,,37.21,,,,15.73,15.73,,15.73,19.5,,,,,,41.7,42,0.3,69,small,,,17,734,612,16,2026-04-09 09:47:40.118335+00,
Kingston,NY,New York,United States,Mid-Atlantic,2026,3639727,24060,41.927,-73.9974,25,55dd176d-87bc-4f71-ba16-7a69be32a3a6,41.35,37.58,42.21,,29.75,37.64,19.74,14.43,27.88,35,30.53,25.95,25.99,63.42,61.52,,18.84,45.1,44.87,41.69,42,154.7,56.7,small,,,13,736,614,8,2026-04-10 06:49:41.110043+00,
Killingly,CT,Connecticut,United States,New England,2026,940500,17747,41.8315,-71.8595,25,0b4dfc63-ebc7-470c-8a74-c9d12cb95aab,48.35,38.76,27.32,7.53,,29.85,10.7,27.22,,5.41,26.07,31.08,20.73,45.2,67.13,7.83,30.1,37.12,,41.67,42,270.8,137.8,small,,,6,737,615,6,2026-04-14 05:07:41.157399+00,
Inglewood,CA,California,United States,Pacific,2026,636546,107762,33.9617,-118.3531,25,1dbf0c1b-bee8-46a8-b369-3f55626ab8e1,43.69,36.3,46.61,,,41.46,9.96,4.23,20.69,35.26,42.51,25.66,24.56,74.59,41.32,,13.06,30.45,30.65,41.59,42,242.4,111.6,medium,,,96,738,104,15,2026-04-10 21:40:41.415743+00,
Washington,UT,Utah,United States,Mountain,2026,4981960,27993,37.1302,-113.5083,25,182bcfa6-a0df-4af4-a6d7-825242566c4a,46.35,45.24,32.72,,,38.98,,,,23.21,27.23,38.89,29.92,46.37,52.7,21.53,17.33,32.95,,41.49,41,569.6,130.1,small,,,22,739,616,20,2026-04-11 00:54:40.82269+00,
Kent,OH,Ohio,United States,Midwest,2026,3939872,28230,41.1475608,-81.3619648,25,164ede2e-a560-48f7-b5aa-13b363654485,36.99,19.5,25.81,45.53,66.38,33.69,23.09,,3.39,18.72,44.02,25.26,24.4,63.99,61.92,,39.89,53.45,46.48,41.4,41,135.7,66.3,small,,,34,740,617,31,2026-04-10 12:58:40.45976+00,
Linden,NJ,New Jersey,United States,Mid-Atlantic,2026,3440350,43738,40.6237,-74.2448,25,1f2cf9e7-e80c-41b7-868c-468b3142db98,56.44,38.99,62.67,,,50.83,32.54,22.24,,11.78,14.94,,20.99,49.43,61.63,,,61.63,2.86,41.38,41,178.2,52.2,small,,,30,741,618,24,2026-04-14 08:13:40.103382+00,
Lawndale,CA,California,United States,Pacific,2026,640886,31807,33.8872,-118.3523,25,78b6f357-ff93-4090-b461-8b5767a3d644,37.24,34.7,46.32,,,40.51,19.57,34.97,,24.22,20.95,,23.19,71.16,41.03,,,41.03,,41.36,41,55.9,31.3,small,,,97,742,619,81,2026-04-10 21:40:40.1961+00,
Hudson,IA,Iowa,United States,Midwest,2026,1937470,2546,42.4083,-92.4596,25,a1c3fad3-4e7b-4e20-bb7c-07d7afd196ee,56.15,52.27,28.3,,,40.29,,,,,24.93,,24.93,18.84,38.15,59.88,,48.29,,41.36,41,46.9,32.6,small,,,15,742,619,10,2026-04-14 04:48:40.694581+00,
Andover,MN,Minnesota,United States,Midwest,2026,2701486,32601,45.2524198,-93.3374023,30,d4368b6e-92f3-44a4-8b1b-ccfe4dff04df,42.34,46.33,36.34,,,41.34,47.72,,,32.35,37.58,,40.32,40.32,55.24,49.32,47.91,51.34,,41.34,41,125,487.4,small,,,16,744,621,8,2026-04-10 13:45:40.467644+00,
Aitkin,MN,Minnesota,United States,Midwest,2026,2700460,2176,46.52665,-93.704992,30,d930a40f-3b9b-4cc8-bf98-464deaf7038a,46.42,49.15,46.51,,,47.83,,,13.33,48.53,8.23,15.67,17.04,50.88,48.72,,,48.72,,41.31,41,20.5,43.9,small,,,17,745,622,9,2026-04-10 13:14:40.533564+00,
Dawsonville,GA,Georgia,United States,South,2026,1321940,3749,34.4336514,-84.1244493,30,f58d669d-e1b1-441d-b771-b8faaed2ed88,60.68,55.11,20.19,,,37.65,32.16,,,34.61,14.27,,24.47,60.7,22.68,,,22.68,,41.28,41,28.3,59.9,small,,,11,746,623,10,2026-04-09 21:33:45.409364+00,
Camden,NJ,New Jersey,United States,Mid-Atlantic,2026,3410000,71791,39.9367868,-75.1066438,25,3a1f2a04-5c2c-458e-b46b-a06159beb734,34.67,21.76,60.88,13.89,31.06,36.53,28.28,11.94,31.58,24.99,25.98,41.53,28.39,70.36,64.27,,20.95,47.61,28.59,41.28,41,211.5,112.8,medium,,,31,746,105,7,2026-04-10 07:47:41.093058+00,
Nogales,AZ,Arizona,United States,Mountain,2026,449640,19770,31.3619278,-110.9348198,25,7df3d209-3daf-45dd-816b-d96a2f9bd77b,52.4,40.04,42.8,,,41.42,,,13.57,9.01,38.19,,23.93,46.65,46.87,,0.83,29.16,,41.25,41,194.9,59.5,small,,,15,748,624,14,2026-04-08 19:20:45.054117+00,
Moncure,NC,North Carolina,United States,South,2026,3743880,780,35.6337,-79.0623,35,db9d00f7-5d33-4b10-93b3-4f4989c95fcf,61.36,53.9,39.1,,,46.5,15.51,,,,45.48,,32.16,29.44,39.1,,,39.1,,41.25,41,,39.3,small,,,5,748,624,4,2026-04-14 06:42:40.343303+00,
Mountain View,CA,California,United States,Pacific,2026,649670,82376,37.399686,-122.0792687,25,b88e34fb-5ab8-4770-8123-5272c052a7cc,31.36,24.9,53.62,,,39.26,29.53,38.2,18.92,19.93,46.21,28.53,31.34,65.07,64.54,38.86,15.17,43.21,35.59,41.21,41,306.7,132.4,medium,,,98,750,106,16,2026-04-09 07:43:46.190036+00,
Newport,VT,Vermont,United States,New England,2026,5048850,4455,44.9387,-72.2048,25,151faeb1-caa2-49c8-840b-5fd9ad7c2e0b,49.92,51.56,26.15,,28.27,36.5,,,50.39,36.33,36.33,,41.44,37.59,27.6,,,27.6,,41.21,41,73.6,28.4,small,,,10,750,626,10,2026-04-14 02:28:40.84371+00,
Lake Mary,FL,Florida,United States,South,2026,1238425,16809,28.7591044,-81.3328131,30,b0b8a546-8aac-45c2-8754-e36af794fd97,52.84,42.03,32.07,40.47,43.51,38.68,43.26,38.01,43.51,38.46,37.42,62.07,43.67,40.24,44.91,31.79,34.43,37.7,5.65,41.17,41,21.2,170.2,small,,,10,752,627,7,2026-04-09 18:53:40.182825+00,
Youngstown,OH,Ohio,United States,Midwest,2026,3988000,60068,41.099095,-80.6459017,25,7846c3c2-fe98-4603-9b20-247e7d90e239,43.21,33.81,40.41,,33.38,36.28,26.07,23.01,44.21,27.75,35.33,39.65,33.91,60.23,62.63,,27.53,49.13,5.47,41.17,41,633.9,284.6,medium,,,35,752,107,4,2026-04-10 15:38:54.609872+00,
Pacifica,CA,California,United States,Pacific,2026,654806,38640,37.6065981,-122.4772305,25,2b348ed8-a30b-46ca-9a3c-7eee62f24a72,47.75,40.66,44.47,33.86,,41.48,,11.49,,9.35,36.68,5.81,20.21,45.29,61.77,,16.13,44.22,32.6,41.12,41,199.2,61.6,small,,,99,754,628,82,2026-04-09 06:12:40.300874+00,
Birmingham,MI,Michigan,United States,Midwest,2026,2608640,21813,42.5448046,-83.2165758,25,2858c06b-ed8f-4394-b90b-dc198506bade,40.27,30.52,34.92,,,32.72,28.31,33.22,,23.98,29.14,37.45,30.36,57.07,66.43,,28.16,51.71,,41.12,41,170.2,37.5,small,,,75,754,628,61,2026-04-10 03:11:45.297861+00,
Ashland,VA,Virginia,United States,South,2026,5103368,7565,37.7587,-77.4798,25,908478c5-170e-4601-8a43-47c5f1e1178e,47.57,30.69,13.61,,75.75,34.06,47.91,30.49,,26.09,12.2,,28.14,67.74,53.63,,28.43,43.94,31.83,41.11,41,72.7,47.2,small,,,22,756,630,20,2026-04-14 02:21:40.974707+00,
Princeton,NJ,New Jersey,United States,Mid-Atlantic,2026,3460900,30545,40.3582436,-74.6667284,25,bd335533-00da-4778-b554-9891438fcc01,46.79,32.31,53.19,35.88,64.8,46.47,11.36,9.37,36.41,20.36,13.02,20.91,18.92,54.3,70.44,39.89,22.1,47.66,31.01,41.1,41,313.3,84.4,small,,,32,757,631,25,2026-04-10 08:39:40.722505+00,
Waterloo,WI,Wisconsin,United States,Midwest,2026,5583925,3492,43.1835284,-88.9900444,25,3e647b4a-1254-4fdb-9a29-068bc8124ad7,53.55,35.33,29.71,,,32.52,,,,,39.86,,39.86,33.05,49.75,,,49.75,,41.09,41,47.3,11.8,small,,,73,758,632,63,2026-04-09 13:31:41.036901+00,
Bozeman,MT,Montana,United States,Mountain,2026,3008950,53385,45.6831545,-111.0537825,25,eb792832-9bc1-478e-af2c-3704402cc83f,35.77,32.28,42.26,25.91,50.36,38.75,42.85,37.69,30.98,21.12,45.21,21.44,35.17,53.56,69.98,27.72,6.08,39.21,4.64,41.08,41,537.4,173.7,medium,,,14,759,108,3,2026-04-14 07:04:41.094971+00,
Holland,MI,Michigan,United States,Midwest,2026,2638640,34404,42.7670492,-86.098572,25,52636951-ac8d-4312-b5d9-d28357d87c33,43.84,32.2,44.34,33.63,,37.69,10.21,35.01,37.01,4.26,36.04,11.83,24.16,66.84,56.91,53.1,27,48.1,2.65,41.07,41,225.2,137.1,small,,,76,760,633,62,2026-04-10 03:27:41.127237+00,
Cave Junction,OR,Oregon,United States,Pacific,2026,4111850,2066,42.1666638,-123.648096,25,77aaec26-fb0e-4ca5-a053-aaa6d59a8d44,45.47,45.53,24.08,,,34.81,,,17.8,38.1,40.04,,31.6,50.02,47.37,,,47.37,,41.05,41,30.9,9.2,small,,,9,761,634,6,2026-04-08 01:00:40.762627+00,
Penngrove,CA,California,United States,Pacific,2026,656476,2637,38.3006185,-122.670641,25,5d0a5245-31e5-4d89-bcab-91ec7e180105,61.11,53.85,19.87,,,36.86,,,,,,,,32.19,35.6,,,35.6,,41.04,41,36.5,10.1,small,,,100,762,635,83,2026-04-09 06:54:41.021579+00,
Waimea,HI,Hawaii,United States,Pacific,2026,1578500,9904,20.0103271,-155.6254905,25,84e1c6e6-8af7-472b-8f8f-7125987b3600,57.59,47.75,29.94,,,38.85,35.62,19.97,29.39,38.11,26.78,35.62,30.85,49.61,28.25,,12.13,22.05,,41.03,41,113.9,28,small,,,3,763,636,3,2026-04-08 20:21:40.593148+00,
Gig Harbor,WA,Washington,United States,Pacific,2026,5326735,12029,47.3383782,-122.6007526,25,e42a82c5-46b5-4a27-bdaf-0d1ceb9bce40,44.36,48.15,23.72,27.87,,34.93,32.4,33.31,59.85,31.99,29.28,38.57,38.09,59.3,58.83,20.22,27.87,37.58,28.46,41.01,41,97.7,63.2,small,,,20,764,637,18,2026-04-09 17:13:40.465783+00,
Springfield,VA,Virginia,United States,South,2026,5174592,31339,38.7815714,-77.1839206,25,020a5039-a6ce-4b4e-84b0-3526f4d54c92,53.73,31.8,42.8,25.26,,35.8,8.49,18.32,,28.25,47.92,30.12,28.57,58.68,67.48,40.65,,54.96,9.78,40.98,41,192.3,97,small,,,23,765,638,21,2026-04-10 12:19:40.247149+00,
Norwalk,OH,Ohio,United States,Midwest,2026,3957302,17068,41.2445728,-82.6089499,25,39c95c94-bee0-48d2-8750-8e33eb711111,43.63,41.63,35,,,38.32,12.37,24.96,10.82,32.58,48.42,34.63,27.69,52.35,44.42,,,44.42,,40.96,41,137,46.4,small,,,36,766,639,32,2026-04-10 11:50:40.063837+00,
Allentown,PA,Pennsylvania,United States,Mid-Atlantic,2026,4202000,125845,40.5936476,-75.4783928,25,66ce5fec-913d-4eea-9ed9-17b76b968523,41.03,28.77,43.3,43.56,0.17,29.61,32.1,15.63,33.63,27.06,37.21,49.54,34.15,66.98,51.33,20.7,5.49,29.15,,40.94,41,511,161.3,medium,,,48,767,109,2,2026-04-10 10:15:42.110616+00,
Evanston,IL,Illinois,United States,Midwest,2026,1724582,78110,42.0463909,-87.6943525,25,5eba5ccc-35a1-4e14-b608-f118abc576db,35.57,36.05,50.86,,36.02,41.8,30.97,24.84,5.35,28.34,42.65,49.04,30.6,62.6,64.6,,23.25,48.7,27.4,40.91,41,225.3,79.7,medium,,,11,768,110,4,2026-04-08 23:11:41.816195+00,
Zionsville,IN,Indiana,United States,Midwest,2026,1886372,30603,39.9506,-86.2719,30,a04d33d8-73c0-4e8c-91d8-661d90e1ee9d,46.04,42.31,31.69,,,37,23.93,,,33.12,38.09,,32.04,35.31,46.96,42.96,,45.09,,40.91,41,169.5,513.8,small,,,8,768,640,5,2026-04-14 05:01:40.492002+00,
Portage,MI,Michigan,United States,Midwest,2026,2665560,48891,42.1970496,-85.5913947,25,7747e930-1994-4405-a2df-7465cac75ce0,45.97,40.24,43.82,,,42.03,18.74,28.52,,30.42,36.77,64.11,35.56,44.28,52.75,38.31,24.41,40.61,,40.9,41,488.2,177.1,small,,,77,770,641,63,2026-04-10 04:38:45.293155+00,
Tucson,AZ,Arizona,United States,Mountain,2026,477000,542629,32.1530357,-110.8707734,25,0e2bce70-c3ee-4161-ac31-e35e31727e78,41.21,31.05,50.24,25.29,21.77,35.33,23.17,17.31,23.21,19.11,34.46,17.27,24.12,61.8,67.72,21.42,23.3,40.41,18.04,40.84,41,3960.7,1116.3,large,,,16,771,20,1,2026-04-02 03:32:11.753398+00,
Lansing,MI,Michigan,United States,Midwest,2026,2646000,112644,42.7143412,-84.5608887,25,cc702a83-198b-4f10-8848-fce054cd60da,42.59,27.2,43.99,8.54,0.31,25.83,20.66,17.09,16.21,25.21,30.78,37.28,24.89,67.3,66.88,31.02,23.53,43.49,1.16,40.83,41,832.6,265.7,medium,,,78,772,111,14,2026-04-10 05:36:47.882467+00,
Lynnwood,WA,Washington,United States,Pacific,2026,5340840,38568,47.8289794,-122.3006719,25,b97fe2a9-0a08-45c0-b471-ae5e86a789b4,32.31,26.87,44.13,19.58,8.68,28.54,34.49,44.41,,21.74,53.28,44.98,41.98,62.05,62.02,,,62.02,7.17,40.75,41,173.5,89.4,small,,,21,773,642,19,2026-04-09 17:41:45.210261+00,
Santa Monica,CA,California,United States,Pacific,2026,670000,93076,34.0109107,-118.4982446,25,701abeba-c4c5-411f-a5b2-8762fcf427d7,42.97,29.11,54.27,39.81,36.43,40.45,47.43,49.72,18.07,39.32,55.14,25.48,39.61,68.08,59.55,35.53,23.03,42.01,9.16,40.73,41,244,125.4,medium,,,101,774,112,17,2026-04-09 08:32:42.126283+00,
Mandeville,LA,Louisiana,United States,South,2026,2248225,13236,30.3767346,-90.1010673,25,9337a231-b108-4586-8826-d4f9cb684e55,55.7,47.26,52.29,,,49.78,6.14,19.68,,29.29,17.99,,16.34,44.81,34.06,62.05,,47.12,,40.73,41,150.5,50.6,small,,,2,774,643,2,2026-04-14 05:17:40.017242+00,
Warren,PA,Pennsylvania,United States,Mid-Atlantic,2026,4281000,9404,41.8429159,-79.1438651,25,dd07e9ac-c995-4c7d-82eb-ab08dad7c5e1,48.83,36.62,34.51,,,35.57,,35.15,5.28,7.71,29.92,,19.73,54.71,52.36,,,52.36,,40.73,41,77.6,21.7,small,,,49,774,643,46,2026-04-10 11:24:39.858532+00,
Tacoma,WA,Washington,United States,Pacific,2026,5370000,219327,47.2521991,-122.4598318,20,404f21cf-de37-4e38-acef-745ede9f5eee,44.14,32.4,50.73,19.16,34.49,37.91,25.49,31.71,36.1,30.32,37.09,37.72,33.45,64.49,60.15,19.71,23.32,36.79,24.68,40.73,41,1296.9,515.4,medium,,,22,774,112,2,2026-04-10 03:58:01.11171+00,
Watertown,WI,Wisconsin,United States,Midwest,2026,5583975,22926,43.1894048,-88.7289095,25,1db6661d-983d-4250-ab19-cd03629edb0a,46.75,42.37,43.92,21.26,21.69,36.67,8.15,14.86,15.89,23.27,20.64,37.41,19.39,54.12,62,,34.42,51.39,,40.68,41,225.7,55.5,small,,,74,778,645,64,2026-04-09 11:55:40.099556+00,
Simsbury,CT,Connecticut,United States,New England,2026,968940,24517,41.8725296,-72.8284382,25,bdf7c058-c4d7-49c4-a440-4c370bb9d917,47.49,41.77,37.51,,,39.64,24.65,26.27,,22.88,26.88,30.71,26.46,45.85,64.49,35.74,22.59,43.95,,40.65,41,403,134.2,small,,,7,779,646,7,2026-04-07 03:20:40.473369+00,
Lakeville,MN,Minnesota,United States,Midwest,2026,2735180,69496,44.6761337,-93.2517433,30,672ac5e4-dca3-4b5a-a33b-066dd00149e0,37.1,38.68,37.82,,,38.25,26.84,26.02,,13.36,28.31,27.4,25.62,45.25,60.2,62.33,,61.19,,40.65,41,374.2,791,medium,,,18,779,114,7,2026-04-10 12:57:45.186602+00,
Sandwich,MA,Massachusetts,United States,New England,2026,2559700,2998,41.7570662,-70.4980246,25,04ff5693-0b13-41cc-a61c-88d0d4eab78e,38.43,26.04,46.96,,,36.5,,,,,,,,40.86,58.41,28.62,,44.51,,40.64,41,19.4,65.6,small,,,17,781,647,16,2026-04-10 23:45:41.221909+00,
Rohnert Park,CA,California,United States,Pacific,2026,662546,44390,38.3476171,-122.7008956,25,7ab46800-c7ab-4d92-ada1-2204c2fdc782,50.02,37.79,47.26,,34.12,40.66,,6.2,,5.47,39.62,14.48,22.07,53.13,68.74,29.72,19.8,42.85,23.58,40.6,41,232.5,48.6,small,,,102,782,648,84,2026-04-09 08:14:40.788051+00,
Des Moines,IA,Iowa,United States,Midwest,2026,1921000,214133,41.5725898,-93.6102428,25,6eac658d-ce31-4ea0-acf5-dd34e57c78ff,40.04,30.36,47.76,17.45,49.02,38.89,29.04,20.66,32.18,26.77,34.27,39.25,31.44,58.46,54.63,48.06,23.9,44.65,11.41,40.6,41,1550.3,580.2,medium,,,16,782,115,6,2026-04-09 02:15:56.529395+00,
Brimfield,MA,Massachusetts,United States,New England,2026,2508470,3694,42.1226,-72.1883,25,9895b2ac-8cdf-47f6-b8a7-1ca648db897b,52.75,40.75,19.28,,,30.02,,,,,,,,16,42.29,,,42.29,,40.6,41,35.9,160.4,small,,,18,782,648,17,2026-04-14 02:36:40.699102+00,
Columbia,MO,Missouri,United States,Midwest,2026,2915670,126267,38.9472896,-92.3263872,25,3c8af35b-b821-4fb8-b177-ef5685bf6ddd,42.89,34.14,32.97,41.44,45.93,36.82,22.51,21.85,41.48,12.79,33.42,28.7,28.92,52.46,55.05,51.98,,53.62,39.02,40.56,41,1196.9,415.9,medium,,,11,785,116,2,2026-04-14 04:45:46.608737+00,
Rutherford,NJ,New Jersey,United States,Mid-Atlantic,2026,3465280,18834,40.8203143,-74.1060409,25,c0472c20-2561-4d90-ace7-c79160425997,54.06,30.5,50.72,,54.95,43.8,,,,31.58,,,31.58,63.8,49.84,,,49.84,1.93,40.52,41,70.3,33.9,small,,,33,786,650,26,2026-04-10 08:32:40.255509+00,
Delran,NJ,New Jersey,United States,Mid-Atlantic,2026,3417440,17882,40.0187,-74.9423,25,f71402a4-bcd1-458e-82e2-89a2fb901306,60.32,40.16,30.06,,,35.11,44.54,,,12.13,25.8,,30.13,53.54,33.49,,,33.49,,40.5,41,117.3,29.5,small,,,34,787,651,27,2026-04-14 08:06:39.846655+00,
Pelham,AL,Alabama,United States,South,2026,158848,24171,33.3218302,-86.7421974,25,607496e4-608a-4bb0-aa6e-cff896a87d37,59.26,36.61,5.24,,,20.93,2.35,13.06,19.27,18.36,8.13,,11.17,47.05,38.8,100,,67.36,,40.49,40,422,98.3,small,,,15,788,652,13,2026-04-06 23:38:40.89146+00,
Oro Valley,AZ,Arizona,United States,Mountain,2026,451600,47082,32.4207129,-110.9770005,25,5bd4b6be-2a17-48c0-96d4-61eafebc62b3,42.8,37.41,30.83,,,34.12,23.51,29.69,33.09,28.4,30.42,35.5,30.06,49.71,56.78,45.98,,51.74,,40.43,40,599.8,148.3,small,,,17,789,653,15,2026-04-08 19:35:41.041802+00,
St. Louis,MO,Missouri,United States,Midwest,2026,2965000,301561,38.6356988,-90.2445816,25,59002eb6-cbab-4b52-a5e4-74c089d74039,39.97,29.13,49.94,29.59,22.23,35.08,26.01,16.23,11.03,25.4,40.6,35.71,27.08,67.4,61.4,25.61,26.94,40.26,10.78,40.43,40,1592.9,688.6,large,,,12,789,21,1,2026-05-08 21:53:57.71086+00,
Solana Beach,CA,California,United States,Pacific,2026,672506,12941,32.9913002,-117.2580617,25,ae36ab8c-f6ab-4bb6-b999-77606b2e6f18,45.95,40.39,46.1,,,43.25,23.4,12.77,,11.36,22.14,,19.43,65.55,54.81,,26.77,44.03,25.66,40.41,40,78.4,40.4,small,,,103,791,654,85,2026-04-09 08:05:40.396215+00,
St. Peters,MO,Missouri,United States,Midwest,2026,2965126,57732,38.7835202,-90.6050746,25,ed3da663-1e96-4105-9c73-a755842685de,48.72,34,31.62,,,32.81,21.94,21.99,4.52,23.02,32.89,33.42,23.03,54.06,53.78,46.95,15.98,41.94,,40.39,40,492,183.6,medium,,,13,792,117,3,2026-05-08 21:53:57.982705+00,
Clearfield,UT,Utah,United States,Mountain,2026,4913850,31909,41.0970119,-112.0179202,25,c35174ee-3d1c-44e9-83d6-e00629e64104,44.77,39.71,38.7,,0.37,30.58,,7.79,,,29.94,,23.61,55.02,55.38,19.25,,38.52,11.83,40.39,40,178.9,53,small,,,23,792,655,21,2026-04-11 00:17:39.964679+00,
Scranton,PA,Pennsylvania,United States,Mid-Atlantic,2026,4269000,76328,41.4041782,-75.6659078,25,8113eb07-7dbb-4c98-abe2-0bf0a070fe5d,48.53,31.63,52.76,12.85,26.68,36.16,38.22,45.05,30.98,13.97,26.54,25.01,30.13,61.45,61.73,100,36.21,68.74,0.02,40.33,40,433.8,144.2,medium,,,50,794,118,3,2026-04-10 10:36:40.177455+00,
Warminster,PA,Pennsylvania,United States,Mid-Atlantic,2026,4280952,33603,40.202711,-75.0889556,25,9b2cdf3a-ad81-4234-a402-5ed508888fb3,53.44,34.5,37.6,,30.81,34.89,22.04,35.36,,33.46,31.28,17.7,27.21,56.09,46.55,,,46.55,17.28,40.33,40,243.4,48,small,,,50,794,656,47,2026-04-10 10:50:40.424527+00,
Grand Rapids,MI,Michigan,United States,Midwest,2026,2634000,198917,42.961156,-85.6555701,25,90fba7e3-34ae-4c0a-bad6-d44e77436695,42.8,29.71,52.54,1.52,29.48,34.84,17.67,22.3,28.26,20.41,33.89,29.85,26.41,59.07,59.45,14.38,16.63,32.97,0.42,40.31,40,1123.5,413.4,medium,,,79,796,119,15,2026-04-10 10:29:50.733944+00,
Dahlonega,GA,Georgia,United States,South,2026,1321240,7543,34.5299085,-83.9795795,30,aa78bd00-39ad-4029-805b-d32b67680b69,53.51,41.87,7.14,73.05,,30.57,,25.72,0.98,6.06,5.69,4.4,6.82,56.95,54.17,,,54.17,,40.29,40,30.2,115.6,small,,,12,797,657,11,2026-04-09 21:29:40.548461+00,
Flower Mound,TX,Texas,United States,South,2026,4826232,75956,33.0378907,-97.113381,25,d16c9c66-1ef6-4113-bbc8-b2cd4989e724,38.49,29.92,47.72,,,38.82,23.59,33.37,15.44,27.21,22.84,24.02,23.18,49.07,64.65,39.9,33.19,48.12,,40.29,40,741.1,223.1,medium,,,18,797,120,2,2026-04-09 09:33:40.808183+00,
Arlington,WA,Washington,United States,Pacific,2026,5302585,19927,48.1703724,-122.1445532,25,bab539d4-86ec-476b-a2a2-09d6b3ee5698,50.31,38.69,31.94,,,35.32,32.42,33.48,24.74,19.49,29.24,29.65,28.49,47.01,60.54,36.89,,49.5,53.2,40.29,40,142.6,58.2,small,,,23,797,657,20,2026-04-09 17:12:47.593639+00,
Lakeside,AZ,Arizona,United States,Mountain,2026,455980,4030,34.1678,-109.9773,25,245f80f7-3f19-44c7-bb19-4dbce59e847f,57.32,48.63,37.14,,,42.89,,,11.17,,34.19,,23.96,47.14,26.02,39.91,,32.5,,40.26,40,137.5,18.5,small,,,18,800,659,16,2026-04-14 03:15:39.969528+00,
Jurupa Valley,CA,California,United States,Pacific,2026,637692,105053,34.0025907,-117.4676122,25,63fd82d0-e79f-45cc-9a24-5aea5f4e47aa,51.49,41.6,43.87,,,42.74,,31.47,,34.16,24.36,35.79,30.04,42.34,49.85,,15.33,36.57,3.01,40.26,40,652.7,228.7,medium,,,104,800,121,18,2026-04-09 06:03:40.37886+00,
St. Joseph,MI,Michigan,United States,Midwest,2026,2670960,7856,42.1087,-86.4773,25,f13fdbad-175f-4aa1-aa15-699bde17d291,43.34,42.73,42.94,19.5,,39.92,,,8.55,25,23.84,,18.49,48.39,54.16,,,54.16,32.21,40.22,40,85,25.9,small,,,80,802,660,64,2026-05-08 21:53:54.680307+00,
Corte Madera,CA,California,United States,Pacific,2026,616462,10222,37.9318458,-122.5077378,25,372e1d1b-20bf-4355-82c9-58598550e0d3,49.05,37.55,53.84,,,45.7,100,,,100,28.4,,67.45,50.35,51.46,,20.15,39.42,28.31,40.2,40,67.1,26.1,small,,,105,803,661,86,2026-04-09 05:42:40.842518+00,
Dubuque,IA,Iowa,United States,Midwest,2026,1922395,59667,42.4989014,-90.7072583,25,ae28d457-fe6e-4c61-b811-c35c0b4f875b,39.06,32.25,46.15,27.14,26.07,35.37,27.98,13.65,7.22,21.53,32.96,33.61,23.84,58.25,56.47,45.77,,51.48,36.49,40.2,40,493,207.9,medium,,,17,803,122,7,2026-04-08 21:26:42.142483+00,
Hamilton,GA,Georgia,United States,South,2026,1336220,1680,32.7646714,-84.8752613,30,57edec48-5897-4f92-81f7-add34a728b6c,53.09,35.87,41.17,,,38.52,9.34,38.43,,2.17,,49.79,24.36,46.15,38.12,53.13,10.84,36.55,,40.19,40,19.7,18.1,small,,,13,805,662,12,2026-04-09 22:36:40.130135+00,
Lavon,TX,Texas,United States,South,2026,4841800,4688,33.0238625,-96.433029,30,bf469bd4-3231-4a23-acb2-64d7aed9dc30,38.06,40.63,44.55,,,42.59,,,,,,,,35.42,44.55,,,44.55,,40.18,40,0.9,124.7,small,,,19,806,663,17,2026-04-09 12:25:39.958494+00,
Dayton,TN,Tennessee,United States,South,2026,4719700,7104,35.4954058,-85.0086519,25,f787c29d-bf25-4b68-a0ed-374282566947,61.97,49.96,21.37,,23.81,33.03,11.61,,5.81,54.81,4.63,,13.5,46.05,35.99,,,35.99,,40.17,40,131.5,28.9,small,,,5,807,664,4,2026-04-07 00:54:41.067847+00,
Hazelwood,MO,Missouri,United States,Midwest,2026,2931276,25458,38.7712,-90.3698,25,6851e887-4d54-443b-88f6-e43b6bff09d0,55.28,31.82,42.93,17.26,,34.86,31.17,,45.49,49.76,,,40.62,33.26,48.43,,,48.43,,40.12,40,182.5,75.5,small,,,14,808,665,10,2026-04-14 03:50:40.269723+00,
Cleveland,OH,Ohio,United States,Midwest,2026,3916000,372624,41.4784623,-81.6794351,25,72f71c15-0647-40a7-8704-6539011e3511,37.82,27.19,50.78,21.54,26.43,34.73,17.4,21.09,28.98,18.27,33.5,36.04,26.99,68.3,59.49,29.59,27.77,41.1,17.41,40.11,40,2119.5,765.8,large,,,37,809,22,1,2026-04-03 00:21:26.552143+00,
Damascus,MD,Maryland,United States,Mid-Atlantic,2026,2421475,17224,39.2709949,-77.1968341,30,9e298b0b-9598-4121-bcef-10e95d1abda0,47.21,46.96,36.27,,,41.62,50.09,30.12,,32.62,39.84,,40.39,41.37,55.54,36.44,14.73,38.65,,40.01,40,23.1,159.7,small,,,15,810,666,11,2026-04-10 00:10:40.186653+00,
Highland,UT,Utah,United States,Mountain,2026,4935190,19348,40.4275555,-111.7955995,25,2ea4d8ef-d395-4204-9a4b-63747da0e981,51.17,49.33,34.15,,,41.74,13.54,13.54,,27.72,16.55,22.24,17.88,19.46,68.07,22.94,,47.01,,40,40,237.1,50.1,small,,,24,811,667,22,2026-04-11 00:25:44.735883+00,
Fort Atkinson,WI,Wisconsin,United States,Midwest,2026,5526675,12589,42.9239815,-88.8454883,25,9f696f0f-e674-400d-9edb-9ea8531c352a,45.95,36.66,45.36,7.38,,36.81,8.73,4.21,9.28,4.54,17.87,8.02,10.15,63.56,62.48,35.29,,49.79,,40,40,121.6,37.1,small,,,75,811,667,65,2026-04-09 13:21:40.654488+00,
Pensacola,FL,Florida,United States,South,2026,1255925,54312,30.4409891,-87.1912416,30,2199794c-ffa4-4856-a4f2-9aec03e52b2f,47.97,36.03,47.15,23.87,,39.38,11.59,,27.97,26.2,29.39,21.31,23.42,48.03,58.85,,50.19,55.52,3.2,39.99,40,600.3,216.9,medium,,,11,813,123,3,2026-04-09 19:49:40.837942+00,
Taylor,MI,Michigan,United States,Midwest,2026,2679000,63409,42.225283,-83.2676908,25,09eae038-5309-4a05-a188-37276819e198,40,22.54,46.37,9.54,,31.34,17.97,23.03,17.47,26.66,26.37,21.6,21.89,62.9,47.28,,,47.28,,39.99,40,407.8,137.6,medium,,,81,813,123,16,2026-04-10 04:35:44.223076+00,
Groveland,CA,California,United States,Pacific,2026,631372,540,37.831966,-120.2415805,25,b6113497-dcca-496f-8ff2-171b9feb76b4,65.98,49.01,34.12,,,41.57,30.85,,,7.05,,,22.92,45.42,20.73,,48.56,31.43,,39.97,40,46.5,26.1,small,,,106,815,669,87,2026-04-09 05:22:40.547511+00,
Minnetonka,MN,Minnesota,United States,Midwest,2026,2743252,53781,44.9325596,-93.4567048,30,d7ad7d05-2a62-4683-bbf0-f571a0283c29,42.99,40.98,32.06,,,36.52,12.09,26.91,,49.03,36.21,12.59,26.19,46.56,47.1,46.53,,46.83,55.46,39.97,40,202.3,639.1,medium,,,19,815,125,8,2026-04-10 14:36:41.198518+00,
Edmonds,WA,Washington,United States,Pacific,2026,5320750,42841,47.8136037,-122.3533299,25,50c25ccf-53fa-4955-89a1-960cc9244f64,40.89,36.86,39.2,,,38.03,31.75,29.02,30.64,23.6,41.29,32.32,32.91,61.68,51.15,,21.6,39.78,3.37,39.92,40,213.6,95,small,,,24,817,670,21,2026-04-09 17:11:41.532062+00,
Estero,FL,Florida,United States,South,2026,1221150,37004,26.4255848,-81.7995386,30,b4f104c6-289c-4c1a-922f-a5ff49ec7782,39.93,34.45,30.79,,,32.62,25.96,,25.28,38.76,32.19,,29.56,44.05,32.36,41.71,55.56,41.43,,39.89,40,87,324.1,small,,,12,818,671,8,2026-04-09 18:16:41.190154+00,
Cottage Grove,OR,Oregon,United States,Pacific,2026,4115950,10584,43.7987,-123.0598,25,317adb73-4b5f-4db5-b223-f3fef6a2c4a8,37.11,35.21,44.9,4.84,,35.65,24.82,45.81,5.52,27.97,25.85,54.25,28.05,63.41,64.54,,20.13,47.46,31.72,39.89,40,97.8,35.8,small,,,10,818,671,7,2026-04-14 09:00:42.267466+00,
Pittsfield Charter Township,MI,Michigan,United States,Midwest,2026,2664560,39147,42.2084055,-83.7155961,25,4cb002ec-93f0-41cc-ab99-9cadcb86e8c4,53.03,38.56,37.2,,,37.88,27.84,27.48,,13.94,27.77,30.5,26.53,44.66,47.39,31.76,13.97,33.56,,39.88,40,361.9,139.5,small,,,82,820,673,65,2026-04-10 03:55:40.515544+00,
Ruston,LA,Louisiana,United States,South,2026,2266655,22170,32.5329861,-92.635327,25,63d90738-f7aa-419c-a02c-15e3efd9f7ff,40.65,32.42,40.58,36.63,37.04,36.62,37.2,29.02,49.38,27.08,27.56,36.41,35.28,59.51,42.88,,26.01,36.39,,39.83,40,267.6,109.7,small,,,3,821,674,3,2026-04-14 06:12:40.096885+00,
Gorham,ME,Maine,United States,New England,2026,2328205,7469,43.693238,-70.4349615,25,2d1a04f9-a9d7-4f97-a054-9dce1562d540,47.42,47.14,33.07,,35.49,39.08,19.66,,,30.37,23.33,40.55,26.98,41.72,67.32,,21.01,49.51,,39.82,40,114.1,26.8,small,,,17,822,675,17,2026-04-14 06:16:40.418+00,
Dayton,OH,Ohio,United States,Midwest,2026,3921000,137644,39.7847429,-84.1996322,25,0a32767f-78e6-4034-ae7f-318b4c8453b0,45.9,31.5,47.27,4.89,30.07,34.07,7.69,12.41,17.88,13.34,20.5,19.79,15.78,49.61,61.32,33.75,20.02,41.35,36.65,39.8,40,1097.9,426.5,medium,,,38,823,126,5,2026-04-10 14:43:51.358797+00,
Richmond,CA,California,United States,Pacific,2026,660620,116428,37.9522779,-122.360609,25,b5a267bb-8e6b-41c3-9884-1489cd51c841,45.14,36.87,53.03,32.42,7.31,36.17,20.13,1.29,24,13.39,15.94,1.72,14.54,57.01,61.44,34.87,11.62,39.69,15.01,39.78,40,514.1,195.2,medium,,,107,824,127,19,2026-04-09 07:05:45.100824+00,
Incline Village,NV,Nevada,United States,Mountain,2026,3235100,9462,39.2657477,-119.9462501,25,c918f3f7-2201-4e9e-ac8e-2078c65447b8,46.92,43.22,35.22,48.81,,40.42,31.91,,28.99,30.66,31.47,,30.82,40.78,18.39,70.39,26.51,38.62,,39.77,40,248.5,50.9,small,,,6,825,676,6,2026-04-14 06:13:40.818119+00,
Buellton,CA,California,United States,Pacific,2026,608758,5161,34.6154975,-120.1942368,25,d1fb9817-3ac5-4efc-8612-8a9a7ed3f05c,60.65,36.42,58.85,,,47.64,,,,12.99,12.99,,12.99,34.65,48.88,,,48.88,,39.73,40,37.1,12.6,small,,,108,826,677,88,2026-04-09 04:24:40.513559+00,
Franklin,WI,Wisconsin,United States,Midwest,2026,5527300,36816,42.883879,-88.0115479,25,1651b3cb-1ad7-4675-b7d6-a3b5962ef99c,49.28,40.46,33.58,,,37.02,24.17,28.66,11.16,22.76,29.06,,22.91,47.97,60.4,24.37,,43.59,,39.73,40,355.7,135.6,small,,,76,826,677,66,2026-04-09 12:21:40.448358+00,
Flemington,NJ,New Jersey,United States,Mid-Atlantic,2026,3423700,4876,40.5086415,-74.8598694,25,212bedec-276f-46fb-b6bf-284d5a82fda1,62.73,58.21,39.14,,,48.68,5.58,5.58,,36.66,,,13.35,70.66,32.72,,24.36,29.5,19.24,39.72,40,23.4,10.8,small,,,35,828,679,28,2026-04-10 06:52:40.169939+00,
Topsham,ME,Maine,United States,New England,2026,2376925,6623,43.9523,-69.9673,25,e16ea43b-e5bf-483a-a340-4b16aac5963c,53.94,37,38.59,,,37.8,9.18,14.4,,10.26,6.48,,9.11,51.22,56.36,51.75,,54.21,,39.69,40,152.7,34.9,small,,,18,829,680,18,2026-04-14 05:37:40.516417+00,
New Shoreham,RI,Rhode Island,United States,New England,2026,4450500,1410,41.1946421,-71.5723773,25,948a0e7b-39c0-400c-9c38-934a5d53eba0,56.36,43.49,26.09,,,34.79,31.44,,,,9.82,,19.43,46.28,38.83,,,38.83,,39.69,40,85.2,35.7,small,,,2,829,680,2,2026-04-14 07:43:40.310937+00,
Woodstock,GA,Georgia,United States,South,2026,1384176,35068,34.1031395,-84.512997,30,73a02f2f-369c-45f8-8926-52ba2e5fbe8d,45.66,37.51,19.96,26.61,,28.47,15.48,24.83,,26.62,30.93,24.25,24.51,54.34,40.53,,67.61,50.95,,39.68,40,79.2,268.2,small,,,14,831,682,13,2026-04-09 22:33:40.401266+00,
Belmont,MA,Massachusetts,United States,New England,2026,2505105,27295,42.3953169,-71.1802841,25,b3b3581d-d314-49cf-ada0-ab53ddbd4065,48.21,29.47,51.07,,,40.27,44.88,20.99,5.3,17.19,24.88,,23.62,59.71,59.94,,,59.94,1.34,39.68,40,151.9,49.2,small,,,19,831,682,18,2026-04-10 22:45:40.598759+00,
Bellingham,WA,Washington,United States,Pacific,2026,5305280,91482,48.7534421,-122.4701786,25,77399389-dc0b-457b-b902-2bfb39ad1b47,41.33,29.66,39.33,25.14,40.68,34.8,30.17,35.12,23.96,31.02,41.24,35.27,33.04,65.44,68.38,41.98,19,46.8,10.58,39.65,40,653.2,220.2,medium,,,25,833,128,3,2026-04-09 18:02:42.116719+00,
Georgetown,MA,Massachusetts,United States,New England,2026,2525625,8470,42.7245,-70.9823,25,e86f4924-0842-49ad-89e5-52e57153a346,42.63,33.94,22.55,,,28.25,,,18.2,,,,18.2,33.76,67.49,,,67.49,,39.64,40,78.9,116.9,small,,,20,834,684,19,2026-04-14 02:59:40.293156+00,
Tupelo,MS,Mississippi,United States,South,2026,2874840,37923,34.270604,-88.732455,25,30b4f5c1-5bc9-4644-a447-c3f841f65339,55.61,35.28,32.01,,,33.65,18.25,37.27,6.28,23.97,33.03,,22.69,53.13,26.54,,,26.54,42.7,39.64,40,607.5,268,small,,,4,834,684,4,2026-04-13 20:45:41.474793+00,
La Puente,CA,California,United States,Pacific,2026,640340,38062,34.02,-117.9492,25,7b84bb10-a53a-4928-be0d-d0b1cb03d567,43.55,37.61,47.11,,,42.36,,19.12,,,17.11,,17.68,57.13,26.25,,,26.25,,39.63,40,100.3,36.1,small,,,109,836,686,89,2026-04-10 21:35:40.371361+00,
Lompoc,CA,California,United States,Pacific,2026,642524,44444,34.6626889,-120.470837,25,d5988a23-f620-4fbb-83e8-93045bfdee16,44.06,36.58,39.9,20,,35.96,41.97,15.85,51.04,5.38,30.39,64.86,38.05,45.22,48.42,,3.36,31.09,,39.63,40,207,66.4,small,,,109,836,686,89,2026-04-09 06:21:40.024289+00,
Whiting,IN,Indiana,United States,Midwest,2026,1884122,4559,41.6729619,-87.48404,30,209fa58f-99ae-49cb-b1b1-6f9bcb5f2d39,42.16,39.05,23.54,,,31.3,28.05,36.58,,19.32,20.71,,25.2,61.34,57.87,,26.3,45.73,,39.63,40,25,10.9,small,,,9,836,686,6,2026-04-09 03:59:39.834556+00,
Heath,TX,Texas,United States,South,2026,4832984,9769,32.8535074,-96.463641,30,33d892f8-954c-4ed1-8872-e033186c6e72,54.3,51.26,34.98,,,43.12,,,,30.85,35.15,,33.92,32.72,25.94,,,25.94,,39.58,40,64.1,158,small,,,20,839,689,18,2026-04-09 11:48:40.160567+00,
Gillette,WY,Wyoming,United States,Mountain,2026,5631855,33419,44.2725799,-105.4989359,25,543ad9ae-8865-400b-8cbd-3f8777c56465,43.62,25.55,33.17,13.98,,27.44,15.65,25.43,6.12,9.83,14.4,23.33,14.98,56.95,60.32,,,60.32,15.1,39.57,40,360.3,156.8,small,,,3,840,690,3,2026-03-31 01:59:41.19157+00,
Key Largo,FL,Florida,United States,South,2026,1236375,12447,25.0865,-80.4473,30,8fc29774-8c34-45f9-b2ac-5efc5bb3bf04,42.8,46.69,20.21,,,33.45,,,,38.85,40.25,12.04,31.51,54.81,26.84,44.42,,35.04,,39.55,40,36.4,196,small,,,13,841,691,9,2026-04-14 04:40:40.652751+00,
Lorton,VA,Virginia,United States,South,2026,5147064,20072,38.6987222,-77.2166494,25,bb7dc946-952c-45bd-95b7-3aa0260275a5,48.35,48.7,26.65,,,37.68,20,27.4,29.76,33.7,39.15,,30.41,60.87,61.2,,5.61,39.82,14.56,39.55,40,91.2,55.4,small,,,24,841,691,22,2026-04-10 11:09:40.218456+00,
Avon,CO,Colorado,United States,Mountain,2026,804110,6072,39.6418914,-106.5158096,30,7f61d2e7-9ddd-408f-b430-e8ae513dcb8d,62.53,36.17,35.36,,,35.77,1.18,19.87,21.39,38.72,7.48,,14.4,46.84,41.56,100,,68.83,,39.53,40,34.8,74,small,,,21,843,693,16,2026-04-08 23:44:40.673031+00,
West Chester,OH,Ohio,United States,Midwest,2026,3983150,64830,39.3381939,-84.4171035,25,7ee53508-e519-493b-a77f-4416a3b5953a,53.64,30.91,31.41,,3.51,25.02,25.95,15.43,23.92,8.68,26.25,11.24,20.63,51.71,46.88,48.93,,47.84,,39.51,40,537.9,174.5,medium,,,39,844,129,6,2026-04-10 13:52:41.243176+00,
Durant,OK,Oklahoma,United States,South,2026,4022050,18589,33.9951527,-96.3925399,25,f0b2fd71-e03b-408a-9b52-b2d7c014a8fb,50.86,39.12,42.11,28.78,56.5,42.61,9.42,,3.44,40.55,5.57,45.05,16.42,53.47,39.16,,,39.16,,39.51,40,259.8,156.8,small,,,6,844,694,6,2026-04-14 06:21:42.976427+00,
Hopkins,MN,Minnesota,United States,Midwest,2026,2730140,19079,44.9251067,-93.4044944,30,39d43838-e62b-461a-aa5d-c730c1632429,40.13,42.21,15.63,,,28.92,35.27,34.24,,13.94,28.21,35.13,30.24,54.04,49.36,55.56,10.32,41.77,47.69,39.47,39,46.4,115.4,small,,,20,846,695,10,2026-04-10 13:29:40.574079+00,
Pullman,WA,Washington,United States,Pacific,2026,5356625,32901,46.7331261,-117.1682775,25,b688c7cd-31e7-4c08-99af-a815038d2daf,43.76,32.65,28.74,,68.82,39.17,30.51,8.77,31.7,34.17,31.49,40.78,30.73,66.83,65.55,22.92,24.29,40.31,13.2,39.47,39,182.6,59.2,small,,,26,846,695,22,2026-04-09 17:23:40.754918+00,
New Brighton,MN,Minnesota,United States,Midwest,2026,2745430,23448,45.0672255,-93.2057792,30,bee31076-ee6b-4a31-a7d8-0577390d6a57,40.26,39.04,19.64,,,29.34,24.7,23.02,,,27.41,26.04,25.72,58.49,56.24,32.67,17.38,38.28,,39.45,39,153.9,74.7,small,,,21,848,697,11,2026-04-10 12:55:40.138398+00,
Hamburg,MI,Michigan,United States,Midwest,2026,2636100,21259,42.4745564,-83.8479006,25,93a48df6-3693-499a-bd3a-d41e8cc8f4fd,57.36,46.33,24.9,,,35.62,,,,13.99,18.36,,17.11,23.82,47.78,40.25,,44.27,,39.44,39,412.4,69.7,small,,,83,849,698,66,2026-04-10 04:11:44.882406+00,
Christiansburg,VA,Virginia,United States,South,2026,5116608,23348,37.1406627,-80.4045125,25,69312fb3-fbc7-4ba3-9ff1-3793b056f625,43.67,33.04,27.1,38.52,,31.13,11.21,26.27,,26.21,30.33,7.28,20.21,67.84,54.02,28.09,16.19,35.49,,39.44,39,245.3,85.6,small,,,25,849,698,23,2026-04-10 11:38:44.894257+00,
Foxfield,CO,Colorado,United States,Mountain,2026,828105,754,39.5881395,-104.7857408,30,fdb92546-300c-4b05-93e5-259a246d2225,59.69,40.33,50.66,,,45.5,,,,22.41,,,22.41,22.41,50.66,,,50.66,,39.41,39,1,25.2,small,,,22,851,700,17,2026-04-09 00:43:41.144776+00,
Bowling Green,OH,Ohio,United States,Midwest,2026,3907972,30817,41.3776768,-83.6495839,25,2d1ed1fc-f96e-4dbf-bf16-b1e4578d4b24,32.57,21.86,36.8,36.42,50.99,34.37,28.37,15.91,14.08,18.13,33.54,30.94,24.92,63.71,64.73,,33.1,52.56,36.87,39.4,39,172.3,108.9,small,,,40,852,701,33,2026-04-10 12:57:45.51328+00,
Rolla,MO,Missouri,United States,Midwest,2026,2962912,19943,37.9459403,-91.7612025,25,b4e81d82-6a37-4bdb-921c-d0d2b358c37b,37.42,35.91,33.25,31.54,49.97,37.35,21.66,30.58,50.28,17.74,35.26,26.37,31.99,55.79,51.12,34.08,20.63,37.53,,39.38,39,212.4,120.9,small,,,15,853,702,11,2026-04-14 03:20:40.671812+00,
Garden City,ID,Idaho,United States,Mountain,2026,1629620,12316,43.6468,-116.2283,35,525d7305-2d41-442e-af91-fcf56a4a7055,52.61,36.63,36.73,30.62,,35.92,9.34,17.05,,17.05,10.58,49.5,19.19,46.4,40.13,46.12,21.79,37.64,,39.37,39,43.6,95.7,small,,,5,854,703,4,2026-04-14 04:07:40.064975+00,
Vadnais Heights,MN,Minnesota,United States,Midwest,2026,2766460,12912,45.0579377,-93.0664539,30,3896bd23-e0dd-43d3-9cbf-10bbcfe51cb9,48.99,47.42,12.52,,,29.97,40.89,,,30.1,20.11,30.1,29.62,45.16,53.01,44.76,18.08,41.39,,39.37,39,45.2,135.3,small,,,22,854,703,12,2026-04-10 14:32:40.517998+00,
Burbank,CA,California,United States,Pacific,2026,608954,107337,34.1900793,-118.3264045,25,0237ea52-81aa-459f-aa11-8c69fecc2497,44.1,19.86,53.77,,2.02,29.08,30.73,34.19,4.2,36.53,50.73,30.15,31.26,69.46,53.62,,32.27,45.41,0.49,39.34,39,421.2,154.8,medium,,,111,856,130,20,2026-04-09 05:42:41.89466+00,
Harrisburg,PA,Pennsylvania,United States,Mid-Atlantic,2026,4232800,50099,40.2758906,-76.8850199,25,82be074a-346f-421a-878c-85203c8117ee,49.39,26.07,53.94,45.23,1.29,32.78,11.39,,30.47,25.35,23.91,49.24,26.97,67.64,66.53,19.09,38.13,42.83,2.07,39.34,39,229.4,98.5,medium,,,52,856,130,4,2026-04-10 10:07:40.964109+00,
Old Saybrook,CT,Connecticut,United States,New England,2026,957320,10481,41.2935043,-72.3835936,25,dd466d6a-c1cd-470f-a5c2-be2a3ce94acc,51.77,44.43,27.08,,,35.76,,35,,16.05,35.44,25.88,29.75,43.61,60.24,12.63,,38.02,13.34,39.33,39,221.2,61.4,small,,,8,858,705,8,2026-04-07 03:21:40.510177+00,
Hurricane,UT,Utah,United States,Mountain,2026,4937170,20002,37.1787,-113.2898,25,22c310b6-9545-46aa-84a2-8f393292cafb,52.41,44.11,37.74,27.11,,39.2,27.11,18.5,,8.63,16.52,,18.87,41.18,51.43,1.47,23.02,26.84,,39.33,39,404.4,159,small,,,25,858,705,23,2026-04-11 02:16:40.878245+00,
Crewe,VA,Virginia,United States,South,2026,5120160,2262,37.1809939,-78.1304065,25,423429aa-08f3-4ef5-8944-92ef9fa6ca79,54.53,47.17,,,,47.17,,,,19.69,1.08,28.94,13.16,46.21,53.06,,,53.06,,39.33,39,34.7,14,small,,,26,858,705,24,2026-04-10 10:41:40.327597+00,
Pawling,NY,New York,United States,Mid-Atlantic,2026,3656814,1995,41.5636087,-73.5993385,20,9306766c-86e1-4b4d-8720-fc16feebd358,48.76,53.99,26.05,,,40.02,,,,19.19,,,19.19,41.42,,,,,51.07,39.31,39,0.4,34.1,small,,,14,861,708,9,2026-04-10 06:50:40.037033+00,
Brookings,SD,South Dakota,United States,Midwest,2026,4607580,23361,44.3033637,-96.7873387,25,2293a705-09bb-4aa1-8a2d-2b05e841bf16,35.09,33.69,37.57,,,35.63,23.88,24.1,6.04,21.95,49.11,17.55,25.5,63.51,62.4,36.38,8.23,39.75,,39.29,39,222.3,117,small,,,8,862,709,7,2026-03-31 22:39:45.233477+00,
Bell Gardens,CA,California,United States,Pacific,2026,604996,39501,33.9643785,-118.1544369,25,c5afd171-0a86-4773-a435-5aebb3f373a4,38.9,29,44.75,,,36.88,18.5,3.83,,3.83,3.83,20.02,10.53,72.94,47.13,,,47.13,,39.27,39,50.5,31.2,small,,,112,863,710,91,2026-04-09 05:03:40.641531+00,
Cornelius,OR,Oregon,United States,Pacific,2026,4115550,12694,45.5189295,-123.0509526,25,2c63883f-8492-47bc-8001-ed70d59ff42a,53.93,38.34,42.39,,,40.37,15.25,9.34,,4.2,18.01,8.52,12.73,45.34,71.33,,19.09,51.24,,39.24,39,84.6,11.1,small,,,11,864,711,8,2026-04-08 01:13:41.207654+00,
Dover,OH,Ohio,United States,Midwest,2026,3922456,13141,40.5212,-81.4723,25,19c8cf6d-571b-4596-b677-78238fb0cc4c,53.5,37.2,41.06,,,39.13,,,7.39,12.01,23.24,,15.43,43.49,52.97,,,52.97,,39.22,39,125.4,33.4,small,,,41,865,712,34,2026-04-14 09:46:40.075618+00,
Forest Grove,OR,Oregon,United States,Pacific,2026,4126200,26225,45.5247809,-123.1099105,25,60afba64-2b6c-4759-aa21-f2d325ac93cd,43.84,35.52,32.92,,34.43,34.27,27.28,27.28,27.28,13.9,14.57,26.44,22.64,50.55,65.67,34.97,19.36,43.35,,39.22,39,152.2,40.9,small,,,12,865,712,9,2026-04-08 01:29:42.693737+00,
Santa Clarita,CA,California,United States,Pacific,2026,669088,232826,34.416504,-118.5006927,25,90e85ebc-97ad-498d-9a65-579851799a29,42.52,36.17,38.19,28.33,15.54,31.97,19.05,27.57,40.27,22.52,39.92,17.15,29.43,55.99,54.83,49.63,23.29,45.13,13.57,39.21,39,1253.1,330.2,medium,,,113,867,132,21,2026-04-09 08:19:41.73703+00,
Reserve,LA,Louisiana,United States,South,2026,2264310,8541,30.0729623,-90.5550218,25,fe67a627-1316-4f11-b11a-58e750b4825d,60.79,44.68,36.4,,,40.54,46.85,,,,,3.47,28.26,19.83,35.06,35.4,,35.22,,39.21,39,122.6,30.2,small,,,4,867,714,4,2026-04-14 05:16:40.700872+00,
Vernon,CT,Connecticut,United States,New England,2026,978250,30215,41.8375605,-72.4590404,25,13d0970f-a07f-4df6-b73d-87587a7cff91,43.27,33.19,26.8,,,30,8.32,23.15,34.43,8.64,15.8,27.11,19.75,59.74,62.86,45.05,28.34,48,,39.2,39,265.6,92.3,small,,,9,869,715,9,2026-04-07 03:24:41.140909+00,
Ishpeming,MI,Michigan,United States,Midwest,2026,2641220,6140,46.4887,-87.6673,25,27bdfbb4-d106-424c-ae1b-ece61cc0a16c,53.01,30.06,31.76,,,30.91,,,1.2,,27.33,38.92,21.52,54.3,38.12,66.87,17.82,43.11,,39.19,39,193.5,27.5,small,,,84,870,716,67,2026-04-14 07:45:40.087301+00,
Ramsey,MN,Minnesota,United States,Midwest,2026,2753026,27646,45.2600195,-93.4522328,30,b187b703-f64b-4ad5-889b-957bb760083a,42.88,39.56,20.45,,,30.01,12.96,45.8,,41.43,41.43,36.17,33.87,40.68,52.4,57.1,,54.59,41.43,39.19,39,162.3,435.6,small,,,23,870,716,13,2026-04-10 14:17:40.216701+00,
Fremont,CA,California,United States,Pacific,2026,626000,230504,37.4944602,-121.9411495,25,fe1a6c17-4137-4267-a29d-c9a79d3fca31,42.83,26.34,51.28,35.98,,38.46,16.76,35.81,19.49,20.01,40.69,34.48,28.18,54.42,65.25,36.17,28.36,45.85,14.51,39.17,39,1069.6,306.7,medium,,,114,872,133,22,2026-04-09 08:00:46.970482+00,
Miamisburg,OH,Ohio,United States,Midwest,2026,3949434,19902,39.6309381,-84.270742,25,39e5e65a-b081-4c9e-b54e-fd78836bacc1,52.51,34.25,46.62,,,40.44,0,2.48,9.93,6.87,20.01,,9.32,36.58,62.2,65.51,,63.74,,39.17,39,189.3,71.2,small,,,42,872,718,35,2026-04-10 11:55:40.986741+00,
Walnut Park,CA,California,United States,Pacific,2026,683402,15214,33.9819,-118.2231,25,0f0ed8b0-d72b-4a9b-a305-03c064b1e6fc,39.82,40.01,14.16,,,27.09,,18.51,,,,,18.51,64.45,16.75,,,16.75,,39.15,39,22.7,6.1,small,,,115,874,719,92,2026-04-10 22:48:40.237201+00,
Farmington,ME,Maine,United States,New England,2026,2324740,4168,44.6683728,-70.1440394,25,d9d78a1c-750e-480d-ab50-48ebf1958411,42.31,36.14,31.48,,66.46,41.07,25.94,15.94,,24.8,25.55,9.12,21.27,51.7,57.63,,24.03,44.71,,39.15,39,39.9,19.2,small,,,19,874,719,19,2026-04-14 06:07:40.233923+00,
Mount Rainier,MD,Maryland,United States,Mid-Atlantic,2026,2454275,8333,38.9423,-76.9648,30,be3f0486-6929-414c-a60c-8399eebe27a9,48.61,40.05,32.74,,,36.4,28.26,,,,46.07,14.68,32.29,42.97,49.79,,20.72,38.61,,39.13,39,16.8,18.2,small,,,16,876,721,12,2026-04-11 00:05:40.575809+00,
Oakland,CA,California,United States,Pacific,2026,653000,440639,37.7698464,-122.22569,25,062db353-153b-4f40-b271-c4f09a0bdd88,36.09,26.84,55.27,10.11,23.93,34.54,29.21,17.13,37.21,18.64,32.92,47.83,32.27,67.12,59.62,26.5,19.79,38.07,21.49,39.12,39,1479.6,627,large,,,116,877,23,2,2026-03-31 09:15:01.991724+00,
Grayson,GA,Georgia,United States,South,2026,1334596,4754,33.8907513,-83.9581481,30,ba1d6cb4-0567-4bbb-9de6-682e39b92ff2,45.42,47.92,27.07,,,37.5,,,,14.77,40.31,,33.01,48.71,21.85,,14.77,19.13,,39.12,39,0.9,49.2,small,,,15,877,722,14,2026-04-09 21:50:40.844442+00,
Somerset,PA,Pennsylvania,United States,Mid-Atlantic,2026,4271776,6048,40.0050299,-79.0778554,25,2d52bd56-2e2c-4ea6-aaa9-34bbcde49302,51.54,43.1,44.87,,,43.99,,,12.71,15.5,,,13.64,43.09,50.17,,,50.17,,39.11,39,67.3,15.9,small,,,53,879,723,48,2026-04-10 10:30:40.544258+00,
Montpelier,VT,Vermont,United States,New England,2026,5046000,8055,44.2664485,-72.5715237,25,593faa9c-d5a5-47c2-9083-8c30627646ae,41.51,31.53,37.7,50.34,,36.58,21.64,14.21,,3.88,11.12,41.93,19.01,62.74,46.62,,36.97,42.91,,39.08,39,108.9,45.2,small,,,11,880,724,11,2026-04-06 23:58:40.353612+00,
Lead,SD,South Dakota,United States,Midwest,2026,4636220,2982,44.3527622,-103.7671112,25,0a1d1816-f0cb-4784-8e67-cefd2b992858,62.23,63.17,45.39,,,54.28,,,,,21.01,,21.01,6.66,40.53,,,40.53,,39.07,39,47.8,11.7,small,,,9,881,725,8,2026-03-31 22:35:41.029524+00,
Summerlin South,NV,Nevada,United States,Mountain,2026,3270900,30744,36.1242487,-115.3324465,25,029c50a6-d2fc-4116-91b0-8385031a7873,48.43,35.6,27.42,,10.48,26.84,,,,,13.91,,13.91,29.99,56.52,12.13,,35.8,4.63,39.06,39,204.6,71.3,small,,,7,882,726,7,2026-04-14 06:37:40.957595+00,
Old Orchard Beach,ME,Maine,United States,New England,2026,2355120,8960,43.5337707,-70.356845,25,991807a8-f28a-4096-96dd-4d8130142332,55.42,52.81,45.76,,,49.29,,,,13.53,22.7,,20.08,35.48,62.51,65.85,9.25,50.36,24.92,39.05,39,132.8,20.4,small,,,20,883,727,20,2026-04-14 05:25:40.199582+00,
Rancho Palos Verdes,CA,California,United States,Pacific,2026,659514,42287,33.7385168,-118.3696845,25,e85658f1-e193-49b0-b573-ffd56cf2b0f0,49.47,47.06,28.13,,34.27,36.86,30.13,30.13,,30.13,20.68,,26.5,34.3,46.88,28.45,43.43,39.57,,39.04,39,310.5,79.2,small,,,117,884,728,93,2026-04-09 07:44:40.109254+00,
Buckeye,AZ,Arizona,United States,Mountain,2026,407940,91664,33.4315726,-112.6416256,25,a63cb1ed-d67f-43ec-9406-138ba926adca,45.77,35.66,27.31,,,31.49,19.9,15.04,,18.05,23.52,,20.26,24.25,61.11,12.02,23.17,34.44,1.86,39.03,39,1189.9,389.2,medium,,,19,885,134,2,2026-04-08 20:09:46.586728+00,
Fairfax,CA,California,United States,Pacific,2026,623168,7605,37.9885321,-122.5952079,25,b745245c-cba5-42b0-b4c6-530d05c40f40,54.12,46.77,31.35,,,39.06,,,,,24.62,,24.62,47.45,34.65,,,34.65,,39.02,39,57.1,8.2,small,,,118,886,729,94,2026-04-09 05:38:42.992548+00,
Kentwood,MI,Michigan,United States,Midwest,2026,2642820,54304,42.8848199,-85.5925401,25,81ca3472-b500-403c-b2b7-a25af7efba24,48.64,33.49,47.21,,31.56,38.4,33.96,31.52,,11.63,26.08,,27.12,39.82,55.87,49.78,,53.03,0,39.02,39,337.7,123.4,medium,,,85,886,135,17,2026-04-10 03:59:44.925238+00,
Fort Collins,CO,Colorado,United States,Mountain,2026,827425,169810,40.5482164,-105.0648327,25,86a3a5a4-5a0a-47be-a063-343e2a72dead,39.65,32.6,42.36,12.84,47.47,37.01,29.62,24.17,13.9,22.33,29.77,25.23,24.58,54.61,61.05,49.4,6.06,43.23,28.74,38.99,39,1453.2,440.5,medium,,,23,888,136,4,2026-04-09 10:13:54.222725+00,
Middlebury,IN,Indiana,United States,Midwest,2026,1848924,3589,41.6784,-85.7083,30,d20b0881-405c-411c-9357-b2e2fd7a7d09,42.36,46.25,26.02,,,36.14,45.56,25.6,,10.06,26.02,,29.51,54.37,29.37,38.95,,33.84,,38.96,39,15.1,58.4,small,,,10,889,730,7,2026-04-14 04:21:40.25057+00,
Avon,CT,Connecticut,United States,New England,2026,902060,18932,41.8087,-72.8334,25,f9dc2a9c-aae6-48fd-9302-59984760a5aa,47.69,39.64,23.78,,,31.71,15.81,13.65,,5.09,21.92,22.88,17.44,23.86,57.61,26.94,,43.3,,38.95,39,349.6,91.1,small,,,10,890,731,10,2026-04-14 04:13:39.864222+00,
New Philadelphia,OH,Ohio,United States,Midwest,2026,3955216,17664,40.4864844,-81.4401512,25,dfd6085c-314a-4605-a5c0-9b3c0958e8ad,47.68,36.12,50.83,28.37,24.48,38.17,23.82,,,16.86,2.75,,12.98,48.96,50.52,,,50.52,,38.94,39,184.6,39.8,small,,,43,891,732,36,2026-04-10 13:06:40.444152+00,
Aledo,TX,Texas,United States,South,2026,4801744,4858,32.6982536,-97.6083836,30,ab91de2a-c6f5-4f42-91f9-6a691bc9db1e,50.36,36.89,38.12,,,37.51,,,,22.62,,,22.62,64.75,23.73,,,23.73,,38.94,39,1.7,64.8,small,,,21,891,732,19,2026-04-09 07:56:40.766768+00,
Glastonbury Center,CT,Connecticut,United States,New England,2026,931270,8459,41.7006719,-72.599416,25,680c82e6-3bfd-4a8c-8be2-c6e796e0e5de,50.37,35.93,34.87,,,35.4,17.75,18.66,,13.29,26.72,26.72,21.79,41.78,73.5,,12.29,49.96,,38.92,39,83.8,36.8,small,,,11,893,734,11,2026-04-07 03:25:40.648795+00,
Holladay,UT,Utah,United States,Mountain,2026,4936070,31965,40.6599237,-111.8226966,25,b129d4bf-63d1-41ce-b1f0-9349b0c0467f,44.43,36.9,55.57,,,46.24,13.84,26.04,15.97,15.61,13.79,24.44,17.24,48.92,42.87,,,42.87,,38.92,39,210.8,58.1,small,,,26,893,734,24,2026-04-11 01:21:40.444474+00,
Oxford,OH,Ohio,United States,Midwest,2026,3959234,23049,39.5055585,-84.7443353,25,0a0cf9ab-20b8-4644-88fc-6b31d01e72af,41.84,38.93,23.88,,71.86,40.4,22.17,8.92,45.73,14.82,12.12,7.11,20.05,58.64,59.1,,29.65,47.77,25.56,38.91,39,120.2,41.9,small,,,44,895,736,37,2026-04-10 13:44:43.32063+00,
Riverton,UT,Utah,United States,Mountain,2026,4964340,45285,40.5237,-111.9398,25,8da41f5b-fce8-421e-bccd-3c29608b99bd,45.71,33.06,30.05,,,31.56,3.66,12.31,19.02,4.37,21.37,23.64,15.09,49.02,69.52,,11.38,47.16,,38.91,39,361.4,75,small,,,27,895,736,25,2026-04-11 00:52:41.193698+00,
Marana,AZ,Arizona,United States,Mountain,2026,444270,51921,32.4659395,-111.1354013,25,c82a660d-4662-4442-ad75-197dafd25795,49.59,32.48,24.92,,,28.7,23.1,22.47,21.21,23.02,35.14,30.66,26.8,42.14,49.94,46.8,31.66,44.27,,38.89,39,756.2,354,medium,,,20,897,137,3,2026-04-08 19:33:41.036446+00,
Winona Lake,IN,Indiana,United States,Midwest,2026,1884950,5053,41.2171432,-85.8131347,30,97b7879b-757d-4b3e-a1a3-66996f6517bb,42.46,39,32.1,71.04,,39.99,,,,,,,,28.23,45.81,,41.91,44.31,,38.87,39,22.1,60.3,small,,,11,898,738,8,2026-04-09 03:22:40.69889+00,
Hillsborough,NC,North Carolina,United States,South,2026,3731620,9664,36.0779032,-79.0979786,35,c192cdb1-a350-4864-aa90-aee23aa61999,54.37,44.35,38.1,55.46,,43,25.41,12.69,25.49,,12.23,,19.34,34.04,29.92,,16.52,24.77,,38.87,39,82.9,53.7,small,,,6,898,738,5,2026-04-10 08:22:40.117229+00,
West Sacramento,CA,California,United States,Pacific,2026,684816,53915,38.5543684,-121.5486634,25,abb45f25-b697-4559-8c91-dee29018f100,41.14,25.91,36.81,2.55,,27.76,,10.83,,8.28,39.72,,26.31,42.21,61.51,24.52,,44.25,,38.86,39,334.3,134,medium,,,119,900,138,23,2026-04-09 07:49:44.240397+00,
Weston,FL,Florida,United States,South,2026,1276582,68107,26.1003909,-80.4020594,30,3b2a6786-1e7f-4a8d-bcac-a162b469e0a5,35.89,25.97,31.39,,,28.68,2.55,,5.73,15.88,29.01,,14,30.03,67.72,,27.73,52.34,,38.85,39,70.5,158.1,medium,,,14,901,139,4,2026-04-09 19:53:40.705956+00,
Hummelstown,PA,Pennsylvania,United States,Mid-Atlantic,2026,4236232,4544,40.2653264,-76.712873,25,998359bd-337a-469c-8da3-46a65eecf533,43.97,45.56,35.76,,,40.66,,,,,,,,44.44,25.73,,,25.73,,38.85,39,31.7,8.7,small,,,54,901,740,49,2026-04-10 10:55:40.536391+00,
Quakertown,PA,Pennsylvania,United States,Mid-Atlantic,2026,4263048,9359,40.4396784,-75.3457655,25,182b92d7-3b38-4e74-bca0-6caa7def71e2,44.92,37.54,28.62,,,33.08,8.07,48.48,34.37,9.3,6.69,34.26,21.08,60,41.36,,,41.36,,38.85,39,37,20.2,small,,,54,901,740,49,2026-04-10 11:10:40.441238+00,
San Bruno,CA,California,United States,Pacific,2026,665028,43908,37.6255598,-122.4313965,25,b0657f6d-0f11-4f07-9cb8-9faa4ca79959,45.47,31.33,51.81,34.12,,40.64,,4.28,,60.71,40.98,,37.21,49.03,60.7,,26.02,47.36,5,38.84,39,165.7,54.8,small,,,120,904,742,95,2026-04-09 08:24:40.979781+00,
Woodinville,WA,Washington,United States,Pacific,2026,5379590,13069,47.7576947,-122.1467909,25,f8111ec5-181b-4f53-808d-a4b66f616535,48.49,32.32,26.49,,,29.41,16.82,23.71,,11.02,13.12,,15.56,45.07,45.56,,1.52,28.62,30.59,38.81,39,100.8,44.1,small,,,27,905,743,23,2026-04-09 17:42:41.360275+00,
North Canton,OH,Ohio,United States,Midwest,2026,3956294,17842,40.8741465,-81.3971338,25,1e0baffd-fbff-413d-a494-8956b5eed33b,41.55,39.38,32.41,,24.95,33.46,2.7,5.19,1.22,25.92,38.13,37.58,19.06,55.46,49.67,,28.56,41.55,,38.8,39,157.8,32,small,,,45,906,744,38,2026-04-10 13:07:40.144327+00,
Williamstown,MA,Massachusetts,United States,New England,2026,2579950,4308,42.7089055,-73.2013614,25,8ee533bb-ac64-482a-9c79-94ea1e16da52,48.95,51.39,19.35,84.84,,41.55,,9.9,,15.48,,,12.69,43.76,54.45,,,54.45,,38.78,39,25.3,41.4,small,,,21,907,745,20,2026-04-11 00:27:40.395587+00,
Holbrook,MA,Massachusetts,United States,New England,2026,2530420,11405,42.1403459,-70.9978612,25,a323611f-5eee-4b5c-a269-435e18494989,37.76,41.29,38.98,,,40.14,,25.77,,31.7,,,28.74,53.11,54.91,,,54.91,2.7,38.77,39,7.9,106.3,small,,,22,908,746,21,2026-04-10 23:03:40.358785+00,
St. George,UT,Utah,United States,Mountain,2026,4965330,95342,37.0770058,-113.5765342,25,e8cf1470-9442-4211-8a03-47160611cbed,47.35,37.2,41.51,28.11,42,38.76,23.68,35.8,33.05,22.83,17.3,22.31,24.88,51.09,48.04,28.43,18.33,33.75,13.46,38.76,39,1232.2,341.5,medium,,,28,909,140,3,2026-05-08 21:54:04.653845+00,
Plymouth,NH,New Hampshire,United States,New England,2026,3362580,4730,43.7387755,-71.7026252,30,61e1a2a8-8f5e-443d-bd4b-c8dbbd4a953b,46.43,37.41,31.54,,79.01,44.37,,,17.75,14.82,31.54,2.57,19,37.01,51.22,,,51.22,,38.74,39,22.7,47,small,,,7,910,747,7,2026-04-14 08:12:40.477638+00,
Minot,ND,North Dakota,United States,Midwest,2026,3853380,48368,48.2361251,-101.277533,25,10351dfc-059e-46f4-8fd4-9c39f0456626,48.07,37.99,38.83,33.07,42.59,38.71,22.73,38.39,15.65,21.88,33.34,21.02,25.19,56.76,43.37,49.19,,46.09,1.15,38.72,39,458.8,154.4,small,,,9,911,748,6,2026-04-07 02:47:40.420549+00,
Bullhead City,AZ,Arizona,United States,Mountain,2026,408220,41348,35.1478,-114.5684,25,3d4d659a-47a0-4bfe-91f5-2a1314ea7603,60.63,37.02,11.75,24.63,,24.42,25.78,24.98,14.5,26.73,28.92,30.8,25.08,58.14,28.87,,,28.87,50.94,38.7,39,561.9,144.7,small,,,21,912,749,17,2026-04-14 03:37:40.239552+00,
St. Michael's,MD,Maryland,United States,Mid-Atlantic,2026,2490172,5150,38.7862,-76.2234,30,2a5de752-4679-4ff3-9b03-329ef92b6d90,50.36,41.19,15.31,,,28.25,,,,,33.39,,33.39,33.58,28,,,28,,38.68,39,3.4,247.3,small,,,17,913,750,13,2026-05-08 21:53:53.681234+00,
Rancho Mirage,CA,California,United States,Pacific,2026,659500,16999,33.7638377,-116.4303875,25,4b351b7e-b15a-42ef-8a7c-e63b0a3c25c7,40.33,35.06,22.64,,,28.85,21.4,,30.41,5.59,34.78,26.61,26.23,33.18,24.88,100,20.63,50.11,,38.59,39,221.1,66.7,small,,,121,914,751,96,2026-04-09 07:02:40.438628+00,
Brunswick,ME,Maine,United States,New England,2026,2308395,17033,43.8874518,-69.9426225,25,642f5920-bcd2-446f-b3f9-4a359c908f74,55.45,41.16,36.27,64.27,,41.91,9.72,38.31,18.24,2.77,18.79,47.1,21.46,56.92,65.83,3.99,36.63,36.89,0.86,38.57,39,275.7,93.3,small,,,21,915,752,21,2026-04-14 05:38:40.171187+00,
Cary,NC,North Carolina,United States,South,2026,3710740,174885,35.781302,-78.8234436,25,59e6c504-0fcc-4440-8529-fb7d0b3f3701,42.04,33.63,33.76,,,33.7,27.13,27.56,17.25,19.26,34.37,34.48,27.32,46.13,57.57,52,15.88,45.2,18.12,38.56,39,1564.6,371,medium,,,7,916,141,2,2026-04-10 13:30:47.057912+00,
Farmington Hills,MI,Michigan,United States,Midwest,2026,2627440,83986,42.4856479,-83.3759608,25,25f88344-14ea-436b-ac4c-b12ffefdabea,40.75,29.77,38.54,20.78,,32.48,29.49,37.03,23.81,22.96,27.1,42.01,29.74,44.73,57.21,37.73,18.25,40.65,,38.55,39,745.2,207.7,medium,,,86,917,142,18,2026-04-10 04:16:40.795682+00,
Port Huron,MI,Michigan,United States,Midwest,2026,2665820,28983,42.9709,-82.4249,25,235ec149-ca7d-43c1-a661-0b5459c3a64a,48.41,39.78,43.06,13.3,,37.91,68.76,,17.72,16.41,19.53,15.98,29.13,51.28,58.94,66.27,21.45,52.13,13.27,38.51,39,255.3,78.1,small,,,87,918,753,68,2026-04-14 07:51:40.291563+00,
Compton,CA,California,United States,Pacific,2026,615044,95720,33.8958,-118.2201,25,fec8dd68-7d2e-4bf3-9aab-36cf4a0683ca,41.42,26.47,52.45,2.36,,34.82,16.94,,,10.1,27.86,23.54,21.28,70.94,46.19,100,32.64,61.64,21.92,38.5,39,282.9,110.2,medium,,,122,919,143,24,2026-04-10 21:01:45.024849+00,
Cherry Hill,NJ,New Jersey,United States,Mid-Atlantic,2026,3412280,74553,39.9046107,-74.9969997,25,98193886-135f-4369-b474-c4ba70c5e6f1,44.88,31.43,50.24,30.97,31.06,37.89,17.66,21.72,18.16,11.54,16.56,39.09,20.49,52.6,53.36,,25.78,42.75,27.21,38.49,38,568.5,151.2,medium,,,36,920,144,8,2026-04-10 08:29:40.901905+00,
Bellevue,NE,Nebraska,United States,Midwest,2026,3103950,64955,41.1449322,-95.9385599,25,f3b26a05-5db7-43f6-9c64-c4645ae159e2,43.2,33.24,45.17,0.21,20.92,31.65,20.19,29.97,13.03,7.69,23.92,18.66,19.19,46.52,52.67,61.61,42.21,53.18,,38.47,38,496.1,155,medium,,,5,921,145,2,2026-04-07 02:54:43.429871+00,
St. Albans,WV,West Virginia,United States,South,2026,5471212,10856,38.3776163,-81.8192511,25,9e92f1ec-8dad-46c1-aee3-c626c0f8e6b9,46.05,43.74,26.25,,,35,3.93,18.4,,25.46,35.54,,21.63,60.64,48.58,,,48.58,0.78,38.38,38,103.2,28.8,small,,,8,922,754,8,2026-05-08 21:54:06.189634+00,
New Berlin,WI,Wisconsin,United States,Midwest,2026,5556375,40451,42.9719998,-88.1291679,25,443bd9db-a3c7-4253-abf3-9db233ed548a,53.53,35.83,32.25,,,34.04,27.24,15.55,34.83,18.77,21.27,33.03,26.12,38.97,45.2,33.22,,39.61,,38.35,38,458.6,150.2,small,,,77,923,755,67,2026-04-09 12:45:40.420481+00,
Jersey City,NJ,New Jersey,United States,Mid-Atlantic,2026,3436000,292449,40.7114174,-74.0647599,25,0efd15c7-52ad-424b-af38-a1e08b79dfac,31.6,26.5,54.38,8.55,22.71,33.71,28.53,27.34,33.04,34.87,43.97,32.23,34.36,59.72,50.62,,11.29,35.49,30.35,38.34,38,332.4,173.4,medium,,,37,924,146,9,2026-04-10 10:24:44.767443+00,
Vineyard,UT,Utah,United States,Mountain,2026,4980420,12543,40.3050555,-111.7547837,25,56abe350-b982-4ea0-b2e6-b1a5b0576bae,51.93,49.45,47.54,,,48.5,15.8,11.49,,,34.43,,23.48,23.92,74.7,24.51,,51.28,34.43,38.34,38,119.3,32.1,small,,,29,924,756,26,2026-04-11 01:09:40.823045+00,
Jefferson,WI,Wisconsin,United States,Midwest,2026,5537900,7794,43.0039549,-88.8084728,25,97292a64-dc5f-4f21-a9cc-56b2f3b4043a,50.4,37.88,38.39,,,38.14,,38.67,,21.47,6.41,16,16.69,46.9,59.14,3.83,,33.33,,38.3,38,89.4,30.6,small,,,78,926,757,68,2026-04-09 13:32:40.530283+00,
Central City,CO,Colorado,United States,Mountain,2026,812900,779,39.7953658,-105.5089645,30,8a150fb9-7fb2-4f13-9c34-561ecc0967bb,69.01,35.9,0,0,0,35.9,0,0,0,0,0,0,0,0.9,44.93,0,0,44.93,0,38.29,38,5.3,36,small,,,24,927,758,18,2026-05-19 02:19:03.301467+00,
Joplin,MO,Missouri,United States,Midwest,2026,2937592,51762,37.0752176,-94.501259,25,1017b49b-3d11-4f65-8295-03a3a174b370,41.61,36.86,43.15,18.22,25.58,34.94,14.48,,18.75,23.35,24.3,47.67,24.67,54.16,40.99,8.23,39.21,29.08,,38.29,38,717.5,244.6,medium,,,16,927,147,4,2026-04-14 04:28:44.592151+00,
Annandale,VA,Virginia,United States,South,2026,5101912,43363,38.8312,-77.1998,25,2d7f09a1-209b-45d7-9fe2-02360b26d849,37.38,31.27,55,,,43.14,16.23,12.86,,5.34,38.1,19.29,21.86,47.04,66.28,,10.22,44.72,,38.29,38,204.8,64,small,,,27,927,758,25,2026-04-14 02:26:53.423182+00,
Anniston,AL,Alabama,United States,South,2026,101852,21573,33.6734685,-85.8108912,25,12fad59b-fcc9-4639-a616-049d01f75670,54.96,40.7,40.83,,,40.77,31.08,24.31,57.48,23.83,26.67,23.07,32.65,37.22,44.05,48.78,25.01,40.95,16.5,38.27,38,633.5,149.2,small,,,16,930,760,14,2026-04-06 23:30:40.221148+00,
Novato,CA,California,United States,Pacific,2026,652582,53225,38.0850865,-122.5482723,25,0a69765e-3792-48a0-8b4e-4cd04468f0e4,45.78,31.39,40,19.87,,33.72,10.65,16.88,6.83,14.22,19.89,23.53,15.11,48.89,65.16,,38.37,54.86,18.77,38.24,38,348.7,100.9,medium,,,123,931,148,25,2026-04-09 07:45:40.552708+00,
Apple Valley,MN,Minnesota,United States,Midwest,2026,2701900,56374,44.745301,-93.1994128,30,afc47869-98d0-4796-9b1a-403f1c75d340,36.09,30.08,29.84,,,29.96,13.33,32.67,,20.91,27.72,2.76,19.21,48.08,60.44,62.27,,61.29,,38.24,38,190.7,461.8,medium,,,24,931,148,9,2026-04-10 13:54:41.043529+00,
Tulsa,OK,Oklahoma,United States,South,2026,4075000,413067,36.1279488,-95.9023162,25,fff16e61-9d51-457f-aa4d-2fdc1a476691,37.37,28.47,37.05,17.99,26.05,29.94,24.63,20.43,15.98,16.88,32.88,21.73,23.33,67.27,47.66,24.78,17.98,32.23,12.06,38.24,38,3553.2,1289.5,large,,,7,931,24,1,2026-04-02 03:08:11.164343+00,
Santa Rosa,CA,California,United States,Pacific,2026,670098,178137,38.4458238,-122.7061814,25,fba1764d-4624-490c-b7db-063173c90537,36.72,30.13,42.61,14.91,,33.69,24.3,16.37,17.3,13.33,37.66,21.47,23.93,58.89,61.78,29.79,13.47,38.51,24.39,38.22,38,1106.5,268.4,medium,,,124,934,150,26,2026-04-09 10:33:44.995132+00,
Maplewood,NJ,New Jersey,United States,Mid-Atlantic,2026,3443800,25684,40.7336074,-74.2711594,25,c885e8ad-a049-487d-913d-3500f2399ecc,48.54,38.79,43.46,,,41.13,2.47,23.49,,16.23,8.64,40,15.78,54.1,43.95,,,43.95,33.05,38.16,38,105.2,30.2,small,,,38,935,761,29,2026-04-10 08:18:40.317898+00,
Flint,MI,Michigan,United States,Midwest,2026,2629000,81252,43.0244204,-83.6919715,25,e2aef2c9-64de-40b4-ba14-db4eee84b507,42.69,24.54,43.51,16.07,16.82,28.79,2.22,12.77,15.35,8.35,22.49,19.64,14.19,60.07,54.74,26.63,11.02,33.97,0.49,38.15,38,954.5,290.5,medium,,,88,936,151,19,2026-04-10 11:58:55.332606+00,
Manassas,VA,Virginia,United States,South,2026,5148952,42772,38.7468077,-77.4826328,25,097c91e5-14b2-4d0e-b29f-55f57272fa63,44.19,24.65,52.29,,,38.47,27.47,31.77,12.35,30.79,43.53,23.92,28.69,60.45,71.95,49.61,25.77,52.59,1.19,38.15,38,208.4,89.9,small,,,28,936,762,26,2026-04-10 12:11:40.587607+00,
West Burlington,IA,Iowa,United States,Midwest,2026,1983685,3199,40.8216276,-91.1754745,25,4acff394-fc0e-475b-95b0-e34124c33fec,66.71,38.66,38.66,23.87,,36.81,23.85,,24.86,24.86,18.67,,22.53,62.06,34.82,,,34.82,11.95,38.12,38,31.9,34.1,small,,,18,938,763,11,2026-04-08 21:01:40.895408+00,
Lawton,OK,Oklahoma,United States,South,2026,4041850,90372,34.6171724,-98.4214002,25,c6358b85-9210-43ff-8a9a-be68e984606c,44.42,33.76,42.11,,17.16,33.32,16.84,82.04,15.83,10.13,10.94,,21.75,34.98,48.94,,,48.94,,38.12,38,1029.5,265.3,medium,,,8,938,152,1,2026-04-14 06:11:41.005639+00,
Herriman,UT,Utah,United States,Mountain,2026,4934970,55162,40.5137,-112.0348,25,de32edb4-53be-4b3a-97b9-eb48f6dc209c,38.66,36.82,39.95,33.87,,37.82,9.13,28.8,,6.86,30.51,,20.03,32.88,72.77,29.77,24.37,45.62,,38.07,38,462.4,101.9,medium,,,30,940,153,4,2026-04-11 00:48:42.796155+00,
Grand Blanc,MI,Michigan,United States,Midwest,2026,2633280,8091,42.9325373,-83.6204909,25,c5253acf-0c30-4287-bdd8-71177445d38a,54.7,47.15,18.77,,,32.96,,,,,34.41,62.43,44.92,35.07,26.88,,,26.88,,38.05,38,68.5,14,small,,,89,941,764,69,2026-04-10 02:53:40.79326+00,
Mullica Hill,NJ,New Jersey,United States,Mid-Atlantic,2026,3449440,4698,39.7337,-75.2273,25,893d6b6b-e139-4ab8-95d9-b0965724a785,50.42,43.21,13.57,,,28.39,41.3,19.21,,11.09,32.28,,29.78,52.51,29.03,,,29.03,,38.03,38,41.9,14.1,small,,,39,942,765,30,2026-04-14 07:09:39.860088+00,
Medford,NJ,New Jersey,United States,Mid-Atlantic,2026,3445120,24497,39.8642685,-74.8246595,25,fae0bcb3-871a-4492-9fc5-621e487667c2,54.14,41.68,34.51,,,38.1,,4.23,,11.84,21.88,35.43,20.65,33.1,33.61,,30.27,32.33,,38.02,38,340.4,92.2,small,,,40,943,766,31,2026-04-10 08:03:43.716927+00,
Kensington,MD,Maryland,United States,Mid-Atlantic,2026,2443500,2122,39.0268366,-77.0737101,30,cce7a563-5be3-4940-811b-07a5f47f6411,43.23,31.21,21.64,,,26.43,8.88,30.93,,9.71,15.79,30.59,17.97,56.2,61.09,,28.82,48.68,46.09,38.01,38,4.6,20.8,small,,,18,944,767,14,2026-04-10 00:45:44.985855+00,
Oxford,MS,Mississippi,United States,South,2026,2854840,25416,34.3512624,-89.5369807,30,56c4b4b3-3875-4040-ae1e-18af6948e00a,41.94,30.7,35.26,,35.96,33.64,36.16,19.84,24.18,23.54,20.14,29.57,25.88,65.54,48.25,33.26,19.67,35.86,20.82,38.01,38,556.6,163.7,small,,,5,944,767,5,2026-04-13 22:56:52.16309+00,
Springdale,AR,Arkansas,United States,South,2026,566080,87332,36.1914381,-94.1550623,20,264e4031-a570-4cfd-88b8-ef9113475e67,39.04,32.22,42.64,51.25,81.88,47.7,28.83,13.67,34.38,20.93,18.65,22.66,24.16,54.49,33.04,48.82,,40.4,,38,38,723.8,285.5,medium,,,5,946,154,4,2026-04-07 18:09:45.974529+00,
Smyrna,GA,Georgia,United States,South,2026,1371492,56138,33.8625591,-84.5161203,30,89c073e7-b04a-4b54-8b81-ab6a39014450,38.48,34.65,24.05,,,29.35,27.75,33.96,7.52,26.31,33.97,38.97,27.42,54.51,42.72,39.69,21.55,36.37,,38,38,75.5,394.6,medium,,,16,946,154,2,2026-04-09 22:29:40.410571+00,
Acton,MA,Massachusetts,United States,New England,2026,2500380,24021,42.483953,-71.4384947,25,7313fe94-bf70-4c5c-b724-d08c9f8d6b05,43.61,34.95,14.76,,,24.86,11.64,17.84,,11.32,26.19,45,23.18,53.24,67.47,30.13,5.48,38.9,28.94,38,38,319.8,87.6,small,,,23,946,769,22,2026-04-10 21:59:40.576781+00,
Alexandria,VA,Virginia,United States,South,2026,5101000,159467,38.8192511,-77.0836695,25,2a2782e9-1bc6-4628-9112-bf4e8803f6ee,33.95,31.42,44.11,22.39,11.97,31.07,30.14,28.49,2.15,28.5,43.43,16.81,25.54,62.72,66.91,38.24,20.76,45.34,21.17,37.99,38,424.3,212,medium,,,29,949,156,3,2026-04-10 13:44:43.530135+00,
Bethlehem,PA,Pennsylvania,United States,Mid-Atlantic,2026,4206088,75781,40.6264238,-75.3678976,25,62d9dc93-b59e-4a45-97e2-07015be1cbe1,38.29,26.47,47.55,4.2,26.12,31.55,38.19,29.1,16.64,19.14,39.94,42.17,32.1,62.99,62.17,0.7,20.79,30.31,7.29,37.98,38,495.8,161.9,medium,,,56,950,157,5,2026-04-10 09:44:41.708519+00,
Garner,NC,North Carolina,United States,South,2026,3725480,31483,35.6894768,-78.6145993,35,65b3dff3-bcdc-4f09-b10c-3906314d5474,40.97,32.5,9.22,,,20.86,21.8,15.09,83.74,18.07,24.14,12.89,32.39,47.84,38.96,,,38.96,,37.97,38,102.3,353.3,small,,,8,951,770,6,2026-04-10 08:52:40.89117+00,
Astoria,OR,Oregon,United States,Pacific,2026,4103150,10174,46.1873754,-123.8150727,25,5205f666-a93a-49e4-a98e-2c309787b6ae,52.54,31.68,32.96,36.28,,32.82,19.21,13.53,25.55,12.62,8.56,18.12,16.43,69.37,69.55,31.91,17.82,43.44,1.8,37.97,38,123.8,42.6,small,,,13,951,770,10,2026-04-08 01:28:41.528818+00,
Renton,WA,Washington,United States,Pacific,2026,5357745,106832,47.4791902,-122.1946129,25,f333ac01-6809-402b-8c00-b8fae4895b18,35.89,22.15,36.32,15.45,0.2,22.05,30.64,35.59,11.42,14.08,22.14,37.68,24.57,57.13,63.97,49.28,23.27,48.65,6.36,37.97,38,549.7,208,medium,,,28,951,158,4,2026-04-09 18:19:41.179809+00,
American Fork,UT,Utah,United States,Mountain,2026,4901310,33346,40.3778768,-111.7950737,25,7877a402-8654-4912-a01d-b46b04727361,44.09,30.05,41.35,6.8,,32.09,19.15,30.76,11.36,16.73,14.61,40.72,20.61,54.25,68.77,,7.76,45.3,1.72,37.96,38,287.9,100.5,small,,,31,954,772,27,2026-04-11 00:32:41.126458+00,
West Athens,CA,California,United States,Pacific,2026,684116,9393,33.9281,-118.2992,25,48ef6b69-5c88-4066-a7c2-5ccd804482ed,62.3,40.5,27.68,16.15,,31.85,,,,,,,,74.06,12.4,,,12.4,0.5,37.94,38,28.6,13.8,small,,,125,955,773,97,2026-04-10 21:51:40.078506+00,
Biddeford,ME,Maine,United States,New England,2026,2304860,22552,43.4387329,-70.3929427,25,4d429308-ba07-4449-83e2-a7e7b71d1062,41.21,33.87,15.75,,85.49,38.29,27.77,7.02,11.14,7.82,16.76,21.3,16.65,53.23,60.01,26.12,16.53,37.28,,37.88,38,269.7,69.4,small,,,22,956,774,22,2026-04-14 05:36:40.026187+00,
Pleasanton,CA,California,United States,Pacific,2026,657792,79871,37.6671852,-121.8812304,25,8c220387-caeb-4206-b8b1-ebb5d6680865,45.08,24.36,38.98,,,31.67,21.29,21.61,8.29,15.31,41.59,42.99,26.45,56.58,64.04,39.44,16.18,43.47,17.09,37.86,38,487.5,162.1,medium,,,126,957,159,27,2026-04-09 06:59:44.93522+00,
Bourne,MA,Massachusetts,United States,New England,2026,2507140,1497,41.7320153,-70.6157673,25,4d3b1d2a-8952-4f20-980c-c56f22b3a6cb,42.14,36.87,31.3,,,34.09,,,,,,,,24.5,47.65,,,47.65,,37.83,38,5.1,40,small,,,24,958,775,23,2026-04-10 23:17:40.671271+00,
Dickson City,PA,Pennsylvania,United States,Mid-Atlantic,2026,4219160,6038,41.4683492,-75.6358163,25,7047c9f9-81e6-4f62-800d-db5d1814e5b5,55.27,37.3,29.93,,,33.62,33.78,,64.45,11.16,11.91,,31.65,41.62,33.51,4.75,45.13,26.35,,37.83,38,78.6,19.8,small,,,57,958,775,51,2026-04-10 10:39:40.066672+00,
Enid,OK,Oklahoma,United States,South,2026,4023950,51308,36.4067017,-97.8698615,25,240bb1f0-1a9b-49dd-8060-b6c7349982e2,48.41,37.01,40.71,35.75,,38.47,15.02,6.39,49.89,15.9,14.13,46.68,25.75,36.28,45.38,37.52,,41.71,,37.81,38,695.9,241.3,medium,,,9,960,160,2,2026-04-14 07:08:42.465235+00,
South Lake Tahoe,CA,California,United States,Pacific,2026,673108,21306,38.9282184,-119.9809998,25,709dca37-5967-4d36-b630-427f952eec0e,42.13,35.07,25.21,24.5,,29.44,,,6.49,27.13,43.41,,27.02,63.41,36.11,40.88,48.74,40.94,14.87,37.78,38,261.4,67.1,small,,,127,961,777,98,2026-04-09 07:24:40.145926+00,
Waterloo,IA,Iowa,United States,Midwest,2026,1982425,67314,42.4923267,-92.3519473,25,33a8ca26-c5ed-464c-8c02-d22f24da6719,44.87,29.96,40.53,17.22,23.96,31.19,18.06,26.41,30.59,17.88,47.09,1.73,26.19,60.85,55.58,32.43,6.89,35.31,10.56,37.73,38,808.2,370,medium,,,19,962,161,8,2026-04-08 22:45:42.73045+00,
Pismo Beach,CA,California,United States,Pacific,2026,657414,8072,35.1531734,-120.6738743,25,ee8cc182-e635-40ab-a9fc-b7524b2a593f,45.1,29.09,28.94,,,29.02,25.66,9.17,,7.95,3.72,6.01,10.84,36.72,54.37,,,54.37,,37.68,38,83.3,43.5,small,,,128,963,778,99,2026-04-09 07:20:40.525359+00,
West Haven,CT,Connecticut,United States,New England,2026,982800,55584,41.2721212,-72.9674973,25,cd74b6b9-acbd-4393-9dcc-e4bbf85a3262,48.67,30.6,40.23,,32.91,34.86,30.3,16.37,21.75,21.08,37.53,41.05,29.7,51.86,53.38,,67.42,58.78,0.69,37.67,38,243.7,80,medium,,,12,964,162,1,2026-04-07 03:50:44.41901+00,
Guadalupe,CA,California,United States,Pacific,2026,631414,8057,34.9649289,-120.5731271,25,78acd6c2-9d07-47fe-9731-aace8515bbd0,51.99,46.52,12.01,,,29.27,,,,,,,,32.09,39.74,,,39.74,37.46,37.66,38,35.1,6.2,small,,,129,965,779,100,2026-04-09 06:01:40.561768+00,
Opelika,AL,Alabama,United States,South,2026,157048,30998,32.6607385,-85.3788898,25,80dd3642-ee0b-423f-becb-943f6f477618,44,34.59,27.37,15.75,,29.08,29.23,15.35,6.68,24.02,31.67,17.16,21.61,51.75,41.93,,,41.93,,37.65,38,447.1,225.6,small,,,17,966,780,15,2026-04-06 23:50:40.356284+00,
Huntsville,AL,Alabama,United States,South,2026,137000,215315,34.69772,-86.6766704,25,d90f4db8-cfcc-4931-86eb-3763e19d39dc,49.26,30.32,29.67,24.62,21.18,27.69,11.09,7.97,12.08,15.15,22.39,21.43,15.76,44.46,46.2,53.53,25.15,43.5,2.64,37.64,38,2528.9,829.1,medium,,,18,967,163,3,2026-04-07 02:20:49.355767+00,
Bloomington,MN,Minnesota,United States,Midwest,2026,2706616,89987,44.8296656,-93.315217,30,c576eb5e-9b2f-4afd-b911-ead64b506ab1,44.22,30.19,35.5,31.43,32.54,32.64,14.38,7.09,,13.13,28.38,2.31,15.42,43.44,63.42,57.29,7.38,47.26,12.79,37.64,38,746.5,324.8,medium,,,25,967,163,10,2026-04-10 14:13:43.313679+00,
South Pasadena,CA,California,United States,Pacific,2026,673220,26943,34.1089567,-118.1566154,25,cffa6275-cdda-4ed1-bf1a-833fa8710370,38.64,33.02,38.06,,,35.54,,17.4,,6.85,33.62,20.66,23.22,62.12,52.01,,23.93,41.21,29,37.62,38,89.1,39,small,,,130,969,781,101,2026-04-09 08:41:40.278388+00,
Bowling Green,KY,Kentucky,United States,South,2026,2108902,72328,36.9768322,-86.4336609,25,8829759d-b092-4958-802a-2d8d0134d4ab,47,36.26,34.5,16.8,36.21,33.69,27.41,,23.02,10.14,26.46,,23.62,49.29,45.7,,,45.7,3.17,37.61,38,669.3,192.6,medium,,,4,970,165,1,2026-04-08 21:38:41.644476+00,
Commerce,MI,Michigan,United States,Midwest,2026,2617640,43055,42.57387,-83.4956856,25,d46d5fca-b698-4c2c-be0a-54489bce5494,48.3,39.1,24.97,,,32.04,9.43,10.67,19.75,19.4,24.79,21.41,18.25,41.31,52.48,31.29,30.12,39.47,,37.6,38,543.2,124,small,,,90,971,782,70,2026-04-10 02:50:40.330022+00,
Mentor,OH,Ohio,United States,Midwest,2026,3949056,47450,41.6901586,-81.3358796,25,28e0e37f-4e40-47c5-81d9-28fa4dce2180,51.65,27.96,31.8,,,29.88,16.67,17.82,35.17,15.72,21.46,29.49,23.51,45.54,44.25,,51.7,47.12,,37.6,38,415.6,134.2,small,,,46,971,782,39,2026-04-10 11:43:40.454138+00,
Issaquah,WA,Washington,United States,Pacific,2026,5333805,40051,47.5444883,-122.0490853,25,096d75ae-e125-4be8-99ab-5773ae44b525,54.37,29.57,37.28,,,33.43,32.97,27.24,15.03,17.28,25.5,40.27,26.47,44.64,73.51,34.33,25.16,47.71,10.72,37.6,38,261.2,95.1,small,,,29,971,782,24,2026-04-09 17:29:40.891354+00,
Fayetteville,GA,Georgia,United States,South,2026,1328968,18957,33.4490992,-84.4728242,30,ccf86b92-e66c-429b-9b9d-4ace28347077,49.94,26.93,36.05,,,31.49,28.9,25.66,20.75,20.09,18.06,54.11,27.14,50.95,35.29,,13.67,26.97,,37.57,38,144.4,133.5,small,,,17,974,785,15,2026-04-09 22:00:40.809799+00,
Carolina Beach,NC,North Carolina,United States,South,2026,3710500,6561,34.0418742,-77.8997883,35,0aa2c9e2-3930-4ed8-bc4d-f5c38f91ee28,53.67,42.82,17.15,,,29.99,,,,34.86,29.8,,31.25,46.84,35.06,,,35.06,,37.57,38,77.9,23.1,small,,,9,974,785,7,2026-04-10 09:01:41.096625+00,
Brookfield,WI,Wisconsin,United States,Midwest,2026,5510025,41489,43.06432,-88.117794,25,a0ea5256-c57d-4ef0-a201-9af7caac21a2,48.21,32.68,31.9,9.93,,29.5,22.08,14.65,42.57,18.29,28.87,21.55,26.67,36.07,55.61,41.08,4.25,37.68,,37.57,38,535.9,134.9,small,,,79,974,785,69,2026-04-09 13:30:40.878261+00,
Henderson,NV,Nevada,United States,Mountain,2026,3231900,317643,36.0089583,-115.0267996,25,bee9a8cd-8243-44ef-8bf3-167c0b136f35,38.95,29.7,33.07,15.93,20.7,27.7,18,21.28,16.65,16.19,24.33,21.7,20.01,45.75,48.15,42.21,12.86,37.25,,37.55,38,2361.3,634.8,large,,,8,977,25,1,2026-03-31 13:51:11.442532+00,
Sisters,OR,Oregon,United States,Pacific,2026,4167950,3064,44.2887,-121.5498,25,34a776c9-12e1-4826-98a9-3b1e3633922e,44.76,37.33,37.36,,,37.35,23.58,,,22.31,22.31,,22.77,43.51,50.55,,31.2,43.11,,37.52,38,55.3,21.6,small,,,14,978,788,11,2026-04-14 09:47:40.504562+00,
Ukiah,CA,California,United States,Pacific,2026,681134,16641,39.1475192,-123.2049032,25,0e19329e-a899-453d-96e6-6ecfd3a2255b,29.59,23.91,38.3,,,31.11,25.76,11.38,10.74,7.7,16.96,30.28,17.99,58.13,58.78,,,58.78,,37.51,38,105.8,51.7,small,,,131,979,789,102,2026-04-09 07:48:41.084945+00,
Long Lake,MN,Minnesota,United States,Midwest,2026,2738006,1741,44.9832481,-93.5700538,30,b21e2523-60e2-4cf6-bd3a-2212ba6253be,54.13,24.02,,,,24.02,,,,,,,,19.69,38.71,,,38.71,,37.51,38,6.6,24,small,,,26,979,789,14,2026-04-10 13:57:41.334579+00,
Dryden,NY,New York,United States,Mid-Atlantic,2026,3620951,1887,42.4908303,-76.3013868,20,22f57c9f-b370-421b-adef-d66592389b93,46.17,46.83,17.68,,,32.26,21.2,,,39.12,38.08,,32.13,48.78,31.79,,,31.79,,37.51,38,4.5,27.4,small,,,15,979,789,10,2026-04-10 06:07:40.539665+00,
Bellevue,KY,Kentucky,United States,South,2026,2105446,5548,39.1012482,-84.4774925,35,a9e19aac-9cbd-4e0b-bb62-2ffd7dbc5bf2,38.93,38.37,36.39,8.35,,33.75,,18.58,,,28.8,,25.88,48.9,45,,,45,,37.47,37,12,18.7,small,,,5,982,792,4,2026-04-08 20:53:40.374028+00,
Ogden,UT,Utah,United States,Mountain,2026,4955980,87321,41.2283911,-111.9681469,25,04f9f72c-04e2-4cb0-8330-6a3001aff845,40.21,22.08,42.17,33.83,28.9,31.65,8.69,41.13,8.35,5.9,27.15,25.5,18.72,61.34,58.89,28.93,25.16,39.97,5.84,37.47,37,564,224.1,medium,,,32,982,166,5,2026-04-11 01:36:41.71442+00,
Ridgefield,CT,Connecticut,United States,New England,2026,963900,7596,41.269688,-73.4926106,25,e47150da-e171-4621-b385-48ee30882d0d,47.5,36.81,14.91,,,25.86,14.99,9.17,,20.75,,,14.98,40,70.67,,23.79,52.64,,37.46,37,74,21.1,small,,,13,984,793,12,2026-04-07 03:03:40.017372+00,
Reston,VA,Virginia,United States,South,2026,5166672,63226,38.9497618,-77.3462444,25,e94e602c-8e7d-4075-bfe2-80f7d99e4390,40.52,24.56,51.56,16.05,,35.31,34.66,20.21,12.89,21.53,38.56,15.62,25.67,52.15,73.28,64.65,24.79,58.14,6.87,37.46,37,363.6,148.7,medium,,,30,984,167,4,2026-04-10 11:21:41.004831+00,
Bedford,OH,Ohio,United States,Midwest,2026,3904878,13149,41.3921231,-81.5346796,25,9ab0ccef-1b54-43e6-84e2-fba5705c042d,40.77,34.5,32.75,,,33.63,24.5,26.5,28.16,17.45,34.26,13.61,25.53,53.43,43.3,,,43.3,,37.45,37,85.2,37.7,small,,,47,986,794,40,2026-04-10 12:20:40.188379+00,
Bangor,ME,Maine,United States,New England,2026,2302795,31753,44.8296254,-68.7887668,25,50dfa42b-6111-4e1c-9878-1d90e7dbcf8f,40.67,30.95,38.37,15.63,33.22,32.47,25.7,23.16,31.01,11.29,28.64,13.84,24.02,53.71,62.04,60.54,21.75,51.44,19.79,37.44,37,320.3,160.1,small,,,23,987,795,23,2026-04-14 06:06:44.958796+00,
Solvang,CA,California,United States,Pacific,2026,672576,6126,34.5937578,-120.1396803,25,2bfb0085-7aa5-4815-994f-b1004a5bb840,50.12,39.3,40.78,,,40.04,,28.1,17.7,17.7,17.7,,19.3,38.85,38,,,38,,37.38,37,49.2,16.3,small,,,132,988,796,103,2026-04-09 08:46:42.795806+00,
Newington,CT,Connecticut,United States,New England,2026,952140,30536,41.6869933,-72.7308386,25,864e4a28-f379-438c-a534-896796a67b8f,38.66,34.99,24.16,,,29.58,13.25,24.42,18.72,7.49,31.76,17.99,20.22,58.03,52.93,,,52.93,11.45,37.38,37,235.2,68.2,small,,,14,988,796,13,2026-04-07 03:15:40.645937+00,
Douglasville,GA,Georgia,United States,South,2026,1323900,34671,33.7367803,-84.7010739,30,3b127b21-2d47-465f-a7b9-76ea5db9d26a,50.31,34.47,24.38,,,29.43,11.05,4.96,13.18,27.42,15.62,,14.1,38.49,33.54,,14.05,26.04,,37.38,37,74.3,323,small,,,18,988,796,16,2026-04-09 21:46:43.285534+00,
Vail,CO,Colorado,United States,Mountain,2026,880040,4835,39.6377804,-106.362463,30,9e4161ea-2b29-4176-9a0b-cb210cc0b4da,49.79,40,17.63,,,28.82,,58.68,25.47,,49.19,4.98,34.3,47.45,45.05,46.83,51.66,47.33,1.91,37.37,37,29.9,113.5,small,,,25,991,799,19,2026-04-09 01:11:40.841213+00,
Upper Darby,PA,Pennsylvania,United States,Mid-Atlantic,2026,4279000,85681,39.9587,-75.2798,25,08f9a0c3-b23f-4e65-a2af-a1aa8565b187,39.15,30.25,40.63,,,35.44,,16.2,20.16,20.83,34.84,18.51,24.03,58.01,48.87,,,48.87,10.89,37.37,37,247.8,53.8,medium,,,58,991,168,6,2026-04-14 09:42:44.621808+00,
Mount Vernon,WA,Washington,United States,Pacific,2026,5347560,35219,48.4170713,-122.3118318,25,cdc4399b-11dd-408d-a692-aad2323d111e,37.23,27.83,51.34,37.82,,39.36,36.54,17,18.61,25.39,29.02,47,29.57,62.09,50.66,,19.63,38.73,1.96,37.37,37,284.4,91.3,small,,,30,991,799,25,2026-04-09 18:04:45.77884+00,
Moses Lake,WA,Washington,United States,Pacific,2026,5347245,25270,47.1278501,-119.2763841,25,f4fd4fd7-e5fa-4739-b781-113e5c2c8108,38.66,26.32,36.02,,,31.17,30.27,23.9,21.6,15.31,19.64,28.4,23.47,47.11,50.62,,,50.62,,37.36,37,224.7,119.1,small,,,31,994,801,26,2026-04-09 17:22:40.541924+00,
Murfreesboro,TN,Tennessee,United States,South,2026,4751560,152964,35.8539148,-86.4212238,25,31ea5c32-fd7d-4167-aed0-c216ac843adf,44.64,30.46,27.27,,26.69,28.38,18.64,18.93,19.9,26.22,32.84,23.5,23.96,54.48,41.28,10.21,,26.78,35.89,37.33,37,1103.9,370.8,medium,,,6,995,169,2,2026-04-07 01:55:46.713233+00,
Pico Rivera,CA,California,United States,Pacific,2026,656924,62067,33.9831,-118.0967,25,7942a615-a2c3-4ce3-a8d8-5b34d40ad888,38.22,24.25,47.31,,,35.78,,63.01,,5.7,29.84,23.71,29.81,62.41,25.81,36.44,,30.77,,37.32,37,250,61.8,medium,,,133,996,170,28,2026-04-10 22:11:40.585481+00,
Orlando,FL,Florida,United States,South,2026,1253000,307919,28.4086497,-81.2548051,25,1bcbb867-945c-4c8c-bf36-a48a2e936b1a,40.59,29.5,36.85,33.39,27.9,32.14,22.86,19.93,21.59,19.06,31.81,41.01,26.89,46.43,51.28,42.44,21.75,40.8,14.07,37.27,37,1456.7,823.4,large,,,15,997,26,2,2026-03-31 08:49:02.593805+00,
Wilton,CT,Connecticut,United States,New England,2026,986370,18503,41.2112771,-73.4409775,25,8e1bcbaf-84d5-4c58-b88e-71e06c90ae96,50.42,38.85,20.09,,,29.47,,,,,30.15,,30.15,17.54,59.63,,13.46,41.87,6.29,37.25,37,332.8,73.2,small,,,15,998,802,14,2026-04-07 03:42:40.68971+00,
Cumberland,MD,Maryland,United States,Mid-Atlantic,2026,2421325,19076,39.6513099,-78.757959,30,234b3d31-cdec-4d4c-97a9-d2ce40424f8c,45.24,33.22,41.13,6.98,,33.4,35.15,18.31,30.74,22.66,22.49,58.11,31.61,61.55,53.23,11.09,44.03,36.18,6.18,37.19,37,209,70.6,small,,,19,999,803,15,2026-04-10 00:12:41.17626+00,
Mobile,AL,Alabama,United States,South,2026,150000,206790,30.6682457,-88.1078526,25,d139c488-7630-40d9-8206-9e9361df30e9,43.37,30.87,40.16,29.54,30.57,33.93,21.32,17.94,18.89,15.04,26.23,23.57,21.43,46.31,45.47,,33.48,40.86,1.95,37.18,37,2119.8,619.6,medium,,,19,1000,171,4,2026-04-07 03:21:45.356828+00,
Alondra Park,CA,California,United States,Pacific,2026,601150,8569,33.8869,-118.3328,25,1b991ddb-9997-4a08-8617-4eedc4b64c86,59.49,24.89,16.08,76.5,,27.49,,,,,35.08,,35.08,49.13,18.64,,,18.64,,37.16,37,36.1,8.4,small,,,134,1001,804,104,2026-04-10 20:48:40.641319+00,
Indialantic,FL,Florida,United States,South,2026,1233375,3010,28.08622,-80.5683016,30,102e9c75-442a-4bb9-a2c3-ef542354a7b9,51.83,50.05,,,,50.05,,,,30.2,21.86,,24.24,49.73,27.14,,,27.14,,37.16,37,17.9,26.2,small,,,16,1001,804,10,2026-04-09 18:14:40.235696+00,
Olivette,MO,Missouri,United States,Midwest,2026,2954650,8504,38.6723734,-90.3785817,25,3cbc3322-c0eb-445a-a962-c4775e8bab70,36.34,37.56,22.35,,,29.96,26.64,21.32,,15.82,33.74,,26.89,53.77,54.14,,12.04,37.95,,37.16,37,77.8,16.3,small,,,17,1001,804,12,2026-04-14 04:16:39.975905+00,
Sitka,AK,Alaska,United States,Pacific,2026,270540,8448,57.1932044,-135.3673965,25,46e25736-4c7a-4eee-ad1e-1d24a19150ff,56.79,40.22,36.16,30.24,,37.2,,,8.78,8.03,13.23,45.24,18.08,43.15,58.02,54.15,12.49,45.28,9.48,37.14,37,302.2,32.7,small,,,9,1004,807,8,2026-03-30 21:40:40.079852+00,
Plainfield Village,CT,Connecticut,United States,New England,2026,960090,2580,41.6751835,-71.9247071,25,2aa3deeb-a51a-4c10-a633-b8a3750f819c,50.28,39.55,28.72,,,34.14,23.95,,22.56,,,36.74,26.93,50.73,27.95,,,27.95,,37.12,37,18.5,7.7,small,,,16,1005,808,15,2026-04-07 03:36:40.473009+00,
Southaven,MS,Mississippi,United States,South,2026,2869280,54635,34.9510049,-89.9776689,25,472ef50a-2f3c-47e0-b542-4aa19300afd6,45.1,28.1,29.25,33.5,,29.28,33.41,5.96,33.74,13.46,15.56,,22.66,49.09,39.61,,,39.61,,37.1,37,534.1,186.4,medium,,,6,1006,172,1,2026-04-13 21:07:45.762118+00,
Neenah,WI,Wisconsin,United States,Midwest,2026,5555750,27319,44.1649246,-88.4796284,25,4ce22aa7-5d1e-44ea-84c0-476ad1d25183,39.41,34.25,40.78,,,37.52,22.23,15.62,9.38,13.64,23.81,39.44,21.12,55.02,62.69,40.94,1.65,39.82,0.42,37.09,37,250.2,79.1,small,,,80,1007,809,70,2026-04-09 13:00:44.632715+00,
Wellington,FL,Florida,United States,South,2026,1275812,61637,26.6489952,-80.2672083,30,cef95473-471b-4c6b-ac70-d139544681e6,39.28,36.16,23.09,,,29.63,15.23,9.38,10.78,13.49,24.33,,15.97,32.35,36.58,,,36.58,,37.08,37,63.4,451.6,medium,,,17,1008,173,5,2026-04-09 20:21:41.771457+00,
Prineville,OR,Oregon,United States,Pacific,2026,4159850,10743,44.2985398,-120.8607179,25,fbd09077-e0ef-4fb7-8b78-61e298bca3ef,46.15,36.39,32.64,9.43,,31.38,7.52,,44.59,5.35,30.01,0.53,20.6,53.21,57.58,,9.43,39.06,,37.07,37,149.6,49.5,small,,,15,1009,810,12,2026-04-08 01:23:40.445563+00,
Presque Isle,ME,Maine,United States,New England,2026,2360825,8797,46.688378,-67.9933262,25,523bd47f-cd5f-4fd9-9101-590ae640eeaa,45.65,40.25,35.56,13.16,34.97,34.84,19.37,9.82,36.98,14.39,48.13,25.68,29.58,59.05,46.38,18.38,17.06,29.25,6.99,37.04,37,272.6,145.5,small,,,24,1010,811,24,2026-04-14 05:45:40.106877+00,
Knoxville,TN,Tennessee,United States,South,2026,4740000,190740,35.9706805,-83.9492703,25,767ed329-2c7e-4997-9a87-8e09a0b636d6,44.92,30.31,29.86,31.93,24.32,29.12,23.69,16.96,23.38,16.44,28.76,22.45,23.31,54.01,46.82,21.19,20.06,31.16,5.62,37.02,37,1959.7,789.5,medium,,,7,1011,174,3,2026-04-07 04:54:56.079626+00,
Independence,MO,Missouri,United States,Midwest,2026,2935000,122926,39.0854691,-94.3520821,25,52629c89-1ee6-4945-9fac-73754c5016ea,41.76,34.68,37.45,17.68,31.89,33.39,29.04,14.41,34.68,17.8,26.05,25.49,26.3,49.7,51.75,35.17,28.56,40.15,29.31,36.99,37,1129.1,342.2,medium,,,18,1012,175,5,2026-04-14 04:22:46.89464+00,
Kansas City,MO,Missouri,United States,Midwest,2026,2938000,508090,39.1251553,-94.5503133,25,bee7e0f8-0918-412e-9f18-0883b773da69,42,30.61,39.38,16.01,28.99,31.9,20.57,16.9,19.98,22.27,29.08,27.34,23.4,52.5,56.71,36.83,21.3,40.9,8.22,36.99,37,4659.5,1880.3,large,,,18,1012,27,2,2026-04-03 10:01:03.286149+00,
Lancaster,PA,Pennsylvania,United States,Mid-Atlantic,2026,4241216,58039,40.0420608,-76.3009901,25,b1392920-9805-4b70-992b-5ea81ecc4580,35.08,23.4,50.21,33.44,,36.38,19.83,13.03,26.48,19.47,9.13,29.13,19.16,63.77,59.57,,,59.57,7.28,36.99,37,129.7,75.1,medium,,,59,1012,175,7,2026-04-10 10:48:40.423283+00,
Stratford,CT,Connecticut,United States,New England,2026,974190,52355,41.1845,-73.1332,25,7f0f82b5-67d5-4492-aae1-bc3c2662e2cd,46.16,30.77,42.17,,,36.47,22.45,7.75,,14.24,26.15,,20.35,46.64,56.35,,29.76,46.12,1.31,36.98,37,379.6,100.9,medium,,,17,1015,177,2,2026-04-14 04:09:40.249748+00,
Ravenna,OH,Ohio,United States,Midwest,2026,3965592,11323,41.1615673,-81.2420577,25,e6e80f25-f9e2-463e-be47-82022c91f79c,43.37,38.09,40.67,,,39.38,,,8.83,29.66,20.76,11.4,16.62,56.5,53.16,16.18,,35.9,,36.94,37,97.4,32.6,small,,,48,1016,812,41,2026-04-10 12:44:40.826941+00,
Fairfield,CT,Connecticut,United States,New England,2026,926620,61512,41.1759399,-73.272046,25,8aab963a-5f0f-4ddc-a8bf-29678ce1ae53,37.32,28.84,38,5.92,27.94,29.57,22.38,24.68,,23.88,23.86,31.83,25.09,45.33,63.56,,26.07,49.14,13.94,36.93,37,559.9,167.4,medium,,,18,1017,178,3,2026-04-07 03:10:44.866258+00,
Lakeville,MA,Massachusetts,United States,New England,2026,2533920,11523,41.8343838,-70.9568262,25,643fc4cd-c878-4bd6-9761-feec625209b2,49.18,42.19,18.33,,,30.26,,,,33.73,,,33.73,24.2,36.83,,,36.83,38.73,36.91,37,70,255.1,small,,,25,1018,813,24,2026-04-10 22:59:44.163149+00,
University Place,WA,Washington,United States,Pacific,2026,5373465,34866,47.2153709,-122.5472592,25,03fc8970-1048-4617-aff7-e932684afc35,31.67,28.49,40.09,,,34.29,39.39,28.22,,16.37,17.5,25.05,25.59,50.44,65.5,,9.24,43.86,,36.91,37,192.9,60.8,small,,,32,1018,813,27,2026-04-09 17:40:41.044044+00,
Pine Township,PA,Pennsylvania,United States,Mid-Atlantic,2026,4260272,14691,40.6448253,-80.0388433,25,15e39840-3bf6-4515-8f1f-7c4e7f368e19,49.96,37.83,27.84,,,32.84,33.91,25.4,30.25,6.07,28.26,,27.11,37.59,26.35,,,26.35,,36.9,37,192,76.5,small,,,60,1020,815,52,2026-04-16 02:04:43.66109+00,
Blue Ridge,TX,Texas,United States,South,2026,4808872,1180,33.2983589,-96.3987997,30,62171aa1-2448-4b22-846f-e785edf2eaa1,47.49,28.8,,,,28.8,,,,,27.03,,27.03,19.83,56.53,,,56.53,,36.9,37,0.1,57.6,small,,,22,1020,815,20,2026-04-09 08:20:40.041163+00,
West Hollywood,CA,California,United States,Pacific,2026,684410,35757,34.0882676,-118.3718315,25,85f347d0-5b24-4927-912b-b0897e60745d,37.78,27.41,26.53,,,26.97,14.15,23.6,0.46,26.86,46.28,13.74,21.6,73.08,36.55,,23.34,31.47,,36.88,37,69.5,25.7,small,,,135,1022,817,105,2026-04-09 08:13:45.020713+00,
Lynnfield,MA,Massachusetts,United States,New England,2026,2537595,13000,42.5341456,-71.0383332,25,4d051b44-5b2f-4068-a162-0646c37d0590,42.68,28.5,28.59,,,28.55,6.37,,,,6.37,,6.37,21.94,65.52,,,65.52,,36.86,37,155.1,46.6,small,,,26,1023,818,25,2026-04-10 22:50:40.354446+00,
Trophy Club,TX,Texas,United States,South,2026,4873710,13688,32.9925218,-97.1729635,30,354d6f35-f638-49fe-8239-d76cbdb2bd6e,56.57,46.36,35.83,,,41.1,46.49,13.29,12.81,6.81,6.81,,18.32,32.53,41.89,,,41.89,,36.84,37,72.3,76.1,small,,,23,1024,819,21,2026-04-09 11:03:40.308571+00,
Monterey,CA,California,United States,Pacific,2026,648872,30218,36.6011932,-121.8831098,25,62554cbd-417f-43d2-8559-68261bf2aa10,51.1,33.76,33.18,6.42,32.35,30.54,27.95,18.53,17.8,21.4,18.61,32.05,22.6,53.1,68.08,22.22,16.52,39.14,2.96,36.83,37,208.1,89.6,small,,,136,1025,820,106,2026-04-09 07:10:41.311387+00,
Marion,OH,Ohio,United States,Midwest,2026,3947754,35999,40.5967464,-83.1231853,25,c29e9826-dc5a-4e26-a89b-64e37a2dbe7a,50.51,32.11,35.04,,,33.58,20.87,,16.08,6.68,20.74,6.68,15.83,38.02,42.9,,,42.9,,36.83,37,222.4,52.1,small,,,49,1025,820,42,2026-04-10 12:41:40.849745+00,
Willoughby Hills,OH,Ohio,United States,Midwest,2026,3985512,10019,41.5841712,-81.4329758,25,8ce6fcd5-aa45-4f02-a5fe-156a38340792,55.76,37.58,19.14,,,28.36,16.12,18.97,7.75,,51.19,15.58,24.23,39.57,22.45,,15.58,19.81,,36.83,37,79.7,69.6,small,,,49,1025,820,42,2026-04-10 12:16:40.128131+00,
Soddy Daisy,TN,Tennessee,United States,South,2026,4769560,13070,35.2387,-85.1698,25,025fdd3e-e916-4c8a-a106-5811cc0a7d2f,54.6,38.78,35.35,,,37.07,20.15,21.67,,17.09,15.75,,18.22,38.3,25.6,,,25.6,,36.81,37,203.2,100.9,small,,,8,1028,823,5,2026-04-16 02:34:40.166296+00,
Lynchburg,VA,Virginia,United States,South,2026,5147672,78993,37.3990161,-79.1954582,25,7525b07d-fac8-4258-8ab3-346b9a8cd804,43.02,30.7,31.35,11.46,33.76,29.62,22.45,16.1,14.12,19.52,18.71,34.4,20.71,60.73,48.71,12.2,23.28,29.57,18.32,36.81,37,721,273.3,medium,,,31,1028,179,5,2026-04-10 13:26:42.390382+00,
Shakopee,MN,Minnesota,United States,Midwest,2026,2759350,43939,44.7719058,-93.4756989,30,1e6c4405-f1e7-421f-8efa-4165f7f11b85,36.85,34.59,32.52,,,33.56,25.75,21.36,30.57,26.77,32.07,4.84,24.82,45.01,49.19,59.54,26.93,47.25,36.92,36.79,37,218.3,507,small,,,27,1030,824,15,2026-04-10 14:17:40.539131+00,
Camden,ME,Maine,United States,New England,2026,2309690,3850,44.2137709,-69.0684627,25,fb58c9e3-e9b9-418b-a4e2-8d26818d1da4,41.9,41.53,14.1,,,27.82,40.59,13.83,,33.66,25.3,14.44,26.7,51.98,42.09,,,42.09,,36.78,37,60.4,12.9,small,,,25,1031,825,25,2026-04-14 05:26:40.056037+00,
Lincoln City,OR,Oregon,United States,Pacific,2026,4142600,9815,44.9778813,-124.0060541,25,24984721-075d-432c-97f0-0c9ae13a30ea,40.36,36.88,13.76,18.9,,24.52,15.95,28.77,29.6,17.99,20.08,16.98,21.35,66.79,57.49,13.78,5.97,29.31,,36.78,37,159.9,46.1,small,,,16,1031,825,13,2026-04-08 01:25:40.765481+00,
Los Gatos,CA,California,United States,Pacific,2026,644112,33555,37.2299443,-121.9568744,25,0cb61f88-e293-469d-ac1c-590fd8e37414,38.12,32.29,39.84,,,36.07,28.58,29.2,11.61,30.73,32.25,30.05,26.6,48.86,54.32,14.84,26.99,33.67,11.91,36.76,37,239,64.2,small,,,137,1033,827,107,2026-04-09 06:43:40.721706+00,
Awendaw,SC,South Carolina,United States,South,2026,4503385,1401,32.9678849,-79.6547555,30,31025989-ef55-4637-9592-bd318c213e35,52.44,44.49,16.37,,,30.43,,,,,,,,28.14,19.39,,,19.39,,36.73,37,28.2,80.9,small,,,3,1034,828,3,2026-04-13 20:48:41.746032+00,
Redondo Beach,CA,California,United States,Pacific,2026,660018,71576,33.8495382,-118.400755,25,0b4dba22-e66b-4d4e-b2c9-4f91a3dff168,40.99,26.11,45.82,,,35.97,30.75,39.89,,30.24,28.89,8.26,27.03,67.09,50.9,11.91,23.14,30.31,3.98,36.72,37,179.4,113.5,medium,,,138,1035,180,29,2026-04-09 07:24:41.823675+00,
Huntington Park,CA,California,United States,Pacific,2026,636056,54883,33.9814,-118.2248,25,618f90b1-609a-4958-9edd-94e060180a65,32.53,25.56,46,,,35.78,15.45,39.37,13.02,11.1,14.84,24.28,18.09,70.02,34.68,,,34.68,,36.7,37,73,46.8,medium,,,139,1036,181,30,2026-04-10 21:00:40.706342+00,
Ridge Manor,FL,Florida,United States,South,2026,1260325,4743,28.4929477,-82.1895507,30,42478bbd-3067-414d-89c9-0a18309059d8,46.42,41.11,,,,41.11,,,,31.06,,,31.06,17.82,42.53,27.78,,35.65,,36.69,37,8.4,104.4,small,,,18,1037,829,11,2026-04-09 19:13:40.812686+00,
Lakewood,OH,Ohio,United States,Midwest,2026,3941664,50942,41.4832577,-81.801143,25,d4c8d648-6c9f-4586-baf5-7069250b6ceb,32.49,26.32,43.43,7.97,,31.51,17.24,32.12,,17.26,13.15,28.63,19.96,66.29,47.95,,14.83,35.21,45.85,36.69,37,169.9,54.4,medium,,,51,1037,182,7,2026-04-10 13:19:44.40952+00,
Fairfield,CA,California,United States,Pacific,2026,623182,119881,38.2620602,-122.032386,25,ff17d8d7-e9fe-4303-a450-f46339cb36e5,42.86,32.09,38.19,36.02,,35.25,15.25,100,25.82,12.86,22.57,6.61,26.13,42.49,54.31,40.81,12.06,39.02,19.53,36.67,37,698.6,222.5,medium,,,140,1039,183,31,2026-04-09 06:19:41.925654+00,
Palm Desert,CA,California,United States,Pacific,2026,655184,51163,33.7376353,-116.3641448,25,ba777ce9-82a8-4785-890a-1c4e0b625bfb,45.17,39.91,19.22,30.24,27.02,29.12,11.35,16.96,,13.17,24.86,,17.69,41.21,31.26,40.76,29.44,34.13,,36.65,37,556.5,138.7,medium,,,141,1040,184,32,2026-04-09 07:17:40.278235+00,
Saratoga,CA,California,United States,Pacific,2026,670280,31051,37.2683263,-122.0262197,25,440dc314-b61d-4d6f-b6b0-ff87974c48ef,44.96,39.06,45.95,27.02,,40.57,5.87,27.65,,34.67,38.7,20.16,25.13,41.63,65.06,,34.23,53.2,8.18,36.65,37,292.7,54.7,small,,,141,1040,830,108,2026-04-09 08:48:41.117913+00,
Cleveland,TN,Tennessee,United States,South,2026,4715400,47975,35.1800438,-84.8712876,25,a06b12f2-0bc7-4aff-8e06-667357a7e664,46.58,35.7,30.64,29.72,40.1,34.21,22.72,18.84,18.09,18.37,14.91,21.9,18.9,53.4,35.88,,47.85,40.48,,36.65,37,516.8,165.1,small,,,9,1040,830,6,2026-04-07 00:55:40.487529+00,
Steubenville,OH,Ohio,United States,Midwest,2026,3974608,18161,40.3663098,-80.6570612,25,4fa67b83-23be-4cbd-9bf3-93c9a6a43f11,35.58,29.17,32.85,54.96,39.42,35.09,14.92,13.32,27.68,13.29,24.83,26.87,21.42,50.06,49.55,,,49.55,,36.63,37,135.5,61.3,small,,,52,1043,832,44,2026-04-10 13:19:40.202871+00,
Schaumburg,IL,Illinois,United States,Midwest,2026,1768003,78779,42.0288995,-88.0837735,30,1da2af0a-57f8-4cdd-99bc-acd69321b6a3,36.09,31.72,32.29,24.84,30.46,30.98,19.37,27.9,,20.21,30.19,,24.97,47.66,58.05,44.32,14.16,42.27,41.68,36.62,37,144.3,516.5,medium,,,12,1044,185,5,2026-04-08 22:53:40.88363+00,
Greenville,OH,Ohio,United States,Midwest,2026,3932340,12786,40.1047085,-84.6214501,25,2aa6cef4-4992-4076-b0b9-321016bac6d4,33.42,33.88,22.63,,,28.26,,,31.61,,17.18,83.33,38.53,45.14,58.25,,,58.25,,36.62,37,126.6,43.8,small,,,53,1044,833,45,2026-04-10 13:01:40.427681+00,
Watsonville,CA,California,United States,Pacific,2026,683668,52590,36.9235873,-121.7723952,25,ee335779-f06e-448c-a3a4-bafcfbf0430d,30.76,26.51,46.19,9.61,,33.01,22.41,25.24,28.93,23.74,42.46,33.27,30.77,61.49,65.49,,5.2,42.3,9.44,36.55,37,179.3,66.3,medium,,,143,1046,186,33,2026-04-09 07:59:40.822341+00,
Canton,GA,Georgia,United States,South,2026,1312988,32998,34.2472008,-84.4907229,30,838e42e1-116f-42d3-a3e2-4983493aa2a0,50.34,33.76,19.45,,,26.61,32.43,0,38.4,3.01,20.61,,23.08,30.6,31.51,,,31.51,,36.54,37,22.3,335.9,small,,,19,1047,834,17,2026-04-09 21:11:40.609277+00,
Los Altos,CA,California,United States,Pacific,2026,643280,31625,37.3684313,-122.09657,25,85e15df5-35fe-4274-b7f7-2dd22e240ca1,40.64,31.33,42.47,,,36.9,24.66,18.19,,5.47,16.13,31.11,20,43.71,60.88,,20.62,45.4,,36.52,37,194.2,61.5,small,,,144,1048,835,109,2026-04-09 06:21:41.06637+00,
Lakeview,OR,Oregon,United States,Pacific,2026,4140700,2475,42.1887,-120.3448,25,3570a924-0e5f-4ded-aac0-a3309e47a922,49.2,45.83,28.57,,,37.2,,,31.35,37.41,15.64,37.41,27.9,39.59,27.58,,36.48,31,,36.46,36,35.6,11.4,small,,,17,1049,836,14,2026-04-14 07:34:40.676504+00,
North Conway,NH,New Hampshire,United States,New England,2026,3353860,2116,44.0357185,-71.1172323,30,3d219a8e-4919-4294-821c-80b6a90807d6,42.93,37.94,41.59,,,39.77,,,28.31,12.4,12.96,22.8,19.37,57.19,46.49,14.42,26.86,30.36,26.86,36.45,36,53.8,61,small,,,8,1050,837,8,2026-04-14 07:26:40.434008+00,
Firthcliffe,NY,New York,United States,Mid-Atlantic,2026,3625857,5022,41.4420482,-74.0330718,20,10518adc-a446-4a7c-926f-bda944a947b9,38.87,43.6,27.17,,,35.39,33.38,20.44,23.81,8.1,11.26,,20.13,43.4,59.78,,24.96,46.39,,36.45,36,3.2,59.1,small,,,16,1050,837,11,2026-04-10 06:11:40.30566+00,
Suffolk,VA,Virginia,United States,South,2026,5176432,94308,36.6971573,-76.6347808,25,6e50abfa-fefa-4873-bcd4-a773d11fdf76,45.48,33.55,24.88,16.62,15.07,25.13,18.19,17.91,19.9,20.32,24.17,8.83,18.81,46.1,46.83,12.32,27,29.79,,36.44,36,1291.9,824.6,medium,,,32,1052,187,6,2026-04-10 12:24:40.866315+00,
Raynham Center,MA,Massachusetts,United States,New England,2026,2556095,4365,41.93048,-71.0462145,25,2a313742-9ff2-48e5-a0c1-458bcfe754b5,46.45,51.9,36.02,,,43.96,,8.06,,,,16.91,13.37,19.41,40.03,,,40.03,,36.41,36,0.1,52.3,small,,,27,1053,839,26,2026-04-11 00:04:40.727752+00,
Ferguson,MO,Missouri,United States,Midwest,2026,2923986,18527,38.7448,-90.3048,25,97ea9ded-3695-4b80-8942-68d2d6505fc4,45.7,35.64,33.47,28.36,,33.78,5.51,,,22.7,15.57,,13.21,51.08,37.49,,,37.49,40.11,36.39,36,150.2,31,small,,,20,1054,840,13,2026-04-14 02:53:40.004176+00,
Hermitage,PA,Pennsylvania,United States,Mid-Atlantic,2026,4234064,16230,41.2295517,-80.440704,25,9b78b3f9-0e82-4c73-ae7c-ea60445d1dc4,50.17,35.32,11.2,3.62,,20.81,30.28,8.99,13.09,13.57,25.76,,20.44,56.63,24.06,,,24.06,,36.39,36,242.3,100.5,small,,,61,1054,840,53,2026-04-10 10:47:40.322801+00,
Mukwonago,WI,Wisconsin,United States,Midwest,2026,5555050,8262,42.8529881,-88.3206263,25,d9e7ccdb-0ffe-4a9b-80f8-8c0b9b9fbafa,46.88,37.52,25.85,,,31.69,,,10.78,,12.16,,11.55,53.9,44.96,,,44.96,19.99,36.32,36,96.9,36.4,small,,,81,1056,842,71,2026-04-09 11:39:40.133951+00,
Grand Island,NE,Nebraska,United States,Midwest,2026,3119595,53134,40.9213523,-98.3585586,25,5586b042-1287-4bd8-9d02-7163bd00bf2e,39.44,27.43,44.03,11.12,,32.65,30.04,12.23,8.7,22.57,28.06,18.8,21.06,49.3,45.59,41.62,,43.74,,36.31,36,466.7,220.9,medium,,,6,1057,188,3,2026-04-07 02:59:41.330387+00,
Euclid,OH,Ohio,United States,Midwest,2026,3925704,49692,41.5921542,-81.5196781,25,f1895d17-6b15-43e1-8220-3faa07ff47dd,42.99,16.64,47.83,,,32.24,15.46,22.34,17.37,13.27,13.44,5.91,14.37,57.93,57.98,,11.6,40.14,,36.31,36,249.5,74.7,small,,,54,1057,843,46,2026-04-10 13:04:40.728171+00,
El Dorado Hills,CA,California,United States,Pacific,2026,621880,50547,38.6760816,-121.0476996,25,12cd6bfe-c0df-48bd-a7b0-669be6e46d91,49.14,37.24,26.38,,,31.81,,23.41,,8.31,9.1,37.09,18.35,18.28,54.25,24.61,21.26,35.63,,36.29,36,578.8,127.7,medium,,,145,1059,189,34,2026-04-09 05:40:40.568595+00,
Warren,OH,Ohio,United States,Midwest,2026,3980892,39201,41.2395643,-80.8160147,25,4cea08a6-2a72-4c8e-9f73-3745fc3f2afc,49.68,38.33,33.54,,,35.94,15.85,,31.02,0.18,28.83,,22.13,32.15,39.1,,8.87,27.47,,36.28,36,331,80.1,small,,,55,1060,844,47,2026-04-10 13:38:40.751257+00,
Nantucket,MA,Massachusetts,United States,New England,2026,2543755,10166,41.2714484,-70.0958808,25,a5c155e5-7c5c-4793-8dcb-44d53ddab55f,58.84,46.95,44.64,,,45.8,,,43.39,2.62,4.67,10.24,16.63,14.09,65.62,76.11,,70.52,5.12,36.27,36,168.9,32.8,small,,,28,1061,845,27,2026-04-10 22:57:40.279065+00,
Menasha,WI,Wisconsin,United States,Midwest,2026,5550825,18268,44.2037,-88.4498,25,4d2731d9-2b9f-4095-b461-587c1cb83659,36.72,34.16,26.42,,,30.29,30.35,30.48,,19.83,21.88,,25.49,49.41,47.91,,5.51,31.6,,36.23,36,141.8,48.3,small,,,82,1062,846,72,2026-04-15 16:21:40.870262+00,
Commerce,CA,California,United States,Pacific,2026,614974,12378,33.9945234,-118.1499518,25,da1f5aae-2ed8-4f5d-9888-d830f555e4b4,59.42,19.49,22.79,,,21.14,,,,,,,,50.59,39.28,,,39.28,2.51,36.2,36,64,78.6,small,,,146,1063,847,110,2026-04-09 05:13:40.585255+00,
Sterling Heights,MI,Michigan,United States,Midwest,2026,2676460,134183,42.5812062,-83.0303162,25,912d0e5b-e318-44d2-b484-60260c0107ad,37.76,22.72,37.32,,,30.02,23.73,15.34,24.19,16.62,20.91,29.42,22.42,54.18,51.93,32.93,16.83,36.51,,36.2,36,858.3,211.5,medium,,,91,1063,190,20,2026-04-10 06:27:43.445221+00,
Broken Arrow,OK,Oklahoma,United States,South,2026,4009050,113540,36.0365287,-95.7809963,25,36ad4d3d-a45f-47db-bec6-aab20b350b48,39.29,29.86,34.76,29.19,,31.92,23.66,21.09,16.06,24.16,23.02,29.39,22.63,53.07,51.86,9.75,22.38,29.75,,36.19,36,973.8,382.6,medium,,,10,1065,191,3,2026-04-14 08:27:42.694794+00,
Concord,NY,New York,United States,Mid-Atlantic,2026,3617585,8316,42.5087,-78.6523,20,eb72af4b-8c54-4813-8631-eef6aab7f09c,38.13,38.64,15.86,,,27.25,14.56,,14.56,11.11,20.51,21.14,16.93,44.11,29.62,,22.55,26.9,,36.17,36,51.8,313,small,,,17,1066,848,12,2026-04-14 08:30:40.26844+00,
Columbus,OH,Ohio,United States,Midwest,2026,3918000,905970,39.9839384,-82.9848818,25,80837259-0f34-4c2e-8cd4-2af4c184230b,39.73,28.42,36.16,17.15,15.93,27.5,17.63,23.07,20.49,22.62,25.18,20.69,21.59,49.93,49.26,30.28,17.51,34.68,7.5,36.16,36,4640.5,1530,large,,,56,1067,28,2,2026-04-02 06:07:24.466407+00,
Xenia,OH,Ohio,United States,Midwest,2026,3986772,25447,39.6831333,-83.9408082,25,84a7c72d-e151-4fa8-bee5-6f0a2d2cd561,49.78,31.29,35.86,,,33.58,,21.19,41.89,9.37,31.46,19.52,27.78,32.19,67.27,37.74,21.77,45.56,,36.15,36,237.3,69.3,small,,,57,1068,849,48,2026-04-10 13:35:40.441892+00,
Bristol,CT,Connecticut,United States,New England,2026,908420,60833,41.6815776,-72.9407487,25,3b2a6cfa-ae84-4264-b7ea-42b0b918a65a,37.99,29.96,35.56,,,32.76,19.53,,21.41,16.81,21.67,26.1,21.34,55.95,40.75,,20.5,32.96,,36.14,36,444.8,131.3,medium,,,19,1069,192,4,2026-04-07 03:19:40.261083+00,
Plymouth Meeting,PA,Pennsylvania,United States,Mid-Atlantic,2026,4261688,7452,40.1037,-75.2848,25,61233abf-a70c-415d-bf06-765e438e0bb1,37.19,23.4,31.55,,,27.48,11.11,25.4,,15.57,15.55,9,14.45,56.1,55.53,,,55.53,,36.14,36,48.5,37.8,small,,,62,1069,850,54,2026-04-14 09:19:39.904231+00,
Glendale,CA,California,United States,Pacific,2026,630000,196543,34.1813929,-118.2458301,25,c930fcc7-f541-43b6-ba27-25a2c2d1f269,33.2,26.21,39.57,21.77,,31.5,25.51,15.13,7.08,24.44,39.2,18.66,23.07,66,46.76,,12.28,33.5,3.33,36.13,36,628.7,239.7,medium,,,147,1071,193,35,2026-04-09 09:01:44.922513+00,
Odenton,MD,Maryland,United States,Mid-Atlantic,2026,2458300,42947,39.0661396,-76.6937879,30,54947e52-2b59-4381-b1b7-b16f116c55ab,43.75,33.75,39.33,,,36.54,32.73,35.86,48.64,25.89,39.92,,38.15,38.26,61.74,29.47,20.32,40.09,2.54,36.13,36,65.4,269.6,small,,,20,1071,851,16,2026-04-10 00:07:40.895383+00,
St. Charles,MO,Missouri,United States,Midwest,2026,2964082,70524,38.7957023,-90.5153643,25,851b25e5-9643-4ccb-aa50-cb489ee0426d,45.72,34.25,40.04,,40.09,37.8,18.62,1.39,64.69,12.46,21.97,27.16,27.61,43.96,36.88,40.79,18.33,33.61,,36.13,36,577.2,182.4,medium,,,21,1071,193,6,2026-05-08 21:53:57.076724+00,
McClellanville,SC,South Carolina,United States,South,2026,4543585,605,33.0887,-79.4623,30,1306a2b5-cf14-4131-bce6-ba20160de71b,53.29,41.78,22.25,,,32.02,,,,,,,,32.96,27.38,,,27.38,,36.13,36,2.7,34.1,small,,,4,1071,851,4,2026-05-08 21:54:01.928536+00,
Collingswood,NJ,New Jersey,United States,Mid-Atlantic,2026,3414260,14186,39.9152748,-75.0783915,25,c835c990-3e79-44f3-91b3-ff2fc4e62428,47.42,45.01,53.99,,,49.5,,,,42.77,1.68,,13.42,36.35,52.37,,40.81,47.92,16.52,36.12,36,67.9,21.1,small,,,41,1075,853,32,2026-04-10 07:33:40.189213+00,
West Whittier-Los Nietos,CA,California,United States,Pacific,2026,684921,25325,33.9831,-118.0781,25,c2f88645-dbda-4840-bf1f-13365ff40a0a,34.49,33.37,40.38,,,36.88,,,,,,,,48.3,21.28,,,21.28,,36.11,36,82.3,33,small,,,148,1076,854,111,2026-05-08 21:53:45.013921+00,
Sun Lakes,AZ,Arizona,United States,Mountain,2026,470530,14868,33.2149546,-111.8699729,25,8bd02957-3f09-4ca4-bcbc-74d5d6e2f82b,37.92,14.61,,,,14.61,16.64,8.37,,10.18,8.37,10.61,11.08,31.9,34.33,,,34.33,,36.1,36,86.5,17.8,small,,,22,1077,855,18,2026-04-08 19:27:41.57747+00,
Arlington,MA,Massachusetts,United States,New England,2026,2501640,46308,42.4187215,-71.1639124,25,c10a9898-7666-4ba1-a671-f4ef0753375f,29.74,22.6,47.25,,,34.93,20.55,30.61,,16.71,17.48,38.55,23.74,64.22,66.74,10.88,,40.67,24.32,36.09,36,214.7,67.2,small,,,29,1078,856,28,2026-04-10 22:37:40.290812+00,
Ashland City,TN,Tennessee,United States,South,2026,4702180,5193,36.2561699,-87.0327412,25,853d8d47-9bd2-4947-9eb0-973b267ecadb,59.81,34.46,12.75,,,23.61,7.89,11.77,21.9,33.87,26.01,34.66,22.22,55.14,14.79,,,14.79,,36.08,36,65.2,34.2,small,,,10,1079,857,7,2026-04-07 00:30:40.537986+00,
Sioux City,IA,Iowa,United States,Midwest,2026,1973335,85801,42.49538,-96.3894948,25,58be8655-2008-4af8-9237-b39e3f5f9086,40.94,28.85,35.81,29.32,26.91,30.95,22.87,14.01,41.37,26.99,29.37,30.93,28.93,58.49,50.97,21.79,13.61,31.42,0.7,36.07,36,829,378.1,medium,,,20,1080,195,9,2026-04-08 21:42:40.880719+00,
South Jordan,UT,Utah,United States,Mountain,2026,4970850,77471,40.5550069,-111.9923367,25,f90d0255-5952-49e4-8590-a6d1009b5710,41.81,33.98,34.94,,,34.46,22.56,23.98,33.1,25.04,30.62,16.56,26.17,46.71,66.74,39.77,9.22,42.92,29.38,36.07,36,650.5,164.6,medium,,,33,1080,195,6,2026-04-11 05:24:54.294251+00,
Camdenton,MO,Missouri,United States,Midwest,2026,2910810,3964,38.0112,-92.7448,25,3d4c1c04-cf89-4131-80fa-4dcc5ae94676,51.5,39.4,17.5,,,28.45,32.34,3.81,,,16.35,26.69,21.34,59.57,23.7,,,23.7,,36.02,36,63.8,20.8,small,,,22,1082,858,14,2026-04-14 02:52:40.72694+00,
Warrensburg,MO,Missouri,United States,Midwest,2026,2977092,19337,38.7637,-93.7348,25,9aa860e7-64c7-497e-930f-6c6ff9e6923f,44.49,36.46,31.04,,54.83,38.43,36.97,4.37,6.84,3.55,10.38,27.12,16.22,51.77,54.71,,3.52,35.02,33.95,36.01,36,156.2,70,small,,,23,1083,859,15,2026-04-14 03:09:39.892528+00,
Colleyville,TX,Texas,United States,South,2026,4815988,26057,32.8914779,-97.1497473,30,741c6f3a-6e07-4aab-965c-2fbeb9d3902e,35.77,37.22,28.75,,,32.99,23.85,28.87,30.51,26.66,29.59,,28.03,38.62,45.36,45.8,,45.57,,36,36,77.6,289.5,small,,,24,1084,860,22,2026-04-09 10:52:40.877788+00,
West Windsor,NJ,New Jersey,United States,Mid-Atlantic,2026,3480240,29518,40.2887,-74.6523,25,1f154325-47c8-431b-b0b3-ed9fb5809fb8,52.02,33.65,24.74,38.97,42.22,32.78,8.03,11.76,,12.41,34.37,36.88,22.68,39.62,51.94,34.79,,43.94,6.44,35.95,36,323.1,124.7,small,,,42,1085,861,33,2026-04-14 08:51:40.128514+00,
Elkins,WV,West Virginia,United States,South,2026,5424580,6945,38.9237192,-79.8542597,25,88938091-67ee-448f-bee3-89cf9afc1afe,35.75,36.99,24.86,25.52,,30.25,37.35,,36.86,15.41,33.69,,33.07,44.46,39.2,,,39.2,,35.95,36,80.4,33.7,small,,,9,1085,861,9,2026-03-31 03:55:40.397062+00,
Auburn,WA,Washington,United States,Pacific,2026,5303180,87256,47.303773,-122.2100001,25,92f0ce74-1a39-4fc0-8f5a-99f54320c057,40.77,25.7,34.3,5.35,52.3,32,26.81,15.64,8.67,7.82,26.86,28.04,20.36,49.5,64.17,0.32,19.59,30.68,7.92,35.94,36,423.4,218.5,medium,,,33,1087,197,5,2026-04-09 17:19:41.527072+00,
Sun Valley,NV,Nevada,United States,Mountain,2026,3271600,21178,39.6103173,-119.7771175,25,f07f9d61-1921-43e9-87e4-f46ddbc93cb3,46.91,41.89,23.65,,,32.77,22.79,23.81,,19.97,16.44,,20.07,46.19,52.53,,25.66,42.2,,35.91,36,130.7,37.6,small,,,9,1088,863,8,2026-04-14 07:38:40.499565+00,
Peters,PA,Pennsylvania,United States,Mid-Atlantic,2026,4259608,22946,40.2729319,-80.0816286,25,f6cd7c31-498f-4041-8f0a-7b19eb65d5c1,47.15,39.86,34.35,,,37.11,21.99,32.96,,22.59,32.17,31.91,28.48,36.22,37.2,38.2,,37.67,,35.91,36,287.1,83,small,,,63,1088,863,55,2026-04-10 10:10:40.323111+00,
Watertown,SD,South Dakota,United States,Midwest,2026,4669300,22655,44.9091876,-97.1556848,25,c974767d-49f3-421b-90f2-9a19c7628a74,40.5,27.12,33.09,,27.14,29.45,20.04,0.2,19.24,20.79,6.28,15.23,13.81,54.4,58.31,19.07,13.5,33.37,,35.91,36,293.9,125.3,small,,,10,1088,863,9,2026-03-31 22:38:40.844432+00,
Cornish,ME,Maine,United States,New England,2026,2314450,764,43.800122,-70.7951414,25,034f951e-3f97-4d75-9555-6b280a005587,66.47,50.36,,,,50.36,,,,20.68,15.23,,16.79,24.52,43.19,,,43.19,,35.89,36,13.3,12.5,small,,,26,1091,866,26,2026-04-14 06:17:40.341064+00,
Monroe,MI,Michigan,United States,Midwest,2026,2655020,20462,41.9165856,-83.3843237,25,69077a6f-f8a2-48d9-8d8b-0421d1812ec6,47.52,36.24,43.25,,,39.75,13.99,,27.67,23.3,11.64,3.05,15.59,42.87,64.4,1.79,,35.18,19.07,35.89,36,165.5,40.7,small,,,92,1091,866,71,2026-04-10 04:17:40.775657+00,
Nashville,TN,Tennessee,United States,South,2026,4752006,689418,36.1718001,-86.7850016,25,5d815e71-cb85-479e-94f2-5ef82aedac12,40.48,30.48,35.46,22.05,35.95,32.47,16.19,16.68,18.51,14.13,27.27,24.53,20.52,49.35,44.08,46.97,20.2,39.12,13.24,35.89,36,5066.3,1934.6,large,,,11,1091,29,1,2026-04-02 10:01:23.045466+00,
Monroe,LA,Louisiana,United States,South,2026,2251410,47695,32.5189855,-92.0771796,25,86d7532b-8614-45da-9fe5-42c67537eb5e,52.93,30.12,40.56,5.57,32.66,31.83,17.94,18.92,12.47,7.5,23.07,41.49,20.72,30.69,41.18,,2.11,26.15,40.25,35.87,36,555.3,187.7,small,,,5,1094,868,5,2026-04-14 05:19:40.237745+00,
York,PA,Pennsylvania,United States,Mid-Atlantic,2026,4287048,44800,39.9647979,-76.7318403,25,7981b0b6-09c4-498e-af48-756623794e59,46.24,31.12,52.38,25.69,,39.74,20.89,,25.53,0.6,23.89,20.64,20.46,61.61,60.82,,18.66,44.6,3.29,35.86,36,167.7,55.8,small,,,64,1095,869,56,2026-04-10 11:17:42.557333+00,
Gadsden,AL,Alabama,United States,South,2026,128696,33948,34.0065967,-86.0160783,25,04fd1a39-e1be-4089-b74a-b9db72621e9f,50.89,38.89,43.31,47.09,,41.85,10.77,4.94,21.16,13.42,15.25,,14.16,35.15,27.78,,,27.78,3.3,35.85,36,651.6,152.1,small,,,20,1096,870,16,2026-04-06 23:21:58.384755+00,
Charleston,WV,West Virginia,United States,South,2026,5414600,48850,38.3486917,-81.632324,25,0bafba1a-9749-467e-9f29-bcccd6b67832,51.03,32.52,45.33,1.28,45.27,36.43,19.97,11.61,33.14,30.5,29.14,13.43,24.13,50.94,46.34,7.4,18.13,25.66,1.14,35.84,36,562,207.4,small,,,10,1097,871,10,2026-03-31 04:24:49.923429+00,
Glen Allen,VA,Virginia,United States,South,2026,5131200,16187,37.6658728,-77.484349,25,2bbe3015-07d3-4373-beec-e80b4cfb3746,45.81,36.67,10.62,,,23.65,16.15,27.92,,12.86,35.56,21.55,24.29,43.62,30.57,,,30.57,,35.82,36,151.9,64.9,small,,,33,1098,872,27,2026-04-10 11:59:40.447368+00,
Charlotte,NC,North Carolina,United States,South,2026,3712000,875391,35.2090447,-80.8309902,25,0b568bcc-6c40-4be4-9b76-2b31856bb5c4,42.54,30.3,33.64,22.32,22.78,29.17,17.19,17.17,21.81,16.89,28.82,26.3,22.36,49.25,50.9,38.22,14.28,37.31,18.32,35.79,36,6120.3,1929.9,large,,,10,1099,30,1,2026-04-07 10:23:00.428825+00,
South Bend,IN,Indiana,United States,Midwest,2026,1871000,103452,41.6766433,-86.2688089,30,e2f2ed0f-1e97-4bf4-a184-5f676876b462,41.29,27.05,43.93,21.91,27.69,32.57,23.78,25.25,36.26,16.55,23.34,31.24,26.71,58.2,50.84,41.16,21.79,40.19,1.87,35.77,36,761.3,425,medium,,,12,1100,198,4,2026-04-09 08:18:47.881504+00,
Bay Village,OH,Ohio,United States,Midwest,2026,3904416,16163,41.487771,-81.9288906,25,1bb1d554-18fc-4356-ac9b-2668521cbee9,51.75,44.24,33.42,,,38.83,,,,27.44,24.32,,25.21,28.08,44.04,,15.24,32.96,,35.76,36,108.1,34.8,small,,,58,1101,873,49,2026-04-10 12:08:40.188566+00,
Fort Mill,SC,South Carolina,United States,South,2026,4526890,24521,35.0087,-80.9423,30,e73b0559-df21-4ffe-af5e-b2f9bec44c2d,47.34,33.78,35.41,,,34.6,,9.52,11.33,16.37,13.11,51.83,19.88,33.9,46.71,70.44,,57.78,,35.76,36,130,249.5,small,,,5,1101,873,5,2026-04-13 21:11:40.685837+00,
Kingwood,WV,West Virginia,United States,South,2026,5444044,2980,39.4719533,-79.6822496,25,3aec6872-bcee-4430-96dc-3096bd9f14ca,51.69,51.15,38.92,,,45.04,,,14.38,,12.3,,13.22,35.18,38.85,,,38.85,,35.76,36,47.1,7.8,small,,,11,1101,873,11,2026-03-31 03:58:40.80642+00,
Long Beach,CA,California,United States,Pacific,2026,643000,466722,33.7807912,-118.1681803,25,220fd252-b848-4418-8bdb-f4e3e0d80b54,35.45,24.64,44.66,5.17,21.87,29.15,24.41,24.88,13.19,28.1,35.74,33.14,26.72,65.19,47.82,15.68,9.48,26.99,17.82,35.75,36,1290,614.8,large,,,149,1104,31,3,2026-03-31 04:52:55.201763+00,
Land O' Lakes,FL,Florida,United States,South,2026,1239200,35897,28.208307,-82.4458423,30,fceddc7d-4705-4572-a96b-3a42018c90c6,39.84,38.05,35.37,,,36.71,16.47,20.67,28.7,20.16,15.92,21.73,20.36,41.36,45.98,,26.31,38.41,,35.75,36,15.4,318.3,small,,,19,1104,876,12,2026-05-08 21:53:46.14377+00,
Woodstock,VA,Virginia,United States,South,2026,5187712,5807,38.8787,-78.5048,25,65639da4-c638-4988-b3ef-401b6b494bf1,41.62,31.45,25.19,,,28.32,25.04,,24.43,7.69,23.91,,22.19,54.99,39.6,,,39.6,,35.75,36,49.4,30.3,small,,,34,1104,876,28,2026-04-14 02:31:40.482811+00,
Pinole,CA,California,United States,Pacific,2026,657288,19022,37.9944,-122.6991,25,b1004632-f2c6-452c-89a4-5ae7318bc941,45.36,32.14,30.91,,,31.53,26.97,,,23.06,20.97,20.01,22.78,51.56,49.42,,3.59,31.79,,35.74,36,91.5,33.7,small,,,150,1107,878,112,2026-04-10 22:13:40.147083+00,
Merritt Island,FL,Florida,United States,South,2026,1244275,34512,28.3356,-80.6703,30,7c7dcf25-0826-4175-ace7-8d3533b2cc37,46.77,36.77,29.28,,,33.03,20.55,1.97,,10.21,19.25,,15.6,37.28,34.68,31.03,,32.98,,35.74,36,49.5,370.8,small,,,20,1107,878,13,2026-04-14 04:38:40.507609+00,
Queen Creek,AZ,Arizona,United States,Mountain,2026,458150,60000,33.2394246,-111.6133191,25,73e13d22-2ef2-449c-ac35-99efb2fcd488,46.18,33.4,31.01,,11.08,27.51,26.35,29.8,41.12,14.4,28.41,5.68,25.87,35.34,69.06,33.34,19.56,44.18,3.62,35.73,36,760.8,171.3,medium,,,23,1109,199,4,2026-04-08 19:37:41.409288+00,
Clarksville,MD,Maryland,United States,Mid-Atlantic,2026,2490420,73240,39.1923,-76.9498,30,9afaf414-bc38-482c-9b03-86b1382b1dfb,40.49,31.02,38.71,19.84,17.21,29.83,15.64,20.8,19.85,17.53,31.04,8.42,19.95,45.07,58.88,37.79,11.23,39.59,10.9,35.72,36,172.8,594.2,medium,,,21,1110,200,4,2026-04-11 00:13:40.38083+00,
Billings,MT,Montana,United States,Mountain,2026,3006550,117151,45.7885384,-108.5524749,25,feb6fc3c-22de-433c-a994-a11e92dcc970,34.77,25.21,34.12,,16.03,26.64,23,16.79,31.21,17.81,18.53,25.41,22.75,54.22,58.29,27.5,15.26,36.76,25.24,35.72,36,1057.8,344.3,medium,,,15,1110,200,4,2026-04-14 07:05:43.536677+00,
Bothell,WA,Washington,United States,Pacific,2026,5307380,48161,47.7735313,-122.2043759,25,983a0110-2c7e-42f9-a96f-83501f9789d7,37.39,27.97,40.95,5.98,34.49,31.62,26.31,28.76,,18.53,21.68,30.09,24.91,49.27,58.85,11.77,,36.88,,35.69,36,312.3,131.1,small,,,34,1112,880,28,2026-04-09 17:00:53.453394+00,
Kirkland,WA,Washington,United States,Pacific,2026,5335940,92175,47.6966579,-122.2041702,25,d9bb0a20-815a-4054-8773-f08d173a05b5,34.33,27.72,42.96,20.28,16.09,29.98,25.38,35.99,7.95,14.33,28.4,19.17,21.67,56.17,64.15,21.22,16.37,37.18,19.1,35.69,36,533.8,171,medium,,,34,1112,202,6,2026-04-09 18:18:44.665512+00,
Bee Cave,TX,Texas,United States,South,2026,4807156,9144,30.3076835,-97.9625908,30,b3dc633a-cf86-4c48-9348-115690c13cb2,49.38,41.87,17.7,,,29.79,32.77,31.18,,34.04,14.27,5.88,21.91,50.84,29.29,,,29.29,,35.68,36,25.8,79.9,small,,,25,1114,881,23,2026-04-09 07:58:40.676356+00,
Foley,AL,Alabama,United States,South,2026,126992,20487,30.3970682,-87.66846,25,acdc3dc0-b96e-4689-8a92-dab5749af850,45.43,38.73,29.08,,,33.91,13.74,27.53,39.36,12.91,25.75,,24.83,42.66,23.48,,,23.48,,35.67,36,368.2,123.9,small,,,21,1115,882,17,2026-04-06 23:37:40.570971+00,
Lathrop,CA,California,United States,Pacific,2026,640704,28701,37.8227,-121.2764,25,c34fda32-83eb-4c53-b15c-cb0a8c40b7e6,57.77,25.6,31.48,,,28.54,42.32,1.51,,18.67,30.45,,27.84,33.27,65.69,,0.66,40.68,0.91,35.67,36,279.4,112.4,small,,,151,1115,882,113,2026-04-10 21:37:40.192801+00,
Austin,TX,Texas,United States,South,2026,4805000,962057,30.2986219,-97.7541339,25,e83115a9-b8b7-4396-9c66-7dad34e2dd5a,35.9,27.43,33.89,19.35,24.38,28.27,23.09,24.35,16.53,22.11,29.64,24.43,23.64,56.41,54.79,35.4,15.25,38.12,15.16,35.66,36,5597.6,2464.7,large,,,26,1117,32,1,2026-04-07 04:31:51.039068+00,
Olympia,WA,Washington,United States,Pacific,2026,5351300,55605,47.0406042,-122.8950005,25,3c73e0b0-2bbd-40fe-8b8b-6adb0965e1fb,42.18,31.74,34.97,14.95,20.67,28.98,31.15,24.75,19.84,12.3,36.89,22.23,26.46,57.96,65.09,21.76,14.65,37.31,7.93,35.66,36,422,171.2,medium,,,36,1117,203,7,2026-04-09 18:26:43.310556+00,
Lisbon,OH,Ohio,United States,Midwest,2026,3944030,2597,40.7751343,-80.7627707,25,140f69cb-2082-427e-bd2b-e316a7e664e3,52.07,28.18,27.68,,,27.93,35.04,,,28.8,30.15,,31.68,42.35,28.13,,,28.13,,35.65,36,34.6,11,small,,,59,1119,884,50,2026-04-10 11:51:40.519294+00,
Westfield,MA,Massachusetts,United States,New England,2026,2576030,40834,42.1388377,-72.7559114,25,cdb05969-08ef-4a8e-96dc-6a5f5e7b25a0,42.26,34.65,27.64,,37.7,32.6,12.44,22.23,29.87,22.21,24.58,26.03,22.96,40.9,57.06,39.02,17.46,40.85,16,35.63,36,355.8,181.8,small,,,30,1120,885,29,2026-04-11 00:18:40.971969+00,
Mountlake Terrace,WA,Washington,United States,Pacific,2026,5347490,21286,47.7943292,-122.3026073,25,4d312473-95c5-44d1-a61b-b7f85c663bd2,31.54,26.38,39.27,,,32.83,16.65,10.6,,13.57,18.94,21.84,17.2,53.88,63.6,,,63.6,20.37,35.61,36,116.3,51.5,small,,,37,1121,886,29,2026-04-09 17:36:40.344429+00,
East Pasadena,CA,California,United States,Pacific,2026,620984,6021,34.1417,-118.0761,25,3d76bf3d-0b89-43e1-9f9e-2dc657a0b829,53.91,43.31,,,,43.31,,,,7.62,10.69,,9.81,60.81,20.67,,,20.67,,35.59,36,33.6,16,small,,,152,1122,887,114,2026-04-10 21:18:42.369158+00,
Easton,PA,Pennsylvania,United States,Mid-Atlantic,2026,4221648,28127,40.6859711,-75.2185477,25,eea8f253-60d2-4902-84a9-e62fe35e698c,45.85,34.16,40.45,25.2,18.38,32.31,10.95,15.2,,22,28.25,43.04,24.29,66.41,66.27,0.34,9.43,28.98,6.09,35.57,36,135.6,57,small,,,65,1123,888,57,2026-04-10 09:32:44.608392+00,
Pleasant Hill,CA,California,United States,Pacific,2026,657764,34613,37.9541635,-122.0757723,25,03346386-3af9-4212-a0ef-b79e9848debc,37.76,28.03,43.99,28.89,32.51,34.6,12.61,27.85,,16.92,31.23,33.44,24.78,56.04,58.28,57.49,12.06,46.45,13.46,35.56,36,221.1,63,small,,,153,1124,889,115,2026-04-09 06:52:40.774793+00,
Doylestown,PA,Pennsylvania,United States,Mid-Atlantic,2026,4219784,8300,40.3141965,-75.1276974,25,e9abb254-8a71-45fa-8b47-21040164f506,36.68,33.16,28.76,,,30.96,46.47,29.98,21.83,10.81,34.98,42.69,32.89,60.17,46.91,,4.45,30.58,24.61,35.56,36,56.3,20.9,small,,,66,1124,889,58,2026-04-10 10:29:40.945711+00,
Appleton,WI,Wisconsin,United States,Midwest,2026,5502375,75913,44.2788729,-88.3882837,25,7e39748e-beeb-46f0-8e02-ebe9f5489bc8,40.93,31.21,43.34,,11.93,31.64,17.1,23.49,19.13,21.06,30.58,22.8,22.77,59.22,56.66,22.26,1.26,30.77,0.23,35.56,36,641.7,212.6,medium,,,83,1124,204,10,2026-04-09 14:21:44.144358+00,
Aurora,CO,Colorado,United States,Mountain,2026,804000,386280,39.7095369,-104.7205092,25,094998b9-806b-4569-b5b5-56315b5d3d7f,33.71,24.41,39.7,23.55,9.42,26.68,22.97,26.26,13.15,18.85,33.81,23.05,23.65,48.88,62.32,37.82,13.6,41.57,16.28,35.55,36,2494.9,917.6,large,,,26,1127,33,3,2026-03-31 19:28:20.329979+00,
Cookeville,TN,Tennessee,United States,South,2026,4716920,34842,36.1469256,-85.5126534,25,ebc782b4-2bc6-4df0-81cd-c7ec7eecba16,39.8,27.14,25.35,,38.8,29.04,35.76,20.22,9.1,17.24,25.58,31.25,23.8,67.65,39.42,31.28,9.34,29.05,1.67,35.55,36,439.4,183.3,small,,,12,1127,891,8,2026-04-07 00:42:41.039732+00,
Bremerton,WA,Washington,United States,Pacific,2026,5307695,43505,47.5398769,-122.717048,25,ff175d05-2180-4f05-af18-2402aa834388,34.98,28.8,33.92,26.22,2.37,25.05,24.6,14.12,32.6,9.71,31.07,32.13,26.41,57.42,56.49,,23.85,43.94,25.61,35.55,36,273.7,126.9,small,,,38,1127,891,30,2026-04-09 17:12:41.39215+00,
Oak Park,IL,Illinois,United States,Midwest,2026,1754885,54583,41.8871644,-87.7899404,30,218d9341-ca47-43e8-9b20-c9480f6ca8f5,32.85,27.91,48.26,,,38.09,10.12,7.88,31.53,1.72,34.64,36.66,23.45,54.42,54.01,,18.99,40.54,26.2,35.54,36,104.3,129.8,medium,,,13,1130,205,6,2026-04-08 23:20:41.860773+00,
North Hampton,NH,New Hampshire,United States,New England,2026,3354580,4538,42.9862,-70.8273,30,4f8da8da-4908-4fce-a42b-4b1fed5558df,41.28,38.61,20.8,,,29.71,19.81,15,,,27.39,,22.38,50.23,44.61,24.45,,35.2,,35.51,36,31.1,114.1,small,,,9,1131,893,9,2026-04-14 08:48:40.055499+00,
Heber,UT,Utah,United States,Mountain,2026,4934200,17356,40.5416497,-111.3878792,25,857fe667-66e4-4220-920b-bd399f2959e7,39.21,36.61,35.73,,,36.17,31.69,17.26,37.65,14.2,30.81,45.45,31.53,55.04,36.01,49.32,,42.22,9.44,35.51,36,313.6,63.3,small,,,34,1131,893,28,2026-04-11 02:21:41.370463+00,
Woodland,CA,California,United States,Pacific,2026,686328,61032,38.6711605,-121.7500432,25,25c13969-b361-4766-a403-1826c42b74ac,36.87,34.11,41.33,28.37,,36.55,6.86,10.52,25.28,10.34,30.96,6.91,17.29,42.21,57.3,34.99,7.43,37.02,29.71,35.49,35,313.5,118.7,medium,,,154,1133,206,36,2026-04-09 09:15:40.759329+00,
Middletown,CT,Connecticut,United States,New England,2026,947290,47717,41.5486107,-72.6567838,25,2d199add-1c15-472e-9d3e-415731758d36,38.73,32.48,32.76,21.79,34.49,31.91,31.41,12.91,15.23,14.41,19.68,32.26,21.82,55.43,52.79,55.04,12.07,43.4,2.74,35.49,35,479.9,148.2,small,,,20,1133,895,16,2026-04-07 03:23:40.671084+00,
Big Stone Gap,VA,Virginia,United States,South,2026,5107480,5242,36.8627395,-82.7760893,25,4e0adc92-6696-49b7-968c-038e5022f74f,36.62,31.38,13.17,,,22.28,12.03,,22.47,17.82,23.82,30.24,21.3,55.64,34.86,,,34.86,,35.49,35,87,17.4,small,,,35,1133,895,29,2026-04-10 10:35:39.885011+00,
Mayflower Village,CA,California,United States,Pacific,2026,646436,5402,34.1081,-117.9931,25,3798f4af-4ce4-4c00-b0bd-a59ba57a8166,52.04,53.41,12.91,,,33.16,,,,,,,,39.4,12.91,,,12.91,,35.46,35,21.9,5.1,small,,,155,1136,897,116,2026-04-10 21:54:39.885767+00,
Southington,CT,Connecticut,United States,New England,2026,970550,43485,41.5987,-72.8776,25,753e5209-16d8-4d8c-b053-50404a70b0b3,38.97,35.74,28.54,32.92,,32.24,28.82,22.2,16.87,28.35,27.35,16.87,23.56,46.05,42.41,38.43,,40.55,,35.45,35,502.2,156.8,small,,,21,1137,898,17,2026-04-14 04:12:40.45566+00,
Northampton,MA,Massachusetts,United States,New England,2026,2546330,29571,42.3270445,-72.6746304,25,cfead2ce-f2a5-43a6-9e4b-aba7317759e2,33.86,27.05,43.8,38.97,,35.87,19.89,15.8,25.75,20.76,24.37,29.25,23.26,49.45,63.35,34.85,6.78,39.23,21.87,35.44,35,355.4,148.3,small,,,31,1138,899,30,2026-04-10 23:36:40.377823+00,
New Hartford,NY,New York,United States,Mid-Atlantic,2026,3650298,1859,43.0710381,-75.288618,20,d5293097-535d-43c4-9db8-3c7d31ffd5ed,51.26,48.13,27.43,,,37.78,25.68,24.48,,,,,25.28,36.8,28.69,,,28.69,,35.44,35,0.2,17.8,small,,,18,1138,899,13,2026-04-10 06:25:40.565258+00,
Warren,MI,Michigan,United States,Midwest,2026,2684000,139387,42.4929044,-83.0250007,25,a7e8aa6c-4f28-450c-8119-d457b9beb61a,35.55,17.18,41.78,21.35,18.37,26.45,14.36,13.54,17.86,18.84,27.19,29.24,20.87,59.49,39.61,,11.17,28.67,,35.43,35,812.3,232.3,medium,,,93,1140,207,21,2026-04-10 04:23:41.272867+00,
Corry,PA,Pennsylvania,United States,Mid-Atlantic,2026,4216296,6210,41.9237,-79.6448,25,946000f8-cbe3-4f86-8249-c6e1f94edffa,45.48,42.84,24.79,,,33.82,,21.91,10.71,4.91,20.11,35.6,18.99,58.43,25.59,,,25.59,,35.43,35,73.6,27.3,small,,,67,1140,901,59,2026-04-14 08:58:44.584118+00,
Waterford,NJ,New Jersey,United States,Mid-Atlantic,2026,3477630,10421,39.7512,-74.9023,25,98c7ce7b-3d95-492c-ba1c-7d00075b751d,42.93,35.89,29.15,,,32.52,,,,,,,,24.39,18.01,66.89,2.63,31.27,24.02,35.4,35,228.8,61.6,small,,,43,1142,902,34,2026-04-14 08:16:40.074822+00,
Roseville,MN,Minnesota,United States,Midwest,2026,2755852,36254,45.0156248,-93.1538072,30,7f60fbd4-b4b4-4a82-8116-5262739171d0,35.24,30.57,29.75,10.88,,27.75,22.81,19.58,,25.7,28.6,35.65,26.98,47.7,55.15,45.14,23.93,43.84,,35.38,35,125.8,326.5,small,,,28,1143,903,16,2026-04-10 13:57:40.739128+00,
Montgomery,AL,Alabama,United States,South,2026,151000,200603,32.3485029,-86.2673072,25,aecaea7d-ecca-487c-bd5f-f55ccf8fb3f9,48.6,35.26,37.14,22.36,25.68,32.71,17.15,13.6,23.01,16.84,26.58,15.1,19.99,37.06,37.68,,27.27,33.68,4.91,35.37,35,1980.3,533.2,medium,,,22,1144,208,5,2026-04-07 00:25:44.12716+00,
Putnam,CT,Connecticut,United States,New England,2026,962710,9224,41.9080271,-71.8704519,25,062edc2c-a93d-419c-b701-08aba4dcfa17,42.47,24.66,22.92,,,23.79,15.25,,29.51,14.35,14.01,,18.52,36.52,67.21,,9.41,44.98,,35.37,35,125.3,69.7,small,,,22,1144,904,18,2026-04-07 03:05:40.532307+00,
Springfield,OH,Ohio,United States,Midwest,2026,3974118,58687,39.9289081,-83.7942411,25,72be74a3-4aa8-4ce8-9a1f-a717d588bd6f,42.01,27.24,47.66,52.74,19.23,35.34,1.33,,9.76,18.51,23.34,,13.21,52.24,36.24,26.41,,31.65,,35.37,35,508.9,161.5,medium,,,60,1144,208,8,2026-04-10 13:35:40.786544+00,
Sugar Hill,GA,Georgia,United States,South,2026,1374180,25076,34.0859619,-84.03397,30,d18b4301-98de-465a-892b-9f2bb5e3639a,49.14,32.83,22,,,27.42,6.35,18,,0,10.01,17.67,10.28,28.58,50.68,,26.66,41.44,,35.33,35,24.9,210.1,small,,,20,1147,905,18,2026-04-09 22:04:39.921268+00,
Sierra Vista,AZ,Arizona,United States,Mountain,2026,466820,45308,31.5654097,-110.3145084,25,32785982-e647-486c-94c1-bf52cc601e84,45.81,32.5,26.07,21.77,,28.35,25.5,41.5,15.62,4.25,21.05,27.77,22.23,51.87,39.85,52.8,23.86,40.39,7.57,35.32,35,583.3,168.7,small,,,24,1148,906,19,2026-04-08 19:30:40.967486+00,
Perry,GA,Georgia,United States,South,2026,1360340,20659,32.4582,-83.7313,30,36acdd46-d433-4075-b8f1-ab378def0730,43.93,33.08,34.31,,,33.7,25.12,,12.34,0.94,17.23,,15.86,30.59,31.27,,,31.27,,35.31,35,32.6,397.8,small,,,21,1149,907,19,2026-04-14 03:58:40.224149+00,
Hillsboro,OR,Oregon,United States,Pacific,2026,4134100,106527,45.5267977,-122.9353955,25,fb1ae67e-6a60-4a28-939e-0fbd78273791,32.57,25.79,36.41,31.74,33.52,31.65,28.11,19.72,31.38,13.39,26.99,34.66,27.16,49.12,67.57,6.32,17.35,33.58,26.65,35.31,35,621.4,244.5,medium,,,18,1149,210,3,2026-04-08 04:03:53.552044+00,
Starkville,MS,Mississippi,United States,South,2026,2870240,25350,33.463261,-88.8277965,25,4c1bcd4f-aa7c-45a7-a439-8129045e9bb1,40.37,33.77,20.68,,51.14,32.54,28.9,11.47,34.73,5.18,27.32,24.72,24.93,52.51,31.12,,6.89,21.8,,35.27,35,275,124.9,small,,,7,1151,908,6,2026-04-13 21:00:40.988608+00,
Hanover,NH,New Hampshire,United States,New England,2026,3333780,9078,43.7115903,-72.2731437,30,99759ad0-cfa3-4b85-993e-4bf56fd854dc,44.2,18.81,31,22.87,68.95,33.51,33.45,24.14,,20.51,24.06,35,28.03,29.35,64.34,,9.12,43.1,,35.27,35,39.4,53,small,,,10,1151,908,10,2026-04-14 06:36:44.223554+00,
Joshua,TX,Texas,United States,South,2026,4838080,7854,32.4590908,-97.3838165,30,6d7961d0-49d6-4847-803b-c259bb845ba0,46.1,30.51,40.61,,,35.56,,11.36,,19.08,14.66,,14.91,59.8,22.9,,,22.9,,35.21,35,48.3,82.9,small,,,27,1153,910,24,2026-04-09 10:19:40.493027+00,
Highland Park,IL,Illinois,United States,Midwest,2026,1734722,30176,42.1823717,-87.8108445,25,11669006-d5e8-4038-9783-7ff57a7ef784,43.9,32.35,38.59,,,35.47,17.6,5.6,16.48,10.37,19.15,14.91,15.44,39.31,67.42,0.01,21.45,32.33,32.9,35.19,35,253.1,80.7,small,,,14,1154,911,8,2026-04-08 22:51:42.913609+00,
West Springfield,VA,Virginia,United States,South,2026,5184976,23369,38.775195,-77.2246521,25,8de1a9a5-1f11-407d-85c9-dce20c9014e1,44.53,33.45,36.36,,,34.91,17,17.59,,15.32,17.56,,17.05,30.59,61.39,,25.83,47.71,,35.17,35,131.3,33.8,small,,,36,1155,912,30,2026-04-10 11:57:40.349187+00,
Rhinelander,WI,Wisconsin,United States,Midwest,2026,5567200,8285,45.6342832,-89.4299468,25,eb086f16-a21a-4ac1-b273-36ca7afe538e,37.43,29.03,38.53,,,33.78,15.97,20.41,0.91,9.23,22.36,,14.04,53.71,43.16,,33.46,39.43,,35.17,35,104.7,35.8,small,,,84,1155,912,73,2026-04-09 12:59:40.962737+00,
Tempe,AZ,Arizona,United States,Mountain,2026,473000,180587,33.3884143,-111.9317823,25,d91bba8a-577c-4c28-a6f5-04e8aa05aded,28.69,23.52,34.98,17.94,37.45,29.76,33.44,17.46,14.57,21.97,30.96,23.66,24.83,64.41,60.2,12.15,20.89,33.56,26.61,35.13,35,970.5,385.2,medium,,,25,1157,211,5,2026-04-09 00:38:51.233496+00,
Longmont,CO,Colorado,United States,Mountain,2026,845970,98926,40.1681989,-105.1005223,25,c5a7fa71-8fca-4ad1-ba32-d3d620f50a5b,37.86,27.01,31.02,7.79,,26.36,15.37,21.29,23.6,17.43,28.32,22.78,22.16,43.98,58.27,53.49,11.93,45.01,,35.13,35,845.2,235.8,medium,,,27,1157,211,5,2026-04-09 03:47:44.75648+00,
Lacey,WA,Washington,United States,Pacific,2026,5336745,56591,47.0430865,-122.7982318,25,53be3496-519f-46b3-b8d8-147c655346c7,43.26,28.74,27.39,19.64,30.24,27.66,25.31,30.78,29.62,17.53,32.06,16.89,26.37,41.7,60.02,40.25,1.19,38.39,19.43,35.13,35,358.8,135.3,medium,,,39,1157,211,8,2026-04-09 17:06:41.225846+00,
Show Low,AZ,Arizona,United States,Mountain,2026,466470,11733,34.2650528,-110.0383214,25,e6898a06-6853-4b81-9d6d-8feb29dd3d82,46.36,39.86,19.4,11.31,,27.34,12.5,21.19,39.57,7.59,33.3,,25.43,53.26,28,28.97,,28.45,,35.12,35,429.9,79,small,,,26,1160,914,20,2026-04-08 19:34:40.537055+00,
Hilliard,OH,Ohio,United States,Midwest,2026,3935476,37089,40.0337,-83.1573,25,4c1b6885-530a-4833-a705-eb4efe7e3e00,44.51,33.07,37.11,,,35.09,5.06,11.37,30.59,19.95,15.15,21.91,17.34,40.81,53.36,51.08,21.82,44.68,,35.11,35,342.9,88.4,small,,,61,1161,915,51,2026-04-14 09:55:41.031659+00,
Federal Way,WA,Washington,United States,Pacific,2026,5323515,101039,47.311596,-122.3377572,25,42d0afb6-f206-4f07-af1c-466cea980bbc,35.25,21.7,48.12,6.28,8.97,26.86,33.53,32.05,9.91,16.18,30.54,28.58,25.43,49.15,66.47,27.9,10.33,38.94,12.36,35.11,35,506.7,172.1,medium,,,40,1161,214,9,2026-04-09 17:48:41.439966+00,
Everett,WA,Washington,United States,Pacific,2026,5322640,110627,47.9654125,-122.1898945,25,c1d712d4-e5ee-49f5-af11-59e9026fb8b1,33.43,27.93,35.73,36.38,71.11,40.14,20.45,7.41,49.59,15.5,29.7,39.55,29.66,56.44,54.73,47.7,39.1,48.36,7.61,35.1,35,529.9,285.4,medium,,,41,1163,215,10,2026-04-09 17:56:41.485411+00,
Juno Beach,FL,Florida,United States,South,2026,1235850,3858,26.8754568,-80.059625,30,f90611d7-0792-4298-a3a0-ac7a3d163488,45.64,37.6,,,,37.6,34.25,,,47.28,,,38.59,30.16,30.18,,,30.18,,35.08,35,8.4,35.4,small,,,21,1164,916,14,2026-04-09 18:40:40.706379+00,
Waukesha,WI,Wisconsin,United States,Midwest,2026,5584250,71158,43.0090837,-88.2450618,25,4dcd676a-1d0a-4db5-89dd-2644a93e8c9b,46.33,28.68,44,20.5,34.16,34.32,11.05,21.71,27.3,15.56,27.5,,21.5,41.47,56.36,36.24,32.3,43.3,8.88,35.08,35,482.3,194.1,medium,,,85,1164,216,11,2026-04-09 12:53:45.477932+00,
Palm Coast,FL,Florida,United States,South,2026,1254200,89268,29.5368365,-81.242627,30,3e8d12b9-2048-4bfc-a457-e35d1b0ebb2d,40.01,37.89,28.48,50.42,,35.34,39.72,31.43,43.46,29.45,29.45,35.29,35.38,35.96,33.83,37.88,32.47,34.91,,35.07,35,279.1,1292.2,medium,,,22,1166,217,6,2026-04-09 19:06:40.29799+00,
South San Gabriel,CA,California,United States,Pacific,2026,673276,7920,34.0519,-118.0931,25,58989683-2135-4757-908c-d9df5d72340e,42.04,43.85,20.01,,13.25,27.78,,,,,,27.44,27.44,47.81,,,,,,35.06,35,21.6,9.8,small,,,156,1167,917,117,2026-04-10 21:19:40.579435+00,
Logan,UT,Utah,United States,Mountain,2026,4945860,52811,41.7402562,-111.8417642,25,809a1ea5-722a-4a78-b7f7-c2bb6aa9da7d,38.7,23.32,39.67,5.01,,28.18,21.4,8.31,29.71,11.83,26.57,28.9,23.21,56.35,63.52,39.94,14.76,43.08,19.23,35.06,35,382.2,133.7,medium,,,35,1167,218,7,2026-04-11 02:02:41.453558+00,
Middlebury,VT,Vermont,United States,New England,2026,5044350,9152,44.0018997,-73.1190475,25,397a0a53-d36c-46c7-8d4f-bcab50f9164b,45.47,36.56,34.17,,51.49,38.95,9.46,3.96,9.72,13.75,29.88,23.62,16.62,59.85,31.6,,,31.6,2.73,35.04,35,170.7,79.6,small,,,12,1169,918,12,2026-04-07 00:03:41.48658+00,
Dublin,CA,California,United States,Pacific,2026,620018,72589,37.7161372,-121.8962293,25,859697b4-7658-4946-ab4b-715b2ee85d23,41.65,25.91,39.67,,,32.79,12.55,21.37,20.02,18.94,22.48,,19.02,38.29,64.54,23.18,18.55,38.57,12.85,35.03,35,348.9,80.1,medium,,,157,1170,219,37,2026-04-09 05:38:40.817529+00,
Emeryville,CA,California,United States,Pacific,2026,622594,12905,37.8384729,-122.301682,25,5bad52dd-3ba0-4e9d-879d-d24dd1500ca4,36.71,32.7,24.68,31.4,,29.03,17.11,24.28,46.6,7.17,33.51,,28.55,65.9,54.27,,16.4,39.7,14.21,35.03,35,34.6,25.8,small,,,157,1170,919,118,2026-04-09 05:44:40.091571+00,
Folsom,CA,California,United States,Pacific,2026,624638,80454,38.6665966,-121.1416355,25,2218ed6e-24f0-45f5-a128-cb62895b6349,39,31.37,42.43,,13.42,31.68,21.97,16.46,29.4,30.13,29.48,29.74,26.76,40.13,59.36,29.47,26.62,40.71,29.45,35.02,35,712.5,206.2,medium,,,159,1172,220,38,2026-04-09 06:37:41.591213+00,
Covington,GA,Georgia,United States,South,2026,1320064,14194,33.605439,-83.8466343,30,5e2c641f-d1ea-4d0e-bdc6-14f39797ea36,38.11,31.54,17.35,19.01,,23.77,27.09,31.45,17.5,25.03,32.61,15.61,25.06,45.12,44.52,49.33,,46.76,,35.01,35,187.9,229.2,small,,,22,1173,920,20,2026-04-09 21:40:41.352821+00,
Stillwater,OK,Oklahoma,United States,South,2026,4070300,48394,36.131496,-97.0744638,25,2ef41713-8392-4f97-80da-39a0f272ad2a,35.24,28.48,37.25,,42.01,34.9,20.93,21.39,32.22,19.83,21.24,20.14,23.08,58.6,49.31,24.91,,37.92,7.99,35,35,380.7,165.2,small,,,11,1174,921,7,2026-04-14 08:10:40.377046+00,
Chino Hills,CA,California,United States,Pacific,2026,613214,78411,33.9429693,-117.7256483,25,ff659519-d2f0-43d8-83d4-bd25edb8d937,41.22,33.88,35.57,,,34.73,15.26,16.37,,21.54,21.93,7.69,16.85,32.56,58.04,100,12.88,61.44,,34.98,35,492.8,112.6,medium,,,160,1175,221,39,2026-04-09 05:26:41.05893+00,
Forest Lake,MN,Minnesota,United States,Midwest,2026,2721770,20611,45.2508307,-92.9669203,30,191e2230-17e4-46a7-96af-f4bb8e244459,40.89,35.83,29.45,,,32.64,,9.48,,15.57,17.07,,15.05,26.09,44.76,36.62,,40.96,,34.98,35,73.6,312.9,small,,,29,1175,922,17,2026-04-10 13:21:40.114856+00,
Barberton,OH,Ohio,United States,Midwest,2026,3903828,25191,41.0069033,-81.60439,25,b4c86457-066a-4f04-aab5-34e17942481d,44.85,29.91,19.8,,,24.86,31.73,38.51,38.06,15.88,23.67,38.51,31.09,60.47,47.53,0.59,,25.62,,34.98,35,204.2,66.1,small,,,62,1175,922,52,2026-04-10 11:15:44.922275+00,
Liberty,MO,Missouri,United States,Midwest,2026,2942032,30221,39.2462,-94.4198,25,e4846e30-be74-4419-b4be-8e7efe37bcbe,39.06,28.81,41.35,,30.64,34.09,11.2,9.95,9.41,10.22,24.38,36.18,17.66,38.83,52.82,31.55,19.8,37.12,,34.97,35,297.4,155.3,small,,,24,1178,924,16,2026-04-14 03:27:40.606407+00,
Carrboro,NC,North Carolina,United States,South,2026,3710620,21295,35.92623,-79.0869948,35,5964b7a5-23c5-4336-b887-25bb995826a0,36.54,30.57,31.54,,12.92,27.03,32.47,12.92,,13.05,23.11,31.1,24.42,39.32,55.45,47.71,13.63,42.29,,34.96,35,140.2,52.6,small,,,11,1179,925,8,2026-04-10 08:33:40.31263+00,
Findlay,OH,Ohio,United States,Midwest,2026,3927048,40313,41.0473644,-83.6380934,25,77a38f00-cc57-442e-9e70-fd0c26ffb94f,31.1,23.4,30.12,3.1,29.51,24.94,29.44,18.87,21.27,12.85,23.93,22.08,22.61,59.5,53.24,,12.35,37.51,,34.96,35,419.8,180.2,small,,,63,1179,925,53,2026-04-10 13:35:41.271183+00,
West Linn,OR,Oregon,United States,Pacific,2026,4180150,27373,45.3665923,-122.6389001,25,192e4d52-68dc-4864-9e0f-723c5f8cd2b4,36.19,34.89,31.82,,,33.36,19.45,23.76,,19.74,20.97,28.33,22.17,38.46,65.13,,8.88,43.5,,34.95,35,190.5,69,small,,,19,1181,927,15,2026-04-08 01:06:53.498555+00,
Maplewood,MN,Minnesota,United States,Midwest,2026,2740382,42088,45.0190146,-93.0310604,30,b69e8778-671a-4089-b4d5-7c8a741bd4cc,41.94,34.73,27.58,,,31.16,3.87,13.59,29.77,21.79,8.32,41.49,18.57,34.39,57.88,40.92,25.32,43.8,,34.94,35,155.4,379.3,small,,,30,1182,928,18,2026-04-10 14:35:41.338458+00,
Bellevue,WA,Washington,United States,Pacific,2026,5305210,151854,47.597837,-122.1564797,25,a5f1c896-f068-430f-8c28-88ccb18f46c4,33.56,25.61,45.62,16.35,12.78,29.12,26.02,31.89,10.81,13.05,29.65,29.74,23.73,45.95,64.93,24.81,16.35,38.74,15.6,34.94,35,878.2,362.8,medium,,,42,1182,222,11,2026-04-09 19:33:44.8924+00,
Double Oak,TX,Texas,United States,South,2026,4821028,3054,33.0624899,-97.1073584,30,d6ed4528-0bef-45ae-a965-138d89a155de,49.92,53.5,5.37,,,29.44,40.08,,,,,,40.08,40.08,5.37,,,5.37,,34.93,35,0.2,51.6,small,,,28,1184,929,25,2026-04-09 08:37:40.588075+00,
Avocado Heights,CA,California,United States,Pacific,2026,603344,13317,34.0281,-117.9681,25,f72ab6c7-c108-4804-938d-491cfc4beef0,45.44,27.84,28.98,31.6,,28.81,,,,,23.14,,23.14,55.7,20.6,34.28,,26.98,,34.92,35,57.7,21.8,small,,,161,1185,930,119,2026-04-10 20:44:40.357157+00,
Barre,VT,Vermont,United States,New England,2026,5003175,8491,44.1990877,-72.5079788,25,d46735d1-0ad0-4aff-9b9f-ffcb6b178217,35.99,29.46,19.1,,,24.28,13.29,,,,,,13.29,54.43,50.48,,,50.48,,34.92,35,89.5,26.3,small,,,13,1185,930,13,2026-04-07 00:00:40.840003+00,
Schnecksville,PA,Pennsylvania,United States,Mid-Atlantic,2026,4268192,3261,40.6708883,-75.6207141,25,44a19967-09a0-43b8-8c33-a51cb8b4904d,59.33,31.23,14.15,25.73,,23.07,,37.81,,10.62,26.49,,25.48,59.15,12.82,,,12.82,,34.91,35,39.8,18.1,small,,,68,1187,932,60,2026-04-10 10:27:40.683174+00,
Green Lake,WI,Wisconsin,United States,Midwest,2026,5531300,1001,43.8427852,-88.9557897,25,a270d4ab-f52c-4044-9190-c71aec7ef763,51.27,34.61,28.4,,,31.51,,,,,0,,0,42.93,60.16,,7.91,40.06,,34.9,35,23.7,12.1,small,,,86,1188,933,74,2026-04-09 11:33:40.250384+00,
Hillsborough,NJ,New Jersey,United States,Mid-Atlantic,2026,3431880,22214,40.5080743,-74.6528802,25,39a0c696-4451-48ff-b55c-b113ea3faba1,34.15,29.47,27.56,,,28.52,26.01,9.65,,20.62,16.66,40.21,23.03,48.41,61.59,,12.12,42.56,,34.87,35,96.9,54.4,small,,,44,1189,934,35,2026-04-10 07:45:40.215216+00,
Salinas,CA,California,United States,Pacific,2026,664224,163542,36.6902168,-121.6337934,25,251fc823-d628-4a82-a2ab-82b21cf92ca3,31.13,22.27,47.11,9.34,,31.52,18.1,12.15,4.9,7.74,31.01,5.85,15.22,50.61,62.93,,19.69,46.3,1.2,34.86,35,480.9,206.1,medium,,,162,1190,223,40,2026-04-09 08:55:43.130284+00,
Pasadena,MD,Maryland,United States,Mid-Atlantic,2026,2460475,32979,39.1557034,-76.5598068,30,f020b5bf-ee87-42ac-b96d-5b8736fb1ec1,42.84,28.33,24.09,,,26.21,17.83,,,1.38,26.92,26.86,20.66,31.94,45.11,,77.33,57.5,,34.86,35,53.8,228.9,small,,,22,1190,935,17,2026-04-10 01:26:40.123986+00,
Sulphur,OK,Oklahoma,United States,South,2026,4071350,5032,34.5037,-96.9648,25,f876b845-873f-4cdf-8785-33e23d5ea2bc,55.47,48.37,33.33,,,40.85,,1.46,4.52,1.46,12.42,,6.62,54.88,1.23,,17.89,7.64,,34.86,35,93.5,20.5,small,,,12,1190,935,8,2026-04-14 07:53:40.371854+00,
Dallas,GA,Georgia,United States,South,2026,1321324,14141,33.9156176,-84.8415562,30,777d7b51-b3e9-4e8d-8870-3b9d31726989,48.51,31.36,12.43,11.42,9.47,18.36,21.56,6.56,5.66,3.9,11.27,,10.95,55.94,30.1,46.17,,37.6,,34.85,35,36.8,148.4,small,,,23,1193,937,21,2026-04-09 21:44:40.896343+00,
Meridian,MS,Mississippi,United States,South,2026,2846640,35052,32.3841703,-88.6894484,25,a577379d-938e-408e-9900-da689d5228b6,44.09,31.62,38.48,12.73,2.07,26.22,30.45,,41.68,23.29,20.3,10.44,26,46.06,30.75,,14.54,24.52,3.81,34.85,35,545.3,231.3,small,,,8,1193,937,7,2026-04-13 20:53:41.446139+00,
Somerville,MA,Massachusetts,United States,New England,2026,2562535,81045,42.3904453,-71.1010331,25,e1a0285d-8675-40d5-bd6b-860f2f181956,24.57,21.19,47.73,,12,29.47,18,37.54,11.11,22.43,16.48,25.23,19.72,64.54,61.02,48.91,7.51,43.4,30.12,34.84,35,176.3,64,medium,,,32,1195,224,2,2026-04-11 00:38:46.121181+00,
Rowland Heights,CA,California,United States,Pacific,2026,663218,48231,33.9758,-117.905,25,f889529f-723f-4e13-a4df-80fce81ad8b9,39.85,35.22,38.39,,,36.81,,,,11.17,12.68,,12.25,56.77,39.59,21.66,,31.22,,34.8,35,206.5,56,small,,,163,1196,939,120,2026-04-10 22:09:40.142887+00,
La Cañada Flintridge,CA,California,United States,Pacific,2026,639003,20573,34.2014,-118.2003,25,f49b22fd-0eb2-464f-866b-fb84230a43c2,43.54,30.37,31.1,,,30.74,17.43,4.92,3.23,10.29,27.26,,14.67,44.34,49.08,,25.91,40.17,,34.79,35,175,61,small,,,164,1197,940,121,2026-04-10 21:01:40.759405+00,
Cedar City,UT,Utah,United States,Mountain,2026,4911320,35249,37.6838176,-113.0955403,25,69f5ed1c-4bf3-431f-8498-8c9a06fb4cc8,46.38,31.86,27.56,16.8,35.61,29.6,20.07,11.23,28.21,3.08,21.49,14.41,18.62,52.16,46.33,27.65,21.45,33.57,8.99,34.79,35,359.6,144.4,small,,,36,1197,940,29,2026-04-11 01:07:39.943064+00,
Happy Valley,OR,Oregon,United States,Pacific,2026,4132050,23742,45.4339594,-122.5086995,25,6d03dd44-0b2d-4b88-8868-6ae7ff8de8cf,43.01,34.44,15.69,,,25.07,12.09,10.02,,8.11,21.94,6.73,13.41,24.27,64.34,,1.34,40.11,,34.78,35,177.2,87.4,small,,,20,1199,942,16,2026-04-08 17:45:01.454836+00,
Woodhaven,MI,Michigan,United States,Midwest,2026,2688380,12941,42.13453,-83.2351392,25,e2ffe374-c73d-4990-8552-63ea60e06c0e,55.51,26.16,27.95,23.05,,26.55,16.43,14.44,25.51,,12.86,9.44,16.07,36.22,42.37,,,42.37,,34.77,35,88.2,33,small,,,94,1200,943,72,2026-04-10 04:03:40.231792+00,
Capitol Heights,MD,Maryland,United States,Mid-Atlantic,2026,2413000,4050,38.8766874,-76.9075688,30,830b6d93-6349-49af-a564-9f315f71ed30,45.4,40.2,16.84,,,28.52,,,,,,,,100,25.62,,,25.62,5.76,34.76,35,0.7,24.5,small,,,23,1201,944,18,2026-04-10 00:05:40.76095+00,
Shipshewana,IN,Indiana,United States,Midwest,2026,1869480,839,41.6487,-85.5808,30,91a7db8b-8519-4d55-bc11-051270514046,44.11,38.02,14.9,,,26.46,,,,,29.56,,29.56,55.14,25.14,,,25.14,,34.74,35,1.6,25,small,,,13,1202,945,9,2026-04-14 04:38:44.112485+00,
Atascadero,CA,California,United States,Pacific,2026,603064,29773,35.4857179,-120.687942,25,34982f7c-cecc-44f1-bb83-10bcf49ec651,39.42,32.2,35.1,,,33.65,19.61,18.35,9.6,8.42,12.39,,13.67,42.79,45.79,43.61,36.6,42.73,,34.72,35,364.9,109.8,small,,,165,1203,946,122,2026-04-09 05:09:39.65701+00,
Lake Elsinore,CA,California,United States,Pacific,2026,639486,70219,33.685956,-117.3354038,25,40bfeeff-395d-4ed3-a74d-28cc7d553a22,50.01,36.8,29.3,,,33.05,25.09,16.62,,9.97,17.77,39.18,22.5,26.66,40.99,100,12.99,54.64,,34.71,35,547.4,143.3,medium,,,166,1204,225,41,2026-04-09 06:25:40.388887+00,
Columbia,TN,Tennessee,United States,South,2026,4716540,41745,35.6256164,-87.0442318,25,003c0c4b-d59a-43d9-a9a0-c4f18efa0ca8,49.16,37.64,35.59,24.79,,35.14,5.49,,7.79,19.09,26.03,,14.76,37.5,28.09,,7.53,20.18,29.5,34.71,35,522.3,145.4,small,,,13,1204,947,9,2026-04-07 00:38:45.163177+00,
Georgetown,CO,Colorado,United States,Mountain,2026,829735,1118,39.7178864,-105.6944881,30,fd88ce8c-bb5e-4a72-b3eb-a4c366c92676,37.57,17.84,,,,17.84,,,,,29.07,,29.07,36.95,36.95,,,36.95,,34.67,35,11.1,27,small,,,28,1206,948,20,2026-04-09 00:09:40.395313+00,
Balch Springs,TX,Texas,United States,South,2026,4805372,27685,32.7139038,-96.618062,30,3a0fe303-a610-49e9-a7a5-6e6c3f03c503,35.63,25.44,32.67,,,29.06,12.04,15.76,,19.83,23,,18.03,61.02,38.54,,,38.54,,34.66,35,58.7,158.6,small,,,29,1207,949,26,2026-04-09 10:15:40.300134+00,
Pierre,SD,South Dakota,United States,Midwest,2026,4649600,14091,44.3751628,-100.3199965,25,4319d70e-8b20-488d-8237-fdfa32111833,41.05,30.79,33.25,,,32.02,,14.68,15.87,0.01,22.88,21.15,16.92,32.43,60.94,49.06,,55.4,,34.64,35,201.3,51,small,,,11,1208,950,10,2026-03-31 22:33:41.536878+00,
Augusta,ME,Maine,United States,New England,2026,2302100,18899,44.3349037,-69.7341987,25,3da09cd6-404d-42d0-9643-e79fd18118d2,38.66,34.22,18.35,,6.05,21.79,16.38,9.54,16.05,18.63,29.45,39.03,22.52,59.84,51.98,32.85,8.86,34.5,8.35,34.6,35,389.7,146.7,small,,,27,1209,951,27,2026-04-14 05:32:45.252977+00,
Closter,NJ,New Jersey,United States,Mid-Atlantic,2026,3413810,8594,40.9728898,-73.9603147,25,1f4b378f-bd4b-4c95-add8-012e7b980429,46.5,45.93,20.87,,,33.4,,,,36.36,27.06,,29.72,31.95,33.37,,,33.37,,34.58,35,75.3,18.4,small,,,45,1210,952,36,2026-04-10 07:34:40.010331+00,
Branson,MO,Missouri,United States,Midwest,2026,2907966,12644,36.612287,-93.2918115,25,b1e0ee8e-92b1-4822-bde2-88bfffb2e9de,47.69,31.94,16.4,,,24.17,16.81,8.83,17.58,15.87,24.01,,18.06,47.6,46.43,34.44,,40.83,3.26,34.57,35,241.9,125.7,small,,,25,1211,953,17,2026-04-14 02:51:40.159266+00,
St. Johnsbury,VT,Vermont,United States,New England,2026,5062125,5994,44.4304448,-72.0085821,25,a100a6ab-b57c-402d-b76d-6d2713a74fd6,35.23,30.17,41.96,,,36.07,19.15,,25.81,11.79,17.63,14.82,18.67,62.56,43.58,11.03,10.79,23.99,,34.55,35,112,48.4,small,,,14,1212,954,14,2026-05-08 21:54:05.043457+00,
Wheeling,WV,West Virginia,United States,South,2026,5486452,26959,40.0737528,-80.6960269,25,22648860-17b3-472e-99e2-fce7f5231493,44.86,32.2,38.05,,40.77,36.38,13.54,13.35,8.41,6.79,12.42,6.54,10.49,40.86,38.87,24.29,13.35,27.39,,34.53,35,261.9,113.1,small,,,12,1213,955,12,2026-03-31 04:11:40.059382+00,
Algonquin,IL,Illinois,United States,Midwest,2026,1700685,29710,42.1594661,-88.3218728,30,2c5208f8-68fc-44bd-9ce1-9c76819ff97b,35.99,31.88,21.86,,,26.87,22.18,25.81,,19.74,32.26,9.74,23.15,44.22,52.28,43.62,,48.24,,34.51,35,132.3,236.6,small,,,15,1214,956,9,2026-04-08 21:42:41.023864+00,
Horsham,PA,Pennsylvania,United States,Mid-Atlantic,2026,4235800,15193,40.1825436,-75.1386568,25,f4118daf-a467-4093-8ac7-eefe0ddc9201,45.23,24.55,12.83,,,18.69,15.09,20.59,,5.9,15.57,19.12,15.53,55.54,52.31,38.61,,45.92,,34.51,35,106.5,25.9,small,,,69,1214,956,61,2026-04-10 10:38:40.309834+00,
Brentwood,MO,Missouri,United States,Midwest,2026,2908236,8233,38.6194228,-90.3475285,25,758a5a36-80e0-4f4b-af7f-ebd0478dd1e1,54.8,36.69,35.23,,,35.96,,3.05,,9.02,17.41,,12.35,64.27,51.51,,29.6,43.08,3.05,34.47,34,67,14,small,,,26,1216,958,18,2026-04-14 02:45:40.197877+00,
Rhome,TX,Texas,United States,South,2026,4861700,1630,33.0788947,-97.4931993,30,bd191444-da59-415d-a526-f9dc92c62f8a,53.43,8.81,2.09,,,5.45,,,,,,,,24.31,50.49,,,50.49,,34.46,34,1.7,67.2,small,,,30,1217,959,27,2026-04-09 10:56:40.649351+00,
Torrance,CA,California,United States,Pacific,2026,680000,147067,33.8304529,-118.3566183,25,aa8a1d92-5910-47bd-84bb-cce25015e3ad,30.73,17.76,38.73,,,28.25,25.68,27.73,28.15,26.1,35.31,29.12,29.34,61.85,39.36,54.58,9.05,37.11,0.94,34.44,34,481.6,225.5,medium,,,167,1218,226,42,2026-04-09 08:21:41.530062+00,
Arnold,MD,Maryland,United States,Mid-Atlantic,2026,2402275,24064,39.0432271,-76.5049848,30,2d668243-f007-46d4-8cae-612b7478c141,42.95,35.69,41.26,33.42,,37.84,27.17,9.06,,22.39,20.43,22.99,21.42,31.18,49.94,19.57,53.87,40.29,,34.43,34,61.9,214,small,,,24,1219,960,19,2026-04-10 00:01:40.315379+00,
Akron,OH,Ohio,United States,Midwest,2026,3901000,190469,41.0804559,-81.5214295,25,b1219334-95f3-4f60-ab6e-4f12e3e17814,36.92,22.23,41.07,,13.18,27.55,17.28,16.72,6.91,16.79,22.18,12.39,15.59,63.83,51.66,10.51,17.9,28.82,2.44,34.43,34,1348.2,534.9,medium,,,64,1219,227,9,2026-04-10 16:51:55.029446+00,
Richland,WA,Washington,United States,Pacific,2026,5358235,60594,46.2869805,-119.2940453,25,ddb48162-85e3-4b75-8924-6e5797c667a6,42.82,22.32,38.35,0.74,7.32,22.77,15.67,18.42,13.68,16.26,24.78,36.34,20.98,53.99,69.07,11.82,19.54,36.65,0.02,34.43,34,659.5,279.7,medium,,,43,1219,227,12,2026-04-09 19:03:42.827269+00,
Yakima,WA,Washington,United States,Pacific,2026,5380010,96965,46.5909379,-120.5494001,25,a147486a-aebb-47ce-b63a-90097af6af0d,34.72,30.06,43.33,45.39,18.12,33.85,11.75,13.22,4.76,11.52,30.47,17.59,16.03,59.03,48.3,23.75,11.72,30.56,39.16,34.43,34,605.8,221.9,medium,,,43,1219,227,12,2026-04-09 18:38:41.24103+00,
Stuart,FL,Florida,United States,South,2026,1268875,17406,27.1952719,-80.2441143,30,ae959cde-5175-4e3a-a7ee-c1f56ae7edc9,37.53,26.94,31.09,,,29.02,10.26,12.53,11.76,30.58,32.8,2.22,17.25,45.11,54.56,,3.6,34.96,,34.38,34,18.8,164.4,small,,,23,1223,961,15,2026-04-09 19:24:40.840473+00,
College Park,MD,Maryland,United States,Mid-Atlantic,2026,2418750,34740,38.9962757,-76.9355944,30,e5a0c011-00dc-4027-ae00-9f5dece738dc,37.04,24.44,23.78,,29.76,25.37,36.75,3.37,,23.48,21.05,6.67,20.37,57.29,63.46,,,63.46,7.42,34.37,34,77.1,108.9,small,,,25,1224,962,20,2026-04-10 00:09:40.974039+00,
Virginia Beach,VA,Virginia,United States,South,2026,5182000,459442,36.7795254,-76.0291418,25,eb6bab91-2fa9-4ca7-84f9-d7ec30fa400c,35.8,25.67,31.06,32.42,17.63,26.62,18.58,15.63,21.29,17.42,31.52,17.28,21.75,48.73,49.9,29.97,14.88,34.17,4.02,34.37,34,3145.2,908.7,large,,,37,1224,34,1,2026-03-31 08:23:59.410626+00,
Lansdale,PA,Pennsylvania,United States,Mid-Atlantic,2026,4241432,18773,40.2416541,-75.2812079,25,210e4366-2575-4f03-80a6-ef97825f0582,39.46,35.37,41.45,,,38.41,4.8,,,9.13,4.8,11.1,6.77,58.24,46.46,,,46.46,24.58,34.36,34,88,23,small,,,70,1226,963,62,2026-04-10 10:58:40.202242+00,
Webster Groves,MO,Missouri,United States,Midwest,2026,2978154,24010,38.5865991,-90.3544141,25,ddefab87-2ac9-4abe-b29f-07b543b3991a,38.45,31.77,45.84,20.55,16.78,32.57,,1.54,5.6,13.55,3.45,,5.37,54.03,52.34,,,52.34,,34.34,34,182.5,46.4,small,,,27,1227,964,19,2026-04-14 04:25:40.390094+00,
San Rafael,CA,California,United States,Pacific,2026,668364,61256,37.9810032,-122.5069297,25,c8c10ec1-f59e-4be4-8383-e5b8d742b3f3,47.81,29.58,34.77,,23.26,30.19,25.17,8.26,41.46,7.4,28.55,22.64,25.43,52.8,49.55,,19.88,38.14,5.42,34.33,34,358.7,110.2,medium,,,168,1228,230,43,2026-04-09 08:39:40.444192+00,
Franklin,TN,Tennessee,United States,South,2026,4727740,83711,35.9140251,-86.8521609,25,038faa47-4cf3-49f6-89bc-d5657f1b12e0,47.72,31.52,23.07,2.83,,24.24,11.37,12.79,7.93,7.4,25.94,20.78,15.48,33.1,36.66,,,36.66,,34.33,34,725.6,219.9,medium,,,14,1228,230,4,2026-04-07 01:00:40.601067+00,
Caddo Mills,TX,Texas,United States,South,2026,4811716,1495,33.0745431,-96.2269235,30,5a6f207d-c7fc-48a4-9374-37b45d1696b0,42.46,45.75,39.54,,,42.65,,,,,,,,19.02,28.87,,,28.87,,34.32,34,4.1,90,small,,,31,1230,965,28,2026-04-09 08:28:40.327832+00,
Herndon,VA,Virginia,United States,South,2026,5136648,24655,38.9704119,-77.3870725,25,407ed576-1293-4c2e-ba1c-faefe4fc53d8,33.7,28.29,30.88,,,29.59,8.92,25.63,,14.47,42.22,,25.15,51.25,66.15,10.87,16.74,34.45,,34.3,34,92.3,46.6,small,,,38,1231,966,31,2026-04-10 10:59:39.961345+00,
Troutdale,OR,Oregon,United States,Pacific,2026,4174850,16300,45.5392197,-122.3926728,25,25802560-4779-4185-8487-a54aacca8455,40.81,19.82,43.92,5.02,,28.51,11.96,,,11.94,11.94,24.12,14.56,40.72,64.22,0.57,,34.52,,34.29,34,104,36.6,small,,,21,1232,967,17,2026-04-08 00:47:59.374241+00,
Townsend,DE,Delaware,United States,Mid-Atlantic,2026,1072510,2717,39.4048033,-75.6990955,25,fdac2ad4-7eab-4dd4-936c-325a04d8d369,60.52,45.04,44.1,,,44.57,,,,12.9,,,12.9,13.32,43.33,,,43.33,,34.27,34,20.6,4.7,small,,,7,1233,968,6,2026-04-07 02:59:40.588584+00,
Modesto,CA,California,United States,Pacific,2026,648354,218492,37.6375332,-121.0030494,25,dd615e35-663c-41f9-aff6-e23211f91c7a,38.63,27.5,41.94,8.79,10.31,27.25,13.68,14.38,10.28,13.85,28.56,24.81,18.48,53.8,45.8,15.98,11.62,26.82,6.64,34.26,34,1099.6,336.5,medium,,,169,1234,232,44,2026-04-09 08:37:47.3169+00,
Richfield,UT,Utah,United States,Mountain,2026,4963570,8230,38.7613112,-112.092861,25,a17a0746-fb72-4982-bd0f-a2a79adc7c0d,39.93,32.2,21.28,,,26.74,24.68,0.07,5.56,14.29,22.54,23.34,16.62,52.62,43.83,,,43.83,,34.21,34,107.8,53.8,small,,,37,1235,969,30,2026-04-11 01:28:45.254783+00,
Glendale,WI,Wisconsin,United States,Midwest,2026,5529400,13357,43.1261424,-87.9271954,25,1eec629f-3e6a-498b-8d3a-6ca5d6013521,40.21,36.96,27.68,20.35,,30.82,26.34,3.08,20.35,13.48,23.84,28.48,21.23,39.4,44.03,35.68,,40.13,,34.21,34,130.8,48.3,small,,,87,1235,969,75,2026-04-09 11:54:40.192813+00,
San Tan Valley,AZ,Arizona,United States,Mountain,2026,464210,99894,33.1867,-111.5368,25,425254f9-3f25-47c9-80bc-16f8fa554b6e,43.73,35.07,27.66,1.44,,27.62,13.99,12.22,,9.37,6.17,81.01,23.31,28.76,52.85,20.82,13.33,31.76,,34.2,34,994,188.5,medium,,,27,1237,233,6,2026-04-14 03:42:44.860618+00,
West Valley City,UT,Utah,United States,Mountain,2026,4983470,140230,40.6884927,-112.0117586,25,8f4405a3-342e-4e0e-8ab7-f4688a6ed79c,32.77,23.07,39.85,23.22,,30.43,17.08,12.8,14.19,12.57,30.94,18.18,19.25,51.71,55.24,24.48,20.31,35.74,11.4,34.2,34,782.4,253.6,medium,,,38,1237,233,8,2026-04-11 02:42:43.786254+00,
Birmingham,AL,Alabama,United States,South,2026,107000,200634,33.5271744,-86.7970356,25,601122cf-ff5d-42e9-bd64-1027a40979c1,47.35,27.67,35.35,14.98,29.85,29.53,9.37,8.81,29.63,12.98,18.76,32.25,19.51,38.04,40.05,34.79,10.86,30.91,1.34,34.18,34,2326.9,866.9,medium,,,23,1239,235,6,2026-04-07 06:29:59.743706+00,
Montebello,CA,California,United States,Pacific,2026,648816,62640,34.0154437,-118.1110124,25,e62234b9-62c4-4c49-95ff-809e890fe53a,36.34,29.84,36.95,,,33.4,,6.91,26.41,13.02,12.69,13.88,15.66,67.69,27.41,32.09,8.1,24.22,33.31,34.17,34,194.2,84.9,medium,,,170,1240,236,45,2026-04-09 07:01:40.517775+00,
American Canyon,CA,California,United States,Pacific,2026,601640,21837,38.1790331,-122.2596023,25,3c1b81ee-d0d7-4cea-8b3e-b61d9b6fb649,31.72,28.92,27.28,,,28.1,,10.34,,13.67,15.25,,13.81,39.99,56.13,,,56.13,,34.16,34,119.1,44.6,small,,,171,1241,971,123,2026-04-09 04:27:40.599759+00,
Metairie,LA,Louisiana,United States,South,2026,2250115,143507,29.997837,-90.1777808,25,60226a0a-21ab-4879-9be3-a81ef5f2f57f,37.06,27.17,43.26,5.26,,31.47,19.85,18.23,8.02,18.83,22.71,16.28,17.4,60.19,23.99,38.25,,30.64,,34.15,34,835.2,202.9,medium,,,6,1242,237,1,2026-04-14 06:20:46.088851+00,
San Mateo,CA,California,United States,Pacific,2026,668252,105661,37.5603104,-122.3106003,25,c7a308a6-c5ac-4d42-ba54-1064c279a1e9,35.65,30.34,44.51,5.38,17.23,30.18,27.97,27.09,20.49,23.59,46.96,25.24,30.29,50.76,50.86,12.54,,32.98,16.5,34.13,34,404.9,141.8,medium,,,172,1243,238,46,2026-04-09 08:26:41.365264+00,
Monument,CO,Colorado,United States,Mountain,2026,851800,10404,39.0744062,-104.844221,30,f8d8d488-6c9d-4f7b-bb66-146ca14bb559,45.37,29.53,26.1,,,27.82,26.32,24.31,,7.3,20.58,24.37,21.53,33.94,52.85,28.11,,41.3,,34.13,34,30.9,136.5,small,,,29,1243,972,21,2026-04-09 00:33:40.160134+00,
Wahiawa,HI,Hawaii,United States,Pacific,2026,1572650,18658,21.5006645,-158.0179641,25,0e2f628b-973c-4c58-9cc8-ea732dc4109b,44.26,37.31,16.47,,,26.89,,,22,22.69,25.45,,23.69,31.65,27.91,,,27.91,,34.13,34,47.8,17.6,small,,,4,1243,972,4,2026-04-08 20:14:58.87279+00,
Rockaway,NJ,New Jersey,United States,Mid-Atlantic,2026,3464050,6598,40.8958526,-74.5173232,25,6abe62f2-4452-4370-bef3-7a4032f882ad,42.7,37.84,24.56,,,31.2,6.17,,,27.37,27.37,,19.66,46.19,36.69,,,36.69,,34.13,34,42,14.6,small,,,46,1243,972,37,2026-04-10 08:54:41.08942+00,
St. Marys,GA,Georgia,United States,South,2026,1367984,18426,30.7566723,-81.5784491,30,84f9bef4-ef22-40fc-874c-437ae1d8a828,39.64,29.16,16.71,,,22.94,10.63,14.92,10.49,14.53,14.53,76.51,22.28,48.72,38.76,,,38.76,4.08,34.11,34,8.3,264.1,small,,,24,1247,975,22,2026-05-08 21:53:49.265264+00,
Poway,CA,California,United States,Pacific,2026,658520,48841,32.9876765,-117.0218144,25,078aa5f6-98fb-4807-9747-7dea5a6d61b1,40.51,31.69,37.59,,,34.64,22.75,25.92,29.5,17.17,29.63,,26.08,47.34,51.88,21.54,22.96,34.03,2.42,34.09,34,410.2,137.5,small,,,173,1248,976,124,2026-04-09 07:05:40.778151+00,
Lafayette,CA,California,United States,Pacific,2026,639122,25391,37.891004,-122.1195292,25,2e974fde-0715-4491-ae42-6a31510f34f3,42.24,35.88,30.51,,,33.2,18.64,18.78,,16.85,36.79,,25.37,51.94,46.91,,20.36,36.7,6.21,34.05,34,238.4,71.6,small,,,174,1249,977,125,2026-04-09 06:07:40.253398+00,
Brutus,NY,New York,United States,Mid-Atlantic,2026,3610297,4314,43.1387,-76.5823,20,735f88e3-91af-4d77-bfa5-17ff443f2c41,40.52,32.3,11.65,,,21.98,,,,,,,,23.51,25.21,,,25.21,,34.05,34,17,151.3,small,,,19,1249,977,14,2026-04-14 07:19:40.76142+00,
Horn Lake,MS,Mississippi,United States,South,2026,2833700,26736,34.9520808,-90.0492089,25,b468ef17-1e03-4784-b17f-7a935fe52992,46.61,34.77,23.72,,,29.25,,,,19.04,26.21,,24.16,17.86,49.05,,,49.05,,34.03,34,208,58.8,small,,,9,1251,979,8,2026-04-13 20:52:40.766236+00,
Palm Springs,CA,California,United States,Pacific,2026,655254,44571,33.8033613,-116.5382801,25,3e3e2744-abab-41d7-931d-6f02668eb80b,40.18,33.18,20.92,,,27.05,27.27,15.01,40.22,16.51,29.15,,28.16,45.64,32.02,35.2,22.71,30.81,1.2,33.99,34,675.6,190.5,small,,,175,1252,980,126,2026-04-09 07:12:41.179718+00,
Greenwood Village,CO,Colorado,United States,Mountain,2026,833035,15691,39.6159336,-104.9116883,30,42d375ec-ee45-485f-afa6-ea55b67bb060,42.58,29.54,31.11,0.45,,26.59,13.06,13.65,15.92,15.13,15.01,,14.62,45.49,49.57,45.85,56.15,49.91,10.78,33.99,34,90.4,198.6,small,,,30,1252,980,22,2026-04-09 00:58:40.542538+00,
Hackensack,NJ,New Jersey,United States,Mid-Atlantic,2026,3428680,46030,40.8893976,-74.0456981,25,d7ffe53f-8bde-4ba3-9a42-fdb20cc5c241,35.08,21.67,37.56,26.55,1.53,23.69,2.77,17.81,19.83,12.72,3.07,19.72,11.3,53.07,54.85,,,54.85,35.87,33.97,34,111.2,56.6,small,,,47,1254,982,38,2026-04-10 07:51:40.778647+00,
Clarksburg,WV,West Virginia,United States,South,2026,5415628,16061,39.2702965,-80.3617866,25,61c8ae82-fd80-486f-8dc5-8ec71135aea5,43.28,25.3,34.47,,19.02,27.47,7.14,18.16,4.71,10.26,5.87,9.09,8.04,54.63,42.39,,13.43,31.25,,33.97,34,169.8,55.3,small,,,13,1254,982,13,2026-03-31 03:51:58.753032+00,
Conyers,GA,Georgia,United States,South,2026,1319336,17305,33.6574706,-83.9838141,30,1be04200-fcb2-4d33-b495-fd9636f957fb,46.7,31.09,18.61,,,24.85,,65.99,20.93,14.16,16.96,,25.29,26.22,35.82,12.66,,25.01,,33.95,34,39.9,218.7,small,,,25,1256,984,23,2026-04-09 21:35:40.648223+00,
Knightdale,NC,North Carolina,United States,South,2026,3736080,19899,35.7917257,-78.4964574,35,acfb6948-cf37-4dd3-8b81-1bf24bf9ea20,44.23,32.27,20.22,,,26.25,,19.89,,11.35,18.33,,17.13,38.74,46.26,36.94,,41.91,,33.95,34,117.8,154.7,small,,,12,1256,984,9,2026-04-10 08:23:40.75135+00,
Neptune City,NJ,New Jersey,United States,Mid-Atlantic,2026,3449920,4626,40.2004778,-74.0333364,25,83e7e7cb-1433-4b4e-9514-b6dedb968b25,51.87,44.14,49.5,,,46.82,,,,,15.24,,15.24,29.8,27.86,,,27.86,,33.93,34,27.4,13.1,small,,,48,1258,986,39,2026-04-10 07:17:40.1662+00,
Glenview,IL,Illinois,United States,Midwest,2026,1729938,48784,42.0851622,-87.827388,30,fa4e6091-9c2e-45cb-909f-e7bbbfc3605a,32.01,31.38,29.75,,,30.57,12.4,18.86,5.85,16.61,27.07,37.22,19.55,45.12,44.45,40.35,,42.54,35.38,33.92,34,135.3,373.4,small,,,16,1259,987,10,2026-04-08 23:32:48.834511+00,
Richmond,VA,Virginia,United States,South,2026,5167000,226610,37.531399,-77.4760085,25,775c436a-12e2-4cf4-ab7c-4c3812c596b1,36.38,22.59,39.04,26.67,28.66,29.97,21.79,16.31,18.71,19.45,30.89,23.61,22.94,59.31,53.26,,16.92,39.28,0.88,33.9,34,1475.3,541.7,medium,,,39,1260,239,7,2026-04-11 07:51:22.16504+00,
Elyria,OH,Ohio,United States,Midwest,2026,3925256,52660,41.372778,-82.1080088,25,c2d04888-6610-460e-8768-30550a04f3a5,45.25,31.13,32.71,,,31.92,5.31,19.52,27.98,35.24,25.76,4.3,19.22,46.19,43.32,21.5,,33.14,29.62,33.88,34,398.3,123.1,medium,,,65,1261,240,10,2026-04-10 12:06:45.405427+00,
Leesburg,VA,Virginia,United States,South,2026,5144984,48250,39.106396,-77.5591947,25,c1310dce-321d-42bb-a297-88de8947ae46,33.73,23.66,38.98,,8.97,26.35,22.14,9.18,14.24,25.49,33.4,16.01,21.49,47.88,68.48,15.25,27.03,39.49,,33.87,34,272,109.9,small,,,40,1262,988,32,2026-04-10 11:57:40.663299+00,
Clovis,CA,California,United States,Pacific,2026,614218,120147,36.8278093,-119.6818434,25,04ae4db9-6f63-45e8-a000-762682148e5c,36.63,28.99,33.98,1.46,,27.73,11.84,10.95,11.6,6.11,19.12,25.37,14.98,39.5,48.51,51.62,8.08,39.49,,33.85,34,857.2,219.4,medium,,,176,1263,241,47,2026-04-09 06:05:43.627648+00,
Norman,OK,Oklahoma,United States,South,2026,4052500,128023,35.240569,-97.3452994,25,ed959b1e-5eb3-4563-8e25-2be90f7fe39f,35.65,26.18,30.68,,26.31,27.96,13.33,16.75,12.56,12.51,17.17,24.77,16.11,47.51,54.71,19.22,11.46,31.48,10.64,33.84,34,1418.6,475.4,medium,,,13,1264,242,4,2026-04-14 07:32:43.509974+00,
Tigard,OR,Oregon,United States,Pacific,2026,4173650,54874,45.4229214,-122.7843878,25,4c902c4d-be22-42ca-b7b7-0de685153495,35.5,24.13,42.89,24.25,0.28,25.94,14.8,24.78,,20.35,32.93,36.94,26.56,42.91,62.01,27.42,11.81,37.35,4.05,33.83,34,344.5,118.7,medium,,,22,1265,243,4,2026-04-08 01:41:41.356666+00,
Yellow Springs,OH,Ohio,United States,Midwest,2026,3986940,3697,39.7983823,-83.8919843,25,3c42c8af-e8f7-4ddc-a104-35fd3a433477,57.71,29.96,44.72,68.38,50.03,42.98,,,,3.09,5.07,,4.5,28.25,38.8,,48.12,42.38,,33.82,34,46,15.3,small,,,66,1266,989,54,2026-04-10 12:34:44.521497+00,
Cashmere,WA,Washington,United States,Pacific,2026,5310495,3248,47.5180537,-120.4670363,25,edbf0878-b855-43b4-b948-0093d147e3c3,47.07,42.43,21.94,,,32.19,33.68,,,31.99,1.66,,18.82,38.48,43.87,,28.48,37.95,,33.8,34,28.5,10.8,small,,,45,1267,990,31,2026-04-09 16:58:40.943279+00,
Calimesa,CA,California,United States,Pacific,2026,609864,10026,33.9873574,-117.0542141,25,c1320299-eae4-4bcb-88b5-dc0b954e5d86,60.89,37.3,24.9,,,31.1,,5.16,,5.16,5.67,,5.44,39.92,29.51,,,29.51,,33.78,34,109.9,40.4,small,,,177,1268,991,127,2026-04-09 04:54:40.521663+00,
Arnold,MO,Missouri,United States,Midwest,2026,2901972,20858,38.4260096,-90.3693101,25,e6e84e71-1b9f-4a14-b4b5-acf8ac27b1d9,39.39,29.63,18.27,20.23,15.69,21.93,22.52,22.07,,8.3,20.06,24.93,20.37,56.25,46.16,,12.61,33.26,,33.77,34,202.1,68.5,small,,,28,1269,992,20,2026-04-14 03:00:40.563283+00,
Murrieta,CA,California,United States,Pacific,2026,650076,110949,33.5732139,-117.1910072,25,6fde7532-6fcb-4741-ae0d-12c2c3ad93fe,34.65,25.34,36.21,,,30.78,22.04,17.22,8.96,24.41,28.34,19.97,20.44,42.2,53.48,41.34,17.33,40.19,,33.76,34,557.1,209.7,medium,,,178,1270,244,48,2026-04-09 06:55:40.397916+00,
Vincent,CA,California,United States,Pacific,2026,682815,15714,34.4658,-118.1142,25,d989c3b9-e8bf-4cae-93a2-d56d9d560bb5,40.45,38.81,29.12,,,33.97,,,,,,,,32.4,24.41,,,24.41,,33.75,34,59.6,10.3,small,,,179,1271,993,128,2026-04-10 23:23:41.194994+00,
Greencastle,IN,Indiana,United States,Midwest,2026,1829358,9820,39.6445,-86.8647,30,9f7812c8-0276-47d2-888a-675d6f9d80e0,33.4,37.93,24.38,,55.79,36.63,,,,22.02,25.62,,24.59,54.72,37.76,14.87,3,21.06,,33.75,34,33.8,95.8,small,,,14,1271,993,10,2026-04-14 04:53:40.298386+00,
De Soto,KS,Kansas,United States,Midwest,2026,2017850,6118,38.9666177,-94.9411425,30,fce0d27f-9a23-430c-b4e1-df788353ede5,43.43,39.37,30.61,,,34.99,24.55,,,23.51,23.55,,23.91,32.94,32.23,36.59,,34.26,,33.75,34,40.6,112.5,small,,,4,1271,993,1,2026-04-09 03:43:40.581778+00,
Bonhomme,MO,Missouri,United States,Midwest,2026,2907066,38297,38.6262,-90.4423,25,78fac901-bf01-41cb-8b4b-c04454b228ee,45.3,33.6,31.96,13.18,,30.33,29.09,15.32,,13.63,29.34,39.18,27.41,50.84,43.94,32.64,23.25,34.81,0.39,33.75,34,363.2,146.2,small,,,29,1271,993,21,2026-04-14 04:03:39.941797+00,
Bend,OR,Oregon,United States,Pacific,2026,4105800,99305,44.0566827,-121.3079909,25,7567220c-724c-4f44-9b88-56a8751208b0,38.62,27.2,34.25,40.65,19.48,29.47,26.22,17.98,40.43,8.98,23.35,21.71,25.12,42.45,61.32,41.02,12.86,42.1,4.86,33.7,34,1034.5,255.3,medium,,,23,1275,245,5,2026-04-08 02:47:50.880785+00,
East Dundee,IL,Illinois,United States,Midwest,2026,1721696,3152,42.097437,-88.2480785,30,d25f83c2-0cd3-4c70-8585-eb8b726f2d05,34.35,30.89,21.49,,,26.19,,,,,,,,45.45,31.28,,,31.28,,33.69,34,5.5,52.1,small,,,17,1276,997,11,2026-04-08 22:27:40.629421+00,
Springfield,OR,Oregon,United States,Pacific,2026,4169600,61851,44.0536945,-122.9809357,25,5045168d-6999-4e8b-842c-853f47f26878,32.91,27.24,31.8,28.44,,29.39,28.27,26.72,5.04,26.6,23.19,25.87,21.67,57.68,47.93,31.52,12.53,33.34,25.7,33.68,34,381.3,146.2,medium,,,24,1277,246,6,2026-04-08 01:22:45.1153+00,
Levittown,PA,Pennsylvania,United States,Mid-Atlantic,2026,4242928,52699,40.1537,-74.8298,25,e4fa1d49-0fbc-4c47-8a07-37ef1cd6847a,39.98,33.33,35.71,,,34.52,13.06,,,5.27,20.04,,14.82,41.05,45.14,,33.29,40.58,,33.66,34,345,57.4,medium,,,71,1278,247,8,2026-04-14 09:29:40.298023+00,
Colorado City,AZ,Arizona,United States,Mountain,2026,414870,2478,36.9933,-112.9761,25,8928fd2d-4672-48e4-920c-591094153931,53.88,51.66,7.23,,24.09,28.26,,,,31.46,31.46,,31.46,37.04,23.28,,15.78,20.4,,33.65,34,61.8,22.5,small,,,28,1279,998,21,2026-04-14 04:49:40.139139+00,
Pittsburgh,PA,Pennsylvania,United States,Mid-Atlantic,2026,4261000,302971,40.4399359,-79.9756758,25,9997a8bb-1b84-4237-b00b-95a3f82b4f68,30.69,22.59,45.25,11.02,27.92,30.43,16.29,24.29,21.66,19.96,27.37,19.11,21.72,55.37,53.66,25.57,16.47,34.53,23.97,33.63,34,2008.4,642,large,,,72,1280,35,2,2026-04-01 04:17:34.620449+00,
Casa Grande,AZ,Arizona,United States,Mountain,2026,410530,53745,32.9068947,-111.7635033,25,154ec124-4dc0-4362-b7c5-aaea17c76353,38.27,25.01,30.45,,,27.73,16.35,11.34,8.96,17.03,17.83,20.66,15.46,40.39,44.29,100,,70.29,,33.56,34,709.7,291.8,medium,,,29,1281,248,7,2026-04-08 19:20:45.419286+00,
Irvine,CA,California,United States,Pacific,2026,636770,307670,33.6783986,-117.7712541,25,7392f7f9-de69-4582-ab73-8d9f93d47e61,30.98,21.79,35.21,10.85,41.7,29.38,13.66,14.36,18.53,14.12,31.61,21.99,20.49,38.58,63.51,52.46,19.65,48.68,0,33.55,34,1119.2,714.6,large,,,180,1282,36,4,2026-03-31 06:01:57.533675+00,
Beaverton,OR,Oregon,United States,Pacific,2026,4105350,97740,45.4779976,-122.8170375,25,668932dd-2ae4-4db3-8c50-82d6b762c392,32.07,24.62,42.16,4.19,,29.74,29.94,36.33,18.74,14.08,30.83,35.1,27.75,47.34,64.39,28.03,17.1,39.84,5.83,33.55,34,525.9,254.2,medium,,,25,1282,249,7,2026-04-08 02:02:42.287459+00,
Campbell,CA,California,United States,Pacific,2026,610345,43959,37.2872,-121.94,25,91f6c4f5-8874-4330-9141-b849b32da5c3,30.93,24.79,42.41,14.13,,31.17,22.66,19.48,19.47,11.81,28.9,19.99,21.78,62.6,48.67,28.63,16.77,33.68,16.64,33.53,34,188.7,66,small,,,181,1284,999,129,2026-04-10 21:07:41.307391+00,
Windsor,MO,Missouri,United States,Midwest,2026,2980350,2775,38.5337,-93.5198,25,ffe70f62-97f1-4ef5-9e3c-68924e19d11e,46.19,44.01,13.68,,,28.85,,,40.84,7.28,,,29.65,29.01,23.36,60.04,25.55,36.75,,33.52,34,52.8,10.4,small,,,30,1285,1000,22,2026-04-14 03:22:40.59927+00,
Glendora,CA,California,United States,Pacific,2026,630014,52558,34.1449643,-117.8478035,25,d99ada8c-bbc9-4b82-9875-97db769f1a57,32.8,32.45,39.68,12.56,0.13,26.53,19.75,,36.25,14.94,35.74,31.99,29.36,55.76,27.82,,,27.82,26.94,33.51,34,272.5,88,medium,,,182,1286,250,49,2026-04-09 06:04:40.680613+00,
Morgan Hill,CA,California,United States,Pacific,2026,649278,45483,37.132495,-121.6418905,25,3e1879c1-334d-4aa4-9cd5-f70361362219,38.02,23.47,29.63,8.87,,24.34,20.55,24.24,,10.71,28.47,19.5,22.06,47.06,62.83,,9.46,42.3,10.56,33.49,33,276.6,87,small,,,183,1287,1001,130,2026-04-09 06:46:40.761673+00,
Grand Marais,MN,Minnesota,United States,Midwest,2026,2724992,1337,47.7585562,-90.3443192,30,57ad89d6-a353-4882-907c-510943b7ce24,35.36,35.82,14.79,,,25.31,45.33,27.52,28.05,23.41,27.09,,31.23,52.34,32.04,,18.12,26.69,,33.49,33,7.6,36.7,small,,,31,1287,1001,19,2026-04-10 13:51:40.646937+00,
San Jose,CA,California,United States,Pacific,2026,668000,1013316,37.2960112,-121.8145519,25,37c8046b-9cbd-4b06-9df0-c1b3929e72b8,28.01,22.18,45.25,15.41,16.41,28.42,18.96,26.39,11.75,20.18,32.42,30.73,23.51,54.11,59.68,15,15.92,33.1,15.13,33.48,33,3698.9,1348,large,,,184,1289,37,5,2026-04-03 18:21:15.419352+00,
Luray,VA,Virginia,United States,South,2026,5147528,4831,38.6641843,-78.4544761,25,90a98699-78f9-472e-924e-91402ead9421,38.99,31.58,27.49,7.16,,26.74,20.53,29.71,26.84,7.16,18.57,15.5,20.13,59.68,37.54,,18.35,30.16,,33.48,33,71.9,36.4,small,,,41,1289,1003,33,2026-04-10 11:17:40.380093+00,
Lexington,MA,Massachusetts,United States,New England,2026,2535250,34454,42.4452217,-71.2300145,25,5e2f11e7-e18e-412e-bc5c-468bd01469bb,33.16,30.1,35.39,,,32.75,9.07,24.65,41.03,8.59,3.32,17.8,16.84,46.76,67.43,37.18,10.8,42.69,,33.46,33,360.7,127.5,small,,,33,1291,1004,31,2026-04-10 23:28:40.772612+00,
Haslet,TX,Texas,United States,South,2026,4832720,1952,32.9665179,-97.3378246,30,4ef25412-a23d-4059-adac-df5e82fe10c5,54.23,38.48,18.77,,,28.63,15.83,18.17,,,,,16.61,31.35,36.64,,,36.64,,33.46,33,8.3,107.6,small,,,32,1291,1004,29,2026-04-09 11:09:39.902694+00,
Marietta,GA,Georgia,United States,South,2026,1349756,61053,33.9535613,-84.5424631,30,65c4e9ce-7e9c-4bf6-ab39-96cbc02f1896,37.54,24.85,20.98,100,16.64,29.37,8.92,11.99,7.97,17.26,28.47,17.14,15.99,58.89,35.61,,4.95,23.82,,33.44,33,166.2,470.9,medium,,,26,1293,251,3,2026-04-09 22:21:40.929294+00,
Paramus,NJ,New Jersey,United States,Mid-Atlantic,2026,3455950,26698,40.9472994,-74.0701694,25,9c70307b-1400-4f59-9cfa-3a99c227028a,31.02,21.55,46.87,13.64,,31.64,31.7,10.06,13.62,4.1,21.9,19.44,18.87,43.18,58.06,,10.19,39.65,,33.43,33,193.9,108,small,,,49,1294,1006,40,2026-04-10 08:46:40.097315+00,
South Portland,ME,Maine,United States,New England,2026,2371990,26498,43.631402,-70.2859894,25,5458c800-0a1f-4cd9-bd97-2528b0fde674,36.34,30.49,24.51,36.17,,28.58,23.22,20.34,,7.26,3.77,24.98,15.12,54.73,49.7,46.19,10.22,38.6,,33.4,33,225,90.6,small,,,28,1295,1007,28,2026-04-14 07:22:40.717601+00,
New Orleans,LA,Louisiana,United States,South,2026,2255000,383905,30.0534195,-89.9345018,25,5513ce16-ee6e-4b8d-a769-43c2e5847601,35.21,27.65,50.64,9.72,27.27,33.83,19.43,14.89,37.41,20.35,32.19,24.77,26.66,43.71,40.99,22.41,14.91,27.97,7.03,33.39,33,2197.4,856.4,large,,,7,1296,38,1,2026-04-01 00:41:27.824944+00,
Spring Hill,TN,Tennessee,United States,South,2026,4770580,50552,35.7466213,-86.9168325,25,a204aafc-5666-4e8d-96d2-8d1da94267b0,52.99,33.94,28.12,,,31.03,,8.05,4.38,13.75,20.94,,12.76,21.51,44.45,,,44.45,,33.38,33,480.4,112.6,medium,,,15,1297,252,5,2026-04-07 00:39:40.460412+00,
Newburyport,MA,Massachusetts,United States,New England,2026,2545245,18289,42.8121411,-70.886646,25,02ca5f7a-1381-498b-a6a0-c499bcd31a8c,37.5,27.63,12.04,,,19.84,21.82,23.22,12.42,18.66,20.94,26.15,20.19,43.38,65.21,,1.5,40.71,,33.37,33,166.2,58.6,small,,,34,1298,1008,32,2026-04-11 01:18:40.377849+00,
South Whitehall,PA,Pennsylvania,United States,Mid-Atlantic,2026,4272632,21080,40.6037,-75.5648,25,e9aba69b-830b-41bf-9a44-6f8cc6d28553,37.33,26.31,14.52,2.15,,18.13,15.84,29.2,24.18,11.35,7.85,33.46,19.04,54.86,50.89,,3.92,32.82,,33.37,33,214.4,131.8,small,,,73,1298,1008,63,2026-04-14 09:35:41.109454+00,
Parsippany,NJ,New Jersey,United States,Mid-Atlantic,2026,3456430,22778,40.8640562,-74.4123698,25,d4ee677e-80b7-49c0-9cd0-eca38d43fd1e,38.33,22.92,34.55,,,28.74,19.77,17.79,,17.94,32.69,26.08,24.51,46.81,41.29,,17.71,32.22,,33.35,33,110.1,73.2,small,,,50,1300,1010,41,2026-04-10 08:00:42.109987+00,
Northglenn,CO,Colorado,United States,Mountain,2026,854330,38131,39.9116294,-104.9821406,30,afaf844f-7fb6-4fa6-9200-1fbca0cf56dc,27.95,31.91,26.47,,,29.19,15.1,21.76,25.19,7.19,24.88,22.15,20.5,47.21,48.36,50.29,24.61,43.1,34.68,33.3,33,100.2,192.3,small,,,31,1301,1011,23,2026-04-09 01:01:40.608703+00,
Bethany Beach,DE,Delaware,United States,Mid-Atlantic,2026,1005690,954,38.5375921,-75.0642832,25,70dff719-c53a-4a9e-b47c-eb30cea45157,66.62,41.81,,,,41.81,,,,,3.04,,3.04,37.34,36.15,,,36.15,,33.27,33,45.6,9.4,small,,,8,1302,1012,7,2026-04-07 03:10:40.051211+00,
McDonough,GA,Georgia,United States,South,2026,1348624,29262,33.4422222,-84.1509633,30,706d568b-cf1f-4ce0-b827-ae0795b146cb,47.35,34.01,19.88,,98.24,42.79,8.02,16.09,,8.29,20.99,,14.29,24.58,28.63,,,28.63,,33.23,33,8.9,255.5,small,,,27,1303,1013,24,2026-05-08 21:53:48.534313+00,
Williamsport,PA,Pennsylvania,United States,Mid-Atlantic,2026,4285312,27754,41.2400192,-77.0355914,25,8e04283a-43fd-4919-8b4f-3459d09373ec,43.67,22.86,42,,46.42,35.54,0.21,,38.83,0.04,1.53,3.06,9.62,49.3,44.43,,12.35,32.09,,33.21,33,174.1,89.3,small,,,74,1304,1014,64,2026-04-10 10:44:44.575589+00,
Paterson,NJ,New Jersey,United States,Mid-Atlantic,2026,3457000,159723,40.9147662,-74.1628291,25,9aba84fb-b597-4971-82fc-25bea008bb4d,40.98,21.14,58.42,0.76,,34.9,26.65,3.21,2.57,21.12,32.8,3.11,16.94,60.77,49.78,,28,41.4,0.65,33.19,33,266.3,119.3,medium,,,51,1305,253,10,2026-04-10 08:22:40.703573+00,
Cupertino,CA,California,United States,Pacific,2026,617610,60381,37.3193996,-122.0449572,25,5ca2b0dd-ceb4-4316-b7ec-9ccdd5623ca7,32.82,18.89,37.62,11.01,,26.1,8.83,25.74,0.14,12.83,26.93,30.73,16.99,50.18,63.14,,10.45,42.87,5.02,33.16,33,263,81.2,medium,,,185,1306,254,50,2026-04-09 05:25:43.052255+00,
Cranberry Township,PA,Pennsylvania,United States,Mid-Atlantic,2026,4216920,33096,40.7099671,-80.1056416,25,f6cdd5fb-d3de-482a-9261-ec09246f7fba,50.87,25.35,25.31,13.96,,23.91,18.63,11.94,2.92,13.2,29.88,13.99,16.39,49.37,33.4,,18.4,27.63,,33.16,33,313.1,125.1,small,,,75,1306,1015,65,2026-04-16 01:54:40.888855+00,
Atlanta,GA,Georgia,United States,South,2026,1304000,498763,33.7629088,-84.4226745,25,668655ff-f26a-4c09-8924-beacc7680bb4,31.29,24.59,34.96,19.01,29.89,28.72,22.31,24.57,19.03,20.07,32.25,24.56,24.48,60.48,48.85,33.86,15.25,35.2,14.73,33.15,33,2631.2,1114.5,large,,,28,1308,39,1,2026-04-01 13:23:52.31014+00,
Derby,KS,Kansas,United States,Midwest,2026,2017800,25641,37.5595593,-97.2557858,30,17f9660a-b7d3-477f-a811-078ee448117a,28.94,28.12,25.7,,,26.91,34.48,20.38,,0.46,37.55,25.04,27.65,45.25,38.31,47.91,7.18,33.89,,33.13,33,89.5,233.2,small,,,5,1309,1016,2,2026-04-09 05:28:42.092855+00,
Santa Fe,NM,New Mexico,United States,Mountain,2026,3570500,87505,35.6619812,-105.9818147,25,c3a6fac9-0267-4749-b345-106f122ca9e3,31.17,22.91,36.61,6.51,10.08,23.5,30.97,18.38,23.52,15.62,29.29,23.87,25.2,56.69,58.74,36.83,21.16,41.68,11.83,33.13,33,1096.8,338.6,medium,,,2,1309,255,1,2026-04-11 03:33:51.953913+00,
La Quinta,CA,California,United States,Pacific,2026,640354,37558,33.6460833,-116.275297,25,1984a1d1-b817-4d82-9b79-ca304c8162dc,47.44,29.47,12.9,,,21.19,,5.32,,20.33,15.26,14.39,14.23,16.66,37.98,61.77,9.08,39.08,,33.12,33,429.2,121.1,small,,,186,1311,1017,131,2026-04-09 05:33:42.548562+00,
Highland,NY,New York,United States,Mid-Atlantic,2026,3634484,6385,41.7187,-73.9623,20,9b098bbf-6d94-48be-a7a9-86afbea4faa7,37.83,34.41,7.87,,,21.14,17.54,17.29,,,17.54,53.36,25.18,51.37,34.39,,,34.39,,33.1,33,7.9,77.5,small,,,20,1312,1018,15,2026-04-14 08:39:40.08003+00,
Fraser,MI,Michigan,United States,Midwest,2026,2630420,14726,42.5393,-82.9498,25,c7895f65-6ff5-4a73-b88c-fc3f4d348ccb,34.31,18.52,27.4,,,22.96,12.45,24.45,,20.9,20.31,20.42,18.96,50.92,53.8,,19.57,40.63,,33.07,33,99.2,28.2,small,,,95,1313,1019,73,2026-04-14 09:28:40.070244+00,
Carson City,NV,Nevada,United States,Mountain,2026,3209700,58639,39.1530598,-119.7473681,25,1ff2c3c1-6fba-4064-8151-26726370e8db,37.82,28.46,35.3,16.88,,30.01,12.62,19.61,24.56,16.74,26.77,18.45,20.53,64.86,45.9,20.91,8.52,27.81,8.15,33.06,33,836.7,218.5,medium,,,10,1314,256,1,2026-04-14 10:05:43.048756+00,
Turlock,CA,California,United States,Pacific,2026,680812,72740,37.5055238,-120.8592694,25,b3424447-0b92-48e3-8ead-aabb97f1ac7f,38.51,30.31,36.24,,30.65,32.69,19.91,18.6,3.22,16.59,33.77,27.55,20.72,50.57,49.44,,16.21,36.66,5.45,33.04,33,397.2,151.7,medium,,,187,1315,257,51,2026-04-09 09:16:41.577503+00,
Saginaw,MI,Michigan,United States,Midwest,2026,2670520,44202,43.4199451,-83.9501716,25,bfd09abb-3b1c-4ea8-8e4f-89425e4b2ec3,43.59,28.37,52,,,40.19,1.45,8.96,22.07,6.32,8.88,14.25,10.59,38.52,33.59,,,33.59,0.08,33.04,33,495.1,129.1,small,,,96,1315,1020,74,2026-04-10 04:38:41.175696+00,
Santa Cruz,CA,California,United States,Pacific,2026,669112,62931,36.974385,-122.0352679,25,6c0fbf7f-33d9-4290-8bf1-67fc97ab099d,26.67,20.97,29.02,19.73,36.03,26.68,24.87,12.05,,21.8,31.1,2.1,20.56,63.01,60.39,41.22,8.99,40.83,13.53,32.99,33,324.8,133.5,medium,,,188,1317,258,52,2026-04-09 08:31:42.407086+00,
Albuquerque,NM,New Mexico,United States,Mountain,2026,3502000,564555,35.1047797,-106.6468093,25,d8d2a8a1-9a39-46a3-b73f-90117a85e89b,31.41,24.64,32.76,8.79,26.01,26.17,19.47,17.95,16.41,16.21,24.85,22.47,20.18,53.24,52.04,30.03,17.89,35.8,6.09,32.99,33,4334,1353.8,large,,,3,1317,40,1,2026-04-05 07:53:19.336631+00,
New Haven,CT,Connecticut,United States,New England,2026,952000,134023,41.3108088,-72.924953,25,c5060930-b58d-4e01-abe3-a96cd7c099c5,29.24,18.71,48.55,13,36.81,32.2,22,16.44,19.78,22.73,19.95,16.69,19.76,57.68,64.63,30.34,10.78,39.17,2.31,32.98,33,425,214.1,medium,,,23,1319,259,5,2026-04-07 05:56:52.197307+00,
Concord,CA,California,United States,Pacific,2026,616000,125428,37.9721841,-122.0015871,25,c3425768-b7c0-4c3e-90ff-9193819590c9,32.18,25.02,43.46,,,34.24,14.49,17.39,27.43,18.77,28.22,26.98,23.1,49.12,53.86,31.02,14.21,35.95,9.17,32.94,33,613.3,197,medium,,,189,1320,260,53,2026-04-09 06:12:45.373879+00,
O'Fallon,MO,Missouri,United States,Midwest,2026,2954074,91327,38.7846738,-90.7207379,25,91c34e8e-aa21-4aca-921e-c26935db5d50,47.07,32.94,22.11,,,27.53,23.39,26.96,1.35,14.57,19.67,9.5,15.44,37.96,27.2,,42.14,32.95,,32.94,33,689.9,206.2,medium,,,31,1320,260,7,2026-05-08 21:53:56.691566+00,
Kennebunk,ME,Maine,United States,New England,2026,2336500,5776,43.3841064,-70.5441649,25,69b50761-cd13-4862-b581-e2d897537fb6,37.03,32.1,23.8,,,27.95,,,,,15.03,31.78,21.31,43.01,40.96,,,40.96,,32.92,33,67.7,23.8,small,,,29,1322,1021,29,2026-04-14 06:09:40.2576+00,
Eureka,CA,California,United States,Pacific,2026,623042,26580,40.7975938,-124.1541913,25,7359fcd0-17d8-4f1e-8757-6e41d3c07d5d,32.38,28.25,27.26,,,27.76,3.62,5.45,6.64,11.87,36,6.53,13.76,54.59,44.96,35.79,,40.68,,32.91,33,188,105.1,small,,,190,1323,1022,132,2026-04-09 06:27:40.366268+00,
Boston,MA,Massachusetts,United States,New England,2026,2507000,675600,42.3385513,-71.018253,25,a559ea57-0cac-401f-9e34-b7a32d6a85e0,23.26,16.76,45.72,34.49,35.96,32.51,23.42,22.85,17.55,23.56,28.65,23.67,23.55,54.72,56.04,22.66,17.5,34.72,32.07,32.9,33,1471.3,671,large,,,35,1324,41,1,2026-04-01 20:36:04.488976+00,
Gaithersburg,MD,Maryland,United States,Mid-Atlantic,2026,2431175,69691,39.148601,-77.1951314,30,a6becec3-0154-4bdc-a041-c48f6b36b1d4,38.43,27.57,27.88,,,27.73,13.97,28.9,,6.68,32.3,21.79,22.12,43.95,59.63,23.3,19.55,36.89,17.77,32.89,33,147.6,269.2,medium,,,26,1325,262,5,2026-04-10 00:39:45.30966+00,
Springville,NY,New York,United States,Mid-Atlantic,2026,3670442,4225,42.508067,-78.6693613,20,3dab3995-d333-4f61-9eb8-d7e069273a8c,33.27,36.38,17.35,,,26.87,17.69,,17.69,13.54,21.74,25.02,19.58,58.64,36.46,,26.22,32.52,,32.89,33,1.3,47.4,small,,,21,1325,1023,16,2026-04-10 08:07:44.188592+00,
Shoreline,WA,Washington,United States,Pacific,2026,5363960,58608,47.7569166,-122.3455045,25,79152a36-40c9-4c54-a946-c809e64145ec,30.7,28.67,36.78,30.29,,32.42,23.61,21.17,,18.49,27.14,29.97,24.96,56.39,53.85,36.87,12.64,37.6,15.6,32.89,33,291,123.2,medium,,,46,1325,262,14,2026-04-09 17:55:45.788023+00,
Cabot,AR,Arkansas,United States,South,2026,510300,26569,34.9742,-92.0165,30,4b8d2537-253a-49cd-b6e4-5ee0edc3f22e,39.15,33.38,3.02,,,18.2,11.99,12.97,32.89,14.07,21.1,25.54,20.79,44.52,37.87,,1.8,24,,32.83,33,36.8,345,small,,,6,1328,1024,2,2026-04-14 03:45:40.446739+00,
Black Mountain,NC,North Carolina,United States,South,2026,3706140,8426,35.6147047,-82.325516,35,6e813506-fccd-4a7a-9687-c17be59b1376,43.4,41.25,18.06,,,29.66,22.34,,,27.43,9.31,,17.34,53.62,26.77,,,26.77,,32.82,33,70.4,110.8,small,,,13,1329,1025,10,2026-04-10 08:55:40.575992+00,
Kailua,HI,Hawaii,United States,Pacific,2026,1523000,19713,19.6455811,-155.9977488,25,b4a219b9-2192-4fa4-9a09-f4bfc79c353e,50.66,32.92,40.86,,,36.89,18.18,,11.88,18.68,28.31,11.88,18.6,46.86,23.33,,14.66,20,,32.8,33,110.7,58.3,small,,,5,1330,1026,5,2026-04-08 20:24:40.453312+00,
West Orange,NJ,New Jersey,United States,Mid-Atlantic,2026,3479800,48843,40.7857553,-74.265058,25,d9752db7-0105-4721-915c-0a21ca7f479d,39.63,29.4,38.96,,,34.18,7.34,,14.59,5.93,19.77,16.79,13.82,37.06,38.97,,,38.97,,32.8,33,235.8,64.3,small,,,52,1330,1026,42,2026-04-10 09:18:42.461188+00,
Bandon,OR,Oregon,United States,Pacific,2026,4103800,3321,43.1146897,-124.4155201,25,bd9ece66-a301-4851-8251-b5dd5c1e00d1,40.01,34.53,35.01,,,34.77,,12.49,21.24,12.87,20.63,,18.37,58.22,23.4,,6,16.71,,32.77,33,55.6,21.8,small,,,26,1332,1028,18,2026-04-08 00:59:53.754364+00,
Cape Girardeau,MO,Missouri,United States,Midwest,2026,2911242,39540,37.309389,-89.5583585,25,a916440b-023f-40dd-aedf-1c27cc4d569c,39.88,28.43,28.45,,44.41,31.99,21.43,,12.42,5.78,18.54,17.59,16.25,42.01,46.19,24.82,13.73,30.6,,32.76,33,481,179.1,small,,,32,1333,1029,23,2026-04-14 03:08:44.49339+00,
Newark,NJ,New Jersey,United States,Mid-Atlantic,2026,3451000,311549,40.7242204,-74.1725735,25,d073be2f-7ff3-4ed7-b24e-3d9530f0f1b7,31.65,18.63,54.63,1.42,16.78,29.14,9.6,12.17,23.02,18.19,32.08,9.39,18.99,53.59,45.01,,9.8,31.47,20.18,32.75,33,463.4,385.6,large,,,53,1334,42,1,2026-03-31 02:40:43.658416+00,
Lukachukai,AZ,Arizona,United States,Mountain,2026,442660,1424,36.5367,-109.2267,25,d900912f-0b96-4683-a920-1d4f6d7ea104,52.6,,29.9,,,29.9,,,,,,,,36.28,36.28,,,36.28,,32.72,33,15.1,51.6,small,,,30,1335,1030,22,2026-04-14 04:47:40.546869+00,
Nederland,CO,Colorado,United States,Mountain,2026,853175,1471,39.9638145,-105.5058636,30,f13a3211-4283-4313-a5b1-7564cbce441b,45.69,38.45,11.59,,,25.02,43.35,5.79,,,37.44,27.61,32.5,40.83,18.4,,26.65,21.57,,32.72,33,6.5,42.5,small,,,32,1335,1030,24,2026-04-09 00:55:40.574988+00,
Dinuba,CA,California,United States,Pacific,2026,619318,24563,36.5451211,-119.3988045,25,e7605596-c536-4564-a124-a8194d4062a4,43.86,35.39,41.3,,,38.35,20.94,,,5.23,27.72,,21.17,24.78,51.8,,13.58,37.1,,32.67,33,133,37.6,small,,,191,1337,1032,133,2026-04-09 05:11:39.914744+00,
San Ramon,CA,California,United States,Pacific,2026,668378,86328,37.7652582,-121.9319874,25,dae738b6-afc8-4dd2-b849-930921c1577a,36.89,31.8,39.68,23.85,,34.25,23.14,24.8,29.08,19.18,24.3,27.41,25.03,31.21,60.84,32.74,26.02,42.3,34.07,32.6,33,434,136.6,medium,,,192,1338,264,54,2026-04-09 08:33:40.693752+00,
North Webster,IN,Indiana,United States,Midwest,2026,1855134,998,41.3238143,-85.698573,30,47d39f32-c86b-4cdb-9350-f4a8b83a3924,49.26,49.64,12.8,,,31.22,,,,,33.47,,33.47,23.13,26.11,,,26.11,,32.6,33,7.3,18.8,small,,,15,1338,1033,11,2026-04-09 03:44:40.113249+00,
Covington,KY,Kentucky,United States,South,2026,2117848,40961,39.0351095,-84.5196476,35,e5fa2f22-5e16-458d-85d4-7190027c0da8,32.55,24.09,39.42,1.96,,28.03,4.1,2.73,13.71,11.01,1.71,17.88,8.05,52.68,48.5,,,48.5,0.65,32.6,33,120,224.1,small,,,6,1338,1033,5,2026-04-08 21:16:45.410694+00,
Chesapeake,VA,Virginia,United States,South,2026,5116000,249407,36.6793761,-76.3017884,25,ff92badd-921a-4916-9010-0d59517ac840,40.86,28.31,24.35,9.87,11.92,21.8,16.91,20.08,22.24,12.51,19.84,17.22,18.63,46.74,39.21,30.07,19.26,31.02,,32.58,33,1956.9,819.5,medium,,,42,1341,265,8,2026-04-10 13:23:47.021304+00,
Paradise,CA,California,United States,Pacific,2026,655520,4764,39.7541919,-121.6064,25,57623632-6625-4548-827c-e75f6db8aa60,51.72,39.76,18.78,,,29.27,19.06,19.49,12.19,9.72,21.1,,17,41.5,29.83,38.01,,33.65,,32.57,33,328,59.1,small,,,193,1342,1035,134,2026-04-09 07:37:40.589098+00,
Mount Shasta,CA,California,United States,Pacific,2026,649852,3223,41.3099,-122.3108,25,c8ec7423-ffe2-464c-93f7-30372afee394,45.45,36.09,15.35,,,25.72,6.29,,14.07,21.53,21.66,,15.52,52.31,29.61,,,29.61,,32.56,33,58.3,19.6,small,,,194,1343,1036,135,2026-04-10 21:57:39.984376+00,
Punta Gorda,FL,Florida,United States,South,2026,1259200,19636,26.8977543,-82.065812,30,032b028c-0297-4a0c-bc29-ffc3fb1da6f1,49.04,36.4,6.3,,,21.35,,,3.74,80.32,12.6,10.97,19.39,22.01,40.54,,0,24.95,,32.56,33,16.5,265.7,small,,,24,1343,1036,16,2026-04-09 18:52:40.73747+00,
The Colony,TX,Texas,United States,South,2026,4872530,44534,33.0895979,-96.9033677,30,4c50cf74-f27b-4e95-b159-4623ea6f11fd,30.02,23.5,25.16,,,24.33,,20.18,,22.85,32.37,,27.55,32.44,44.75,41.66,64.25,48.54,,32.56,33,130.6,315.9,small,,,33,1343,1036,30,2026-04-09 11:22:40.776534+00,
Norfolk,VA,Virginia,United States,South,2026,5157000,237991,36.9230149,-76.2446413,25,2f53adb5-ad83-4302-aff0-3df199e8d415,36.57,25.33,32.48,16.03,33.81,28.6,26.16,24.53,17.48,14.16,22.83,26.45,22.27,52.77,43.08,,19.18,33.89,15.04,32.56,33,1311.1,469.6,medium,,,43,1343,266,9,2026-04-10 17:24:57.171913+00,
Meadow Woods,FL,Florida,United States,South,2026,1243800,43790,28.3729021,-81.3337064,30,a8dcc369-0ed5-409b-a7d4-5a6563bcc283,39.64,40.67,25.82,,,33.25,13.6,,,17.49,34.65,,23.88,37.96,30,,,30,19.87,32.52,33,20.5,174.5,small,,,25,1347,1039,17,2026-04-09 18:57:44.521138+00,
Chattanooga,TN,Tennessee,United States,South,2026,4714000,181099,35.065958,-85.248386,25,0029567c-495c-4e29-87b9-b9c80eaba97b,40.01,24.55,26.51,7.88,12.69,21.2,14.88,17.2,15.35,19.41,20.74,17,17.44,54.01,39.59,24.07,10.85,26.97,11.73,32.51,33,2098,745.3,medium,,,16,1348,267,6,2026-04-07 03:07:44.655383+00,
St. Cloud,FL,Florida,United States,South,2026,1262625,59059,28.2352253,-81.283958,30,d20518ef-115b-47eb-86d7-9cfa21f092b8,40.34,32.42,26.38,,,29.4,,,30.29,15.15,25.93,41.74,29.02,37.55,33.16,56.59,23.16,38.86,,32.49,32,129.2,519,medium,,,26,1349,268,7,2026-05-08 21:53:47.595081+00,
Los Angeles,CA,California,United States,Pacific,2026,644000,3898671,34.0193936,-118.4108248,25,f3c64493-c063-41bf-9885-d209ba2b607b,28.22,23.49,43.19,16.39,22.37,29.45,17.78,19.17,17.5,21.14,33.69,27.78,23.68,65.52,35.89,19.04,16.17,25.06,14.48,32.47,32,10726.7,4790,large,,,195,1350,43,6,2026-05-08 21:53:42.730212+00,
La Habra,CA,California,United States,Pacific,2026,639290,63097,33.927927,-117.951554,25,c6119f09-5ff5-4bf5-aaac-f3f35c608584,29.51,21.21,41.66,,,31.44,7.85,17.8,,14.09,22.64,10.29,14.95,56.09,48.04,,10.3,33.52,,32.45,32,219.6,52.8,medium,,,196,1351,269,55,2026-04-09 06:50:41.043366+00,
Saco,ME,Maine,United States,New England,2026,2364675,20381,43.5279586,-70.4195711,25,f33c80d7-7879-42fd-9a14-e5eabb8dd244,42.29,34.85,27.19,,,31.02,24.7,5.38,,23.91,20.31,17.22,19.41,37.35,47.12,28.27,11.81,31.7,1.75,32.43,32,217.8,124.5,small,,,30,1352,1040,30,2026-04-14 05:13:40.600346+00,
Santa Maria,CA,California,United States,Pacific,2026,669196,109707,34.9330764,-120.443559,25,bf2017b2-a4f8-4efa-a134-9f40510ccb88,32.64,23.57,34.5,22.4,,28.21,21.82,,3.08,22.73,42.21,1.23,19.99,50.76,45.99,,26.51,38.5,4.22,32.42,32,428.8,165.5,medium,,,197,1353,270,56,2026-04-09 07:10:40.867733+00,
Portland,ME,Maine,United States,New England,2026,2360545,68408,43.6331574,-70.1853051,25,883846dc-e44c-4592-a020-85471b2d8efe,32.4,22.68,37.38,,13.94,26.45,19.46,11.2,21.73,17.88,28.7,30.84,22.95,60.7,59.15,14.89,11.7,31.8,9.32,32.42,32,537,164.9,medium,,,31,1353,270,1,2026-04-14 06:59:45.293558+00,
Bear,DE,Delaware,United States,Mid-Atlantic,2026,1004130,23060,39.6188946,-75.6808208,25,e4ca3a75-5602-44fc-91e5-df47e2686092,44.28,33.27,9.03,,,21.15,,18.97,,13.48,23.52,,20.28,41.22,43.62,,14.65,32.48,,32.4,32,131.1,26,small,,,9,1355,1041,8,2026-04-07 02:51:40.052112+00,
Suwanee,GA,Georgia,United States,South,2026,1374936,20808,34.0511185,-84.0659096,30,58267ef1-834e-46a6-89b3-4da84a3cbe52,41.23,25.7,24.34,,,25.02,,11.79,,10.6,22.45,,17.45,45.55,41.9,34.17,31.73,36.65,,32.39,32,50.5,196.1,small,,,29,1356,1042,25,2026-04-09 22:11:41.231729+00,
Davenport,IA,Iowa,United States,Midwest,2026,1919000,101724,41.5568204,-90.6039479,25,16381fe3-793d-432a-b040-1200e1dc0c3c,34.29,24.17,39.07,7.64,26.22,28.14,17.74,5.65,8.02,12.55,19.83,24.45,15.6,52.21,51.3,22.72,25.35,34.81,0.89,32.39,32,803.4,396.7,medium,,,21,1356,272,10,2026-04-08 21:20:46.106159+00,
Farmington,MN,Minnesota,United States,Midwest,2026,2720618,23687,44.6487,-93.1398,30,43996457-4c5e-4da1-8a20-53ac8b6b01f5,32.5,31.6,30.42,,,31.01,20.37,6.5,,21.39,,18.04,17.4,27.86,57.15,52.02,,54.76,,32.39,32,109.4,228.8,small,,,32,1356,1042,20,2026-04-10 20:15:44.649029+00,
Moab,UT,Utah,United States,Mountain,2026,4950700,5366,38.5700851,-109.5478126,25,c1d85608-6950-49a1-b31d-5d4ac48c1daf,37.18,23.69,26.65,,,25.17,,,23.57,8.63,20.25,,19.34,61.38,31.95,24.42,15.6,25.23,,32.39,32,73.2,29.7,small,,,39,1356,1042,31,2026-04-11 02:23:40.179828+00,
Milpitas,CA,California,United States,Pacific,2026,647766,80273,37.4323,-121.8996,25,393e0ff5-9e67-450f-b76c-b3a494cf3e43,28.22,16.06,43.27,,,29.67,10.22,34.75,,13.94,35.09,8.3,21.16,52.27,59.29,0.68,9.69,26.38,18.97,32.37,32,273.4,148.6,medium,,,198,1360,273,57,2026-04-10 21:35:40.734085+00,
Burlington,IA,Iowa,United States,Midwest,2026,1909550,23982,40.807102,-91.1236761,25,09eb9219-03ab-456a-bb05-ba6166381f3a,39.12,26.89,52.3,,,39.6,12.03,22.95,,23.66,26.58,,21.1,43.82,42.76,10.49,,27.7,0.68,32.37,32,254.7,103.4,small,,,22,1360,1045,12,2026-04-08 20:44:41.149837+00,
Sequim,WA,Washington,United States,Pacific,2026,5363385,8024,48.0736879,-123.0878093,25,10b0d887-6e4e-4459-a684-ad72fcc9a242,36.4,40.96,29.9,,,35.43,22.26,19.8,,25.63,33.3,27.11,26.73,56.46,41.46,,9.26,29.08,9.26,32.37,32,111.1,49,small,,,47,1360,1045,32,2026-04-09 17:29:40.794099+00,
Parkersburg,WV,West Virginia,United States,South,2026,5462140,29738,39.2612782,-81.54335,25,936c254d-e9c6-4342-8d67-826931b10c17,34.88,21.44,47.99,,,34.72,7.05,13.06,3.76,12.88,32.89,7.5,14.1,56.33,29.59,,0.33,18.34,,32.37,32,286.8,100,small,,,14,1360,1045,14,2026-03-31 04:10:45.997261+00,
Ellicott City,MD,Maryland,United States,Mid-Atlantic,2026,2426000,75947,39.2766912,-76.8339522,30,22c5dbb3-8380-4de0-9b69-67abc8f8c9d9,36.51,28.86,24.22,,,26.54,18.98,17.59,,11.32,22.61,,18.98,39.65,52.53,38.51,6.87,36.21,,32.3,32,291.9,401.4,medium,,,27,1364,274,6,2026-04-10 00:10:45.695238+00,
Clinton,UT,Utah,United States,Mountain,2026,4914290,23386,41.1387,-112.0648,25,629a35e2-0cfe-46e3-942f-9eb8957d6f32,35.91,25.37,18.27,,,21.82,21.76,12.36,,3.01,11.23,,13.38,49.39,50.59,,,50.59,,32.3,32,167.5,38.8,small,,,40,1364,1048,32,2026-04-11 01:06:40.802126+00,
Cincinnati,OH,Ohio,United States,Midwest,2026,3915000,309333,39.140183,-84.5058289,25,147fb2e8-980e-42b7-a1d1-7c7f8983ebc0,30.37,22.13,41.39,8.86,31.17,29.35,14.77,10.2,20.62,12.05,12.96,21.37,15.75,52.58,56.66,38.39,9.93,38.58,6.35,32.25,32,1419.8,728.3,large,,,67,1366,44,3,2026-03-31 12:16:07.597121+00,
Bethel,CT,Connecticut,United States,New England,2026,904790,11582,41.3602926,-73.4139421,25,4e517634-34f1-4dbd-bb46-cabe745b44b9,40.41,35.47,42.88,,,39.18,,,,25.47,12.86,,16.46,26.19,46.94,,,46.94,25.47,32.24,32,74.7,24.9,small,,,24,1367,1049,19,2026-04-07 02:57:40.613426+00,
Auburn,AL,Alabama,United States,South,2026,103076,76499,32.6078059,-85.4947461,25,9095b5eb-0a29-4764-bfe8-c12d4ccca6f7,38.32,27.66,21.78,6.45,36.27,25.2,19.08,26.47,6.45,13.76,24.65,20.4,18.35,48.56,42.05,,4.72,27.69,12.65,32.22,32,670.7,270.6,medium,,,24,1368,275,7,2026-04-06 23:45:40.680513+00,
Elmwood,LA,Louisiana,United States,South,2026,2223567,5649,29.9539703,-90.1874104,25,0353efbb-18ff-43fb-9d68-2026457bf7d9,51.31,27.08,,,,27.08,25.96,0,24.98,20.23,0.48,,14.51,44.89,0,,,0,,32.21,32,48.5,33.3,small,,,8,1369,1050,6,2026-04-14 04:59:40.389892+00,
Vestal,NY,New York,United States,Mid-Atlantic,2026,3677255,29313,42.0787,-76.0448,20,d2faab41-e4a7-4c17-a446-95a8f3ab79ef,42.4,30.44,21.33,,69.62,35.6,20.38,11.11,,3.94,12.44,14.37,13.56,37.63,44.43,,17.9,34.23,,32.2,32,70.8,360.7,small,,,22,1370,1051,17,2026-04-14 07:29:40.140673+00,
Lebanon,OH,Ohio,United States,Midwest,2026,3942364,20859,39.4242289,-84.217998,25,ab183775-4019-4bc0-8a98-5e35691667c0,43.7,30.09,26.19,,,28.14,,17.26,6.25,16.16,12.23,34.12,15.96,31.59,59.5,24.56,,43.19,,32.2,32,185.1,62.2,small,,,68,1370,1051,55,2026-04-10 12:35:40.006024+00,
Oklahoma City,OK,Oklahoma,United States,South,2026,4055000,681042,35.4670795,-97.5136565,25,ff4d17a6-9d64-4a65-959a-82ab829ac758,36.49,24.39,28.11,12.22,26.38,24.87,17.91,15.01,15.06,14.56,20.78,23.62,18.29,49.62,39.16,27.31,6.07,26.74,7.95,32.2,32,6331.3,2892.6,large,,,14,1370,45,2,2026-04-01 18:58:59.258416+00,
Layton,UT,Utah,United States,Mountain,2026,4943660,81773,41.0602,-111.971,25,97f8e0c7-38ba-479b-bc08-d4768b4fa3f5,37.38,24.96,28.02,,,26.49,12.43,16.34,10.34,9.17,22.04,16.7,15.12,40.93,59.1,,0.59,36.6,3.05,32.2,32,554,176.8,medium,,,41,1370,276,9,2026-04-11 02:36:46.463635+00,
Apple Valley,CA,California,United States,Pacific,2026,602364,75791,34.5333761,-117.2103584,25,4d9b2960-93b7-42e2-bc59-8d21f21163f7,47.76,33.63,27.32,,,30.48,9.14,10.64,15.72,7.06,19.98,19.09,14.6,40.79,18.8,47.11,2.78,24.7,,32.19,32,875.8,303.1,medium,,,199,1374,277,58,2026-04-09 05:01:40.487578+00,
Vancouver,WA,Washington,United States,Pacific,2026,5374060,190978,45.6371555,-122.5965674,25,ab194441-a1a0-4487-a0aa-6bec9a469979,32.03,21.84,37.35,21.11,,28.53,13.36,23.5,17.92,9.12,20.74,22.05,18.01,53.19,63.37,11.17,13.33,32.59,20.47,32.19,32,1053.2,487.3,medium,,,48,1374,277,15,2026-04-09 19:47:44.010366+00,
Tucker,GA,Georgia,United States,South,2026,1377652,37005,33.8451686,-84.2020848,30,f384c3d5-395f-4a9e-a8a4-de233b816995,39.94,28.55,15.56,,,22.06,12.39,25.95,27.45,8.72,13.76,17.05,17.43,40.79,26.79,41.23,,33.53,,32.17,32,36.9,405.3,small,,,30,1376,1053,26,2026-04-09 22:31:41.445725+00,
Lucas,TX,Texas,United States,South,2026,4845012,7612,33.101031,-96.5811818,30,7eaf460a-d08f-499b-b87c-eb78e13e2a33,51.83,44.5,19.85,,,32.18,,11.77,,11.77,11.77,,11.77,27.16,26.34,44.49,,34.81,,32.16,32,17.3,185.9,small,,,34,1377,1054,31,2026-04-09 12:34:41.061444+00,
Brattleboro,VT,Vermont,United States,New England,2026,5007900,12184,42.860187,-72.6330776,25,a0b08667-bd0c-49ad-8145-3ab650b37f8b,35.08,32.44,32.59,,,32.52,2.5,,16.64,12.8,22.37,,14.27,43.76,38.82,47.15,,42.71,11.15,32.16,32,206,84.8,small,,,15,1377,1054,15,2026-04-07 00:01:40.092855+00,
Los Alamitos,CA,California,United States,Pacific,2026,643224,11780,33.7972,-118.0723,25,5fbc689e-f479-42a1-a121-68ce10af70b9,51.12,23.44,21.71,,,22.58,18.05,45.81,2.21,11.48,5.01,8.78,12.35,44.7,48.42,18.41,,34.42,,32.12,32,47.9,23.4,small,,,200,1379,1056,136,2026-04-10 21:58:40.893312+00,
Northfield,NJ,New Jersey,United States,Mid-Atlantic,2026,3452950,8434,39.3730734,-74.5541283,25,4d2abab0-518e-4316-9584-f7a51b704f07,43.57,42.81,31.57,,,37.19,,,,27.77,3.79,,10.64,50.98,23.64,,,23.64,,32.11,32,78.1,20.1,small,,,54,1380,1057,43,2026-04-10 08:21:39.987604+00,
Royal Palm Beach,FL,Florida,United States,South,2026,1262100,39458,26.6990145,-80.227581,30,753d3567-6ea2-4bec-a841-cba19080538c,33.29,32.3,15.4,,8.3,20.39,2.28,3.35,,18.91,32.36,12.58,15.82,36.34,40.91,,,40.91,,32.1,32,44,236.8,small,,,27,1381,1058,18,2026-04-09 19:14:40.397563+00,
Palmer Heights,PA,Pennsylvania,United States,Mid-Atlantic,2026,4257680,3734,40.6890831,-75.2676273,25,b516d585-4b02-48b7-9f9b-9a919fb1f781,44.57,36.05,48.15,,,42.1,,,,,,18.18,18.18,12.38,53.26,,30.69,44.58,,32.1,32,28.5,11.4,small,,,76,1381,1058,66,2026-04-10 10:24:40.496722+00,
Milwaukie,OR,Oregon,United States,Pacific,2026,4148650,21149,45.4448347,-122.620848,25,9b7ce595-cc8d-4732-a7c6-efdc59cc90ce,36.5,23.71,29.07,3.41,,23.52,31.94,14.75,34.81,5.56,7.83,38.55,23.12,54.75,54.4,,23.9,42.67,2.57,32.08,32,134.7,55.5,small,,,27,1383,1060,19,2026-04-08 01:24:40.462247+00,
Braselton,GA,Georgia,United States,South,2026,1310076,13409,34.1076156,-83.8129076,30,a54e80fa-f9bd-48ba-b31a-b5a33a47fb21,53.16,31.37,22.48,,,26.93,20.76,17.79,,15.12,9.15,,14.97,33.77,16.24,,4.92,11.89,,32.05,32,49.9,163.5,small,,,31,1384,1061,27,2026-04-09 21:02:40.336313+00,
Sparks,NV,Nevada,United States,Mountain,2026,3268400,108445,39.5743408,-119.7151535,25,f7b562c1-16bd-4ace-b1bc-5dd81e2beb35,31.5,24.6,36.25,,,30.43,16.94,12.4,4.56,17.22,28.72,15.68,16.79,48.07,52,3.95,13.02,25.44,2.82,32.05,32,657.6,261.5,medium,,,11,1384,279,2,2026-04-14 08:24:41.489349+00,
Cedar Rapids,IA,Iowa,United States,Midwest,2026,1912000,137698,41.9641903,-91.6791695,25,113b6a6d-4e58-4049-aa45-17ddccd1553c,36.29,23.29,31.97,28.28,8.07,23.78,22.55,18.88,4.82,18.6,22.39,24.6,18.51,44.88,59.6,13.99,13.73,32.17,4.35,32.04,32,1184.7,509.1,medium,,,23,1386,280,11,2026-04-09 02:28:58.508835+00,
West Point,KY,Kentucky,United States,South,2026,2181930,952,37.9848011,-85.9549498,35,0415ab76-2d2b-4c59-8d09-b670d07f7a5d,51.57,35.99,58.08,,,47.04,,,,,20.27,,20.27,26.23,23.47,,,23.47,,32.04,32,0.3,27.4,small,,,7,1386,1062,6,2026-04-08 21:24:40.178344+00,
Apex,NC,North Carolina,United States,South,2026,3701520,63050,35.725577,-78.8799186,35,1c0f0bf8-0f39-41dd-b5d9-3de2fd12cd96,39.86,30.33,22.33,,,26.33,14.22,12.09,,13.83,17.97,6.34,13.6,31.32,44.66,21.92,8.34,27.62,,32.03,32,308.1,472.2,medium,,,14,1388,281,3,2026-04-10 08:39:45.738889+00,
Villa Hills,KY,Kentucky,United States,South,2026,2179698,7302,39.0728,-84.5994,35,0a869fca-e48a-4286-9ede-851cb3d4c618,30.44,30.48,21.87,,,26.18,,,,,,43.97,43.97,34.9,22.54,,,22.54,,32.02,32,1.1,77.9,small,,,8,1389,1063,7,2026-04-14 06:00:40.165647+00,
Glenwood Springs,CO,Colorado,United States,Mountain,2026,830780,9963,39.547132,-107.3425555,30,0a2fba52-3715-4d98-a88c-4b0c5afaefff,41.93,36.01,38.98,21.09,3.05,28.97,23.51,,21.09,,16.17,,19.94,50.21,37.72,39.89,,38.73,9.56,31.99,32,72.1,107.5,small,,,33,1390,1064,25,2026-04-09 00:10:40.82059+00,
Amesbury Town,MA,Massachusetts,United States,New England,2026,2501185,17366,42.8512771,-70.9557921,25,5934be8a-694b-4124-8823-91d23a019a0c,33.7,26.9,26.58,,,26.74,3.29,,,4.26,4.43,,3.98,49.06,61.11,,,61.11,18.31,31.98,32,165.5,74.6,small,,,36,1391,1065,33,2026-04-16 02:34:00.837626+00,
Massillon,OH,Ohio,United States,Midwest,2026,3948244,32150,40.7844831,-81.5252162,25,c4f752bd-6a49-4ba9-a288-f0932b95145c,42.37,31.58,28.96,,,30.27,21.57,,17.04,19.79,17.71,36.52,21.79,44.69,44.63,34.86,,40.07,1.53,31.94,32,333.4,103.4,small,,,69,1392,1066,56,2026-04-10 13:18:39.961436+00,
Deerfield Beach,FL,Florida,United States,South,2026,1216725,86859,26.3117158,-80.1253778,30,cc0180dd-2b52-4339-8926-849935788547,37.16,25.06,23.06,8.62,,22.13,16.95,12.42,4.85,16.9,35.72,28.42,20.49,38.58,28.1,,,28.1,6.68,31.93,32,252.5,228,medium,,,28,1393,282,8,2026-04-09 18:35:40.761261+00,
Westfield,IN,Indiana,United States,Midwest,2026,1882700,46548,40.0360102,-86.1522105,30,fd419f18-e49c-40be-a05f-b0f84fd8caab,36.34,32.46,14.37,,,23.42,25.69,13,9.81,16.04,29.42,40.93,23.5,42.59,38.48,42.12,,40.18,,31.93,32,334.5,687.8,small,,,16,1393,1067,12,2026-04-09 03:31:40.663346+00,
Evergreen,CO,Colorado,United States,Mountain,2026,825390,9307,39.6333,-105.3161,30,ae7f573c-fe91-4a00-993c-4749a341646e,46.07,38.19,34.49,,,36.34,26.73,18.24,,14.25,11.39,,17.6,29.09,31.34,16.45,,24.39,,31.92,32,36.2,200.4,small,,,34,1395,1068,26,2026-04-14 04:52:40.237499+00,
Provo,UT,Utah,United States,Mountain,2026,4962470,115162,40.2453116,-111.6450565,25,219fb2b5-2681-4727-9156-c2a56621a672,31.07,26.22,32.01,,52.28,34.26,6.35,18.56,20.3,5.52,32.38,22.66,19.23,51.19,58.79,16.52,10.75,31.99,14.37,31.92,32,683.2,229.6,medium,,,42,1395,283,10,2026-04-11 03:06:45.396189+00,
Goose Creek,SC,South Carolina,United States,South,2026,4529815,45953,32.994906,-80.009245,30,5bfcecc9-8a85-46d9-8eb3-25ba82250540,40.95,32.41,31.55,,,31.98,26.19,23.45,9.84,13.52,17.25,11.13,16.89,32.65,44.84,68.85,19.12,46.81,,31.89,32,83.6,563.1,small,,,6,1397,1069,6,2026-04-13 21:27:40.745417+00,
Ballwin,MO,Missouri,United States,Midwest,2026,2903160,31699,38.5947256,-90.5499603,25,5172f50c-d3b2-4d67-a00d-1a54668d95e4,40.59,30.99,35.12,,,33.06,,6.13,,13.93,12.37,,11.33,31.67,40.82,,,40.82,,31.88,32,253.9,43.7,small,,,33,1398,1070,24,2026-04-14 02:50:40.76144+00,
Suffield,CT,Connecticut,United States,New England,2026,974540,15752,41.9999149,-72.6787509,25,0d6d4023-2aac-4ab4-84ed-edacde3086cb,48.93,36.21,24.53,,,30.37,,,,8.17,19.13,,16,20.07,44.25,22.16,14.63,29.11,3.55,31.85,32,142.3,152.3,small,,,25,1399,1071,20,2026-04-07 03:35:40.161853+00,
Wildwood,FL,Florida,United States,South,2026,1277675,15823,28.8058131,-82.0073235,30,6ccaa437-a129-48cf-b139-1367a3f59c37,43.46,29.9,27.09,,,28.5,0,,9.69,3.42,27.41,,12.18,21.66,34.43,47.06,11.01,33,,31.85,32,390.3,561.5,small,,,29,1399,1071,19,2026-04-09 20:06:40.659345+00,
Swampscott,MA,Massachusetts,United States,New England,2026,2568680,15111,42.4680592,-70.8912602,25,ec26533a-fc61-4ee8-a159-c9d95bea67ae,31.21,30.63,20.83,,,25.73,33.49,20.47,,20.47,19.7,,24.18,36.21,47.09,,,47.09,31.3,31.82,32,81.4,27.4,small,,,37,1401,1073,34,2026-04-10 23:33:39.901824+00,
Holly Springs,NC,North Carolina,United States,South,2026,3732260,41361,35.6532757,-78.8407592,35,14330865-28eb-485f-a496-c81df3631570,43.47,28.28,21.46,,,24.87,12.13,3.4,,4.33,6.73,,7.51,29.3,49.98,,14.04,36.16,,31.82,32,202.3,309.3,small,,,15,1401,1073,11,2026-04-10 09:37:42.000289+00,
Tuscaloosa,AL,Alabama,United States,South,2026,177256,99833,33.2344041,-87.5283003,25,715d598d-7b11-4f26-bee1-3984b2656e2c,37.66,29.36,25.7,27.82,34.93,29.04,19.39,8.85,5.72,7.52,18.64,34.77,16.53,45.09,46.32,13.98,20.41,28.52,19.4,31.8,32,923.6,372,medium,,,25,1403,284,8,2026-04-07 00:52:47.322885+00,
New Castle,DE,Delaware,United States,Mid-Atlantic,2026,1050800,5551,39.6700172,-75.566519,25,2ebc49ee-606c-4f6a-92da-ffe24322821e,43.4,26.39,19.64,,,23.02,25.56,,,25.56,,22.71,24.61,43.92,33.15,,,33.15,,31.8,32,44.9,13.6,small,,,10,1403,1075,9,2026-04-07 02:52:40.346082+00,
Staunton,VA,Virginia,United States,South,2026,5175216,25750,38.1579778,-79.0618761,25,63fd5da3-662c-4e80-b598-963d9778989c,38.68,26.62,25.16,8.37,,23.7,37.58,5.36,23.21,11.67,13.33,46.29,24.14,61.78,37.97,,22.99,32.21,2.91,31.8,32,229.5,98.7,small,,,44,1403,1075,34,2026-04-10 12:29:41.323778+00,
Celina,TX,Texas,United States,South,2026,4813684,17084,33.3229602,-96.7988206,30,1be66c17-04c0-4074-958d-0428fdee6f80,43.4,35.12,10.43,41.29,,25.09,,2.53,2.54,9.09,1.67,20.68,6.49,11.81,22.76,,2.84,15.1,,31.78,32,33.6,687.5,small,,,35,1406,1077,32,2026-04-09 08:09:40.080964+00,
Greenville,MS,Mississippi,United States,South,2026,2829180,29670,33.3834612,-91.0523141,25,bd6d938f-84ab-49bf-95a1-120305a9b615,43.13,37.95,42.47,,,40.21,8.62,16.4,34.6,,14.28,,18.47,16.9,30.27,,20.89,26.66,,31.76,32,443.5,90,small,,,10,1407,1078,9,2026-04-13 21:04:40.627137+00,
Plainville,CT,Connecticut,United States,New England,2026,960120,17525,41.6737,-72.8598,25,22188dcc-327a-416b-831f-11dbe32f477f,35.61,28.52,28.26,,,28.39,20.92,,11.61,5.23,9.9,25.08,14.74,49.49,33.53,,,33.53,,31.74,32,151.9,62.1,small,,,26,1408,1079,21,2026-04-14 03:44:40.15597+00,
Bossier City,LA,Louisiana,United States,South,2026,2208920,63301,32.5236739,-93.6554258,25,59f4e753-0aa0-4b6f-afdb-c97ac7e09594,53.38,28.81,36.66,5.06,,29.28,25.28,10.33,14.08,9.2,17.93,5.69,15.16,37.73,20.06,1.81,42.58,19.3,,31.73,32,541.3,231.9,medium,,,9,1409,285,2,2026-04-14 05:14:40.946807+00,
Upper Arlington,OH,Ohio,United States,Midwest,2026,3979002,36800,40.0275869,-83.070722,25,d0c0775e-c911-49e7-b6ad-af618e9c614a,31.3,32.79,29.38,,,31.09,17.12,17.66,,13.8,18.84,19.42,17.74,41.01,53.55,,17.31,39.61,,31.73,32,256.6,97.6,small,,,70,1409,1080,57,2026-04-10 12:37:41.380688+00,
Wadsworth,OH,Ohio,United States,Midwest,2026,3980304,24076,41.0237,-81.7298,25,48b56d2d-dfaf-42cc-b474-aabbcf11a32c,31.62,26.38,23.88,,,25.13,26.39,,9.54,18.19,21.59,7.26,17.21,47.52,37.6,,,37.6,,31.73,32,169.8,62.3,small,,,70,1409,1080,57,2026-04-14 08:53:40.520444+00,
Kent,WA,Washington,United States,Pacific,2026,5335415,136588,47.3879703,-122.2127275,25,eee7a1bd-4219-435c-b50d-818f0c322661,29.32,18.37,38.62,2.59,,25.26,27.51,22.21,,12.58,25.5,12.12,21.47,44.76,64.2,23.29,9.43,36.19,7.59,31.73,32,686.7,276.2,medium,,,49,1409,285,16,2026-04-09 17:58:41.453553+00,
Prosper,TX,Texas,United States,South,2026,4859696,30174,33.2413324,-96.8123883,30,0f7b1388-dd36-4103-b424-5f139c18178d,37.38,31.96,26.89,,,29.43,22.47,30.6,23.67,19.37,27.04,21.92,24.27,30.11,41.07,62.37,33.51,46.64,,31.72,32,137.1,471.6,small,,,36,1413,1082,33,2026-04-09 10:50:40.456108+00,
San Marcos,CA,California,United States,Pacific,2026,668196,94851,33.1325674,-117.1698921,25,d1b30317-aec2-4569-a2d0-368eae73e23e,37.07,26.44,32.82,26.76,24.4,28.3,15.08,12.47,18.37,14.55,20.67,28.37,18.82,43.92,56.57,34.15,5.91,36.06,19.15,31.71,32,407.7,209.4,medium,,,201,1414,287,59,2026-04-09 07:35:40.721273+00,
Boone,NC,North Carolina,United States,South,2026,3707080,19092,36.213842,-81.6651967,35,a77f96e3-5af2-4166-8f3f-acbe275b86e7,28.06,17.24,10.43,32.6,51.48,23.24,22.91,5.42,2.22,12.93,27.17,10.21,15.19,66.99,39.99,,5.23,26.62,,31.7,32,61,111.6,small,,,16,1415,1083,12,2026-04-10 08:25:42.765009+00,
Alhambra,CA,California,United States,Pacific,2026,600884,82868,34.0835711,-118.1364436,25,977ee22a-d23a-4be6-a90d-98d69651bb1f,29.84,21.44,38.29,2.97,2.97,21.8,28.66,19.49,10.83,26.56,33.42,8.87,22.19,64.8,22.14,,,22.14,,31.69,32,215,106.5,medium,,,202,1416,288,60,2026-04-09 04:25:40.970202+00,
Groton,CT,Connecticut,United States,New England,2026,934180,9387,41.3250543,-72.0668616,25,502e884a-4a07-49f0-975b-0e586fbc53fa,38.31,29.41,19.33,,11.04,21.41,,,,,,,,17.67,53.08,,,53.08,,31.69,32,49,24.3,small,,,27,1416,1084,22,2026-04-07 03:31:40.048241+00,
Spanish Fork,UT,Utah,United States,Mountain,2026,4971290,42663,40.115,-111.6549,25,4d55bbe5-65b8-442c-81b3-23e3b8c867f5,36.69,28.76,37.51,,,33.14,15.01,13.62,12.64,,12.11,,13.23,31.65,59.17,25.7,,43.55,,31.65,32,380.8,148.6,small,,,43,1418,1085,33,2026-04-11 01:29:45.67934+00,
Redmond,WA,Washington,United States,Pacific,2026,5357535,73256,47.6779241,-122.1153356,25,15bc50a5-5d8d-4793-bce3-d1ac0f059ff4,35.56,20.92,35.25,18.35,,26.87,19.84,18.5,9.64,16.36,17.85,26.22,17.78,44.22,66.85,28.03,9.68,38.97,25.52,31.65,32,397.1,143.1,medium,,,50,1418,289,17,2026-04-09 18:53:46.555002+00,
East Los Angeles,CA,California,United States,Pacific,2026,620802,118786,34.0239,-118.1717,25,acb3e404-d6e0-4b68-a73e-d765a0b540f6,30.98,28.49,50.2,,1.96,31.04,17.44,21.28,18.8,4.54,9.46,28.16,16.42,68.96,21.81,,11.62,17.89,19.66,31.64,32,212.7,130.6,medium,,,203,1420,290,61,2026-04-10 21:08:40.921635+00,
Bloomfield,CT,Connecticut,United States,New England,2026,905910,21535,41.8312,-72.7273,25,6b83b57e-5be3-406b-8ef2-7867dd7176c2,38.79,26.49,25.99,,,26.24,12.31,6.24,,2.87,7.17,25.11,11.17,33.68,50.62,68.03,,58.74,,31.62,32,303.9,93.7,small,,,28,1421,1086,23,2026-04-14 05:05:40.578348+00,
Westwood,NJ,New Jersey,United States,Mid-Atlantic,2026,3480270,11282,40.9887,-74.0323,25,b92890f3-d8a0-4802-adc8-e2393cbec6e0,32.02,26.74,23.46,,,25.1,26.1,8.27,14.9,14.83,17.4,16.01,17.26,48.87,40.77,,,40.77,32.39,31.62,32,68.5,16.2,small,,,55,1421,1086,44,2026-04-14 07:07:40.068848+00,
Manchester,CT,Connecticut,United States,New England,2026,944690,36379,41.7796298,-72.5201565,25,44c07b55-e74b-41bb-8cfe-4aa49b3843a3,26.92,22.56,25.61,7.38,,22,13.55,15.95,10.88,8.27,23.59,29.17,17.58,49.03,64.61,,19.88,47.41,,31.61,32,211.5,80.1,small,,,29,1423,1088,24,2026-04-07 03:37:40.473087+00,
Morristown,NJ,New Jersey,United States,Mid-Atlantic,2026,3448300,20180,40.7965621,-74.4773184,25,d3086bec-7c0b-4026-a216-567b15f32766,31.73,26.52,40.6,,,33.56,28.34,18.53,29.53,19,34.72,30.57,28.59,44.06,62.33,,18.75,45.57,6.58,31.61,32,68.4,27,small,,,56,1423,1088,45,2026-04-10 07:47:41.016958+00,
Stillwater,MN,Minnesota,United States,Midwest,2026,2762824,19404,45.0586057,-92.8304075,30,54f35ff5-d4e2-4290-bb22-b31eb9a110f3,34.09,26.28,24.91,,,25.6,19.09,,11.72,25.98,25.98,,20.34,32.82,51.57,52.48,8.03,41,,31.6,32,94.3,206.1,small,,,33,1425,1090,21,2026-04-10 14:23:40.320372+00,
Thousand Oaks,CA,California,United States,Pacific,2026,678582,126966,34.1932896,-118.874235,25,58f2b472-38b4-420d-88f5-07344765b9e9,34.92,25.36,33.54,,40.94,32,13.6,14.01,17,9.7,23.67,24.01,18.01,40.65,59.01,25.45,18.51,37.14,10.71,31.59,32,969.3,271,medium,,,204,1426,291,62,2026-04-09 08:40:40.977132+00,
Temple Terrace,FL,Florida,United States,South,2026,1271400,26713,28.0429996,-82.3758592,30,9d6e1e66-7ef9-4664-ba3c-f8cde0b2782f,37.4,30.93,30.63,18.69,,29.27,9.58,31.46,,25.22,20.83,,19.68,28.74,35.72,,,35.72,,31.59,32,86,132.8,small,,,30,1426,1091,20,2026-04-09 19:39:41.133163+00,
Oxnard,CA,California,United States,Pacific,2026,654652,202063,34.1994364,-119.2075154,25,4da05a8d-a103-4a2c-9a54-b852bc272fc7,37.35,26.1,42.93,7.43,4.46,25.8,12.96,8.85,44.58,13.12,24.86,33.03,24.87,38.21,51.64,,17.96,38.69,12.01,31.58,32,671.1,216.8,medium,,,205,1428,292,63,2026-04-09 07:19:45.605302+00,
Crestline,OH,Ohio,United States,Midwest,2026,3919330,4530,40.7833877,-82.7477115,25,a6fe00e7-0db9-4ffc-a3e6-c21e656eb092,53.68,40.37,28.54,,,34.46,1.09,,,17.9,,,6.69,34.81,35.8,,,35.8,,31.58,32,63.1,13,small,,,72,1428,1092,59,2026-04-10 12:17:39.925395+00,
North Olmsted,OH,Ohio,United States,Midwest,2026,3956882,32442,41.4149294,-81.9191306,25,3deed862-6c5e-47eb-8796-a4fe2cba31da,38.42,26.54,34.38,,,30.46,15.35,20.52,,16.01,25.64,18.01,19.79,55.98,28.95,22.96,6.34,21.2,17.92,31.57,32,196.1,85,small,,,73,1430,1093,60,2026-04-10 11:37:42.304957+00,
California,MD,Maryland,United States,Mid-Atlantic,2026,2412150,12947,38.2975994,-76.4921432,30,5d02d8d8-e8ce-44d2-89f4-e9dd6e71325f,37.27,26.03,19.36,,,22.7,9.25,,,9.69,28.57,,18.11,50,34.81,,,34.81,,31.55,32,17,179.3,small,,,28,1431,1094,21,2026-04-09 23:59:40.743545+00,
Bountiful,UT,Utah,United States,Mountain,2026,4907690,45762,40.8724833,-111.8611996,25,fd6d348d-b2bf-4229-b3ea-0e7cf625d23d,34.2,28.34,42.63,,,35.49,20.63,14.65,27.31,18,12.26,40.37,21.97,34.72,45.06,100,11.21,55.83,,31.55,32,316.3,79.2,small,,,44,1431,1094,34,2026-04-11 00:46:41.335184+00,
Artesia,CA,California,United States,Pacific,2026,602896,16395,33.8653,-118.0828,25,c0fd6012-2ea4-4224-a351-af910d507fce,31.83,30.39,28,,,29.2,8.21,18.18,,11.43,25.37,28.91,19.1,64.1,24.1,,8.33,18.03,,31.53,32,45.6,20.1,small,,,206,1433,1096,137,2026-04-10 20:43:40.822249+00,
Ladera Ranch,CA,California,United States,Pacific,2026,639114,26170,33.5491462,-117.6417408,25,7d18018e-fa9a-4a83-9918-9959a8f331cb,38.94,24.53,13.05,,,18.79,,2.08,,20.4,23.69,,18.16,25.07,64.18,,,64.18,,31.52,32,137,36.6,small,,,207,1434,1097,138,2026-04-09 05:55:40.664577+00,
Gilroy,CA,California,United States,Pacific,2026,629504,59520,37.0064066,-121.5853213,25,cbfdbeb3-1281-450a-a5cf-bd0918c3312f,27.37,21.35,33.88,,,27.62,28.91,24.46,0.66,19.11,24.39,33.73,21.43,44.1,49.24,17.39,,34.38,30.81,31.48,31,281.5,126.4,medium,,,208,1435,293,64,2026-04-09 05:59:40.953445+00,
Dover,DE,Delaware,United States,Mid-Atlantic,2026,1021200,39404,39.1606016,-75.5216592,25,fc6a5565-1740-4ab2-b4f5-4b2160aa9734,36.63,24.93,25.36,20.42,23.88,24.42,7.33,,20.61,13.36,13.75,17.6,14.45,41.85,54.82,,,54.82,1.07,31.47,31,299.1,138.5,small,,,11,1436,1098,10,2026-04-07 03:24:41.106626+00,
Portsmouth,NH,New Hampshire,United States,New England,2026,3362900,21956,43.0605935,-70.7803494,30,9d47027f-5f91-4717-9bd4-c72bf5d63dd8,33.19,27.28,26.83,8.25,,24.7,27.92,27.09,8.46,4.76,23.55,37.17,21.92,63.11,50.3,8.58,16.28,27.19,6.55,31.46,31,117.8,205.1,small,,,11,1437,1099,11,2026-04-14 08:21:45.245417+00,
Springboro,OH,Ohio,United States,Midwest,2026,3974076,19152,39.5622269,-84.2336025,25,7c7c1b1a-1888-4a6e-b3e2-3162365965e0,52.08,34.03,20.11,,,27.07,9.16,27.77,100,15.45,5.92,19.12,30.5,26.61,44.32,,,44.32,,31.46,31,177.1,35.6,small,,,74,1437,1099,61,2026-04-10 13:23:40.776592+00,
St. Johns,AZ,Arizona,United States,Mountain,2026,462350,3417,34.5003681,-109.3769096,25,d4c922b5-d54a-48d9-bf6f-c38ea0560eb8,49.69,37.32,31.58,,,34.45,,12.1,,11.68,,,11.89,16.08,41.93,,,41.93,,31.43,31,98,47.4,small,,,31,1439,1101,23,2026-05-08 21:53:40.931275+00,
Arcata,CA,California,United States,Pacific,2026,602476,18857,40.8622905,-124.0749667,25,1b867654-10f8-4cba-9919-5a5f4db02c96,29.72,24.11,33.11,,25.22,27.86,9.76,,15.06,14.32,31.98,17.19,18.86,54.25,53.85,37.62,22.71,40.38,17.35,31.42,31,164.6,64.6,small,,,209,1440,1102,139,2026-04-09 04:06:40.219185+00,
Toms River,NJ,New Jersey,United States,Mid-Atlantic,2026,3473110,92830,39.994856,-74.1877537,25,07f51940-d61d-445f-8bbb-21f3ecf643eb,34.18,26.08,23.36,25.6,23.09,24.48,22.22,12.97,11.57,14.1,20.82,22.06,17.98,54.39,35.23,,17.51,28.41,3.18,31.4,31,651.3,245.8,medium,,,57,1441,294,11,2026-04-10 08:51:41.156306+00,
Edmond,OK,Oklahoma,United States,South,2026,4023200,94417,35.6738074,-97.4130764,25,4985ed9a-7014-484e-95db-4e73e691007a,33.65,24.14,30.61,,12.37,24.04,14.1,6.15,8.96,17.45,20.86,17.92,14.88,47.38,41.44,37.48,,39.59,,31.37,31,997,358.1,medium,,,15,1442,295,5,2026-04-14 06:55:41.163153+00,
Newport News,VA,Virginia,United States,South,2026,5156000,186247,37.0761357,-76.5219802,25,c77b0c23-a3ff-40a1-b683-3f65066aa881,34.65,20.58,29.97,5.6,32.63,24.78,14.48,10.57,20.23,14.53,22.22,20.56,18.09,50.23,43.27,0,12.36,20.4,9.74,31.36,31,952.2,367.9,medium,,,45,1443,296,10,2026-04-10 13:13:41.522522+00,
Claremont,CA,California,United States,Pacific,2026,613756,37266,34.1249246,-117.7139226,25,8c872af6-7dca-4c60-940b-62c9cbe0295d,33.77,33.3,29.39,,34.33,32.01,7.88,17.05,,12.15,22.23,16.45,15.65,40.68,50.5,,9.58,34.76,23.33,31.33,31,231.5,84.6,small,,,210,1444,1103,140,2026-04-09 04:55:41.044782+00,
Guyton,GA,Georgia,United States,South,2026,1335884,2289,32.3322697,-81.3903854,30,68af7c74-c70d-4342-9830-ceb86b2f2928,43.12,17.38,15.24,,,16.31,,,,,,,,4.12,24.01,,,24.01,,31.33,31,1.5,62.1,small,,,32,1444,1103,28,2026-04-09 21:25:40.162105+00,
Rocky Hill,CT,Connecticut,United States,New England,2026,965370,20845,41.6566243,-72.6617787,25,768b3bc4-28fb-4686-a583-daf06868d9fd,40.09,27.11,12.9,,,20.01,9.55,19.06,20.08,6.18,25.29,24.98,18.52,37.66,63.15,,7.37,41.7,0.37,31.26,31,150.9,70.1,small,,,30,1446,1105,25,2026-04-07 03:19:40.50418+00,
Wheatfield,NY,New York,United States,Mid-Atlantic,2026,3681380,18638,43.0887,-78.8898,20,b39b92e8-bb9a-4a1b-9cfe-b870c8e2cdee,42.83,38.97,12.47,,,25.72,12.92,8.95,,,31.15,,20.48,34.27,32.36,34.42,,33.32,,31.26,31,15,206.1,small,,,23,1446,1105,18,2026-04-14 07:31:40.146078+00,
Hacienda Heights,CA,California,United States,Pacific,2026,631596,54191,33.9931,-117.9692,25,002ac439-6b09-4eb4-983f-1784d131019b,34.12,31.79,39.17,,,35.48,,,,19.76,25.12,,23.59,41.15,25.07,11.99,11.25,17.04,,31.23,31,259.3,76.8,medium,,,211,1448,297,65,2026-04-10 21:32:40.76363+00,
Scotia,NY,New York,United States,Mid-Atlantic,2026,3665893,7272,42.827,-73.9582,25,9ea3a481-8fcb-4c04-befe-889afcab0e5e,34.6,35.96,6.99,,,21.48,,21.39,,21.39,21.39,18.51,20.67,55.81,10.81,,11.61,11.12,,31.21,31,36.4,25.7,small,,,24,1449,1107,19,2026-04-10 06:14:40.59305+00,
Fraser,CO,Colorado,United States,Mountain,2026,828305,1400,39.9447,-105.8192,30,8fd8624f-6140-4d02-8f72-897a5c7f041e,48.18,33.75,22.47,,,28.11,29.57,,30.47,,29.57,,29.85,32.14,33.73,30.43,20.91,29.37,22.78,31.19,31,33.1,45.1,small,,,35,1450,1108,27,2026-04-14 04:43:40.228444+00,
Farmington,UT,Utah,United States,Mountain,2026,4924740,24531,40.9846694,-111.906306,25,97c8bcbd-c006-48b2-b585-b75cf8007f5c,44.34,27.56,31.64,,,29.6,13.8,27.34,,10.28,10.44,18.16,14.82,37.31,60.95,49.13,,55.43,10.28,31.19,31,245,93,small,,,45,1450,1108,35,2026-04-11 02:23:45.24663+00,
Kenmore,WA,Washington,United States,Pacific,2026,5335170,23914,47.7498584,-122.2472442,25,65fa2ee6-2c2c-4fc9-9132-197ab569bb07,38.78,30.4,20.55,,21.74,24.65,17.76,13.88,,11.74,18.4,40.96,21.07,38.93,55.71,,8.04,37.38,,31.19,31,152.5,43.3,small,,,51,1450,1108,33,2026-04-09 17:17:40.707914+00,
Lexington,SC,South Carolina,United States,South,2026,4541335,23578,33.9928771,-81.2217971,30,d027e7b4-516e-44a5-9815-6124116083de,41.31,24.74,18.13,18.95,,21.12,25.51,25.75,,14.53,26.88,28.36,25.13,44.48,27.19,,9.22,20.28,,31.17,31,68.8,211.6,small,,,7,1453,1111,7,2026-04-13 21:05:40.658458+00,
Greenbelt,MD,Maryland,United States,Mid-Atlantic,2026,2434775,24921,38.9946701,-76.8853989,30,49301abd-dd6e-42a7-8e67-54c95062ba4f,38.78,30.7,29.4,3.48,,26.73,2.79,20.78,,28.27,29.87,,19.89,30.32,60.03,,15.7,42.98,9.12,31.13,31,28.2,99.7,small,,,29,1454,1112,22,2026-04-10 01:14:40.780697+00,
New Britain,CT,Connecticut,United States,New England,2026,950370,74135,41.6765545,-72.7861613,25,9a74fa95-7ef6-4127-b77d-eac8ecf7df50,37.55,23.08,47.69,34.58,44.34,37.1,2.44,17.06,22.39,8.13,23.68,20.96,16.55,45.3,52.31,,5.6,34.34,8,31.1,31,309.3,130.8,medium,,,31,1455,298,6,2026-04-07 03:42:40.215069+00,
Piscataway,NJ,New Jersey,United States,Mid-Atlantic,2026,3459010,60804,40.5455388,-74.4607205,25,661e5b04-c9b0-490d-9721-902074aaa190,44.95,26.6,34.13,31.77,67.39,37.91,21.11,,42.35,17.88,2.76,4.31,17.57,22.94,40.91,,51.19,44.86,,31.1,31,384.4,112.1,medium,,,58,1455,298,12,2026-04-10 08:04:47.163933+00,
Cottonwood Heights,UT,Utah,United States,Mountain,2026,4916270,33617,40.6136788,-111.8145513,25,0e78631e-1e8a-47e8-a0fc-50bef56fbc36,30.5,26.63,31.74,,,29.19,13.82,19.96,,14.51,20.36,,17.39,45.03,38.94,,23.17,32.87,,31.05,31,233.3,62.4,small,,,46,1457,1113,36,2026-04-11 02:19:41.923763+00,
Destin,FL,Florida,United States,South,2026,1217325,13931,30.4043797,-86.4714473,30,28103edf-59b4-4abc-841d-e6d275393d82,40.13,33.72,9.37,,,21.55,,18.59,37.51,21.95,24.01,,27.01,32.81,36.51,,9.4,26.08,,31.02,31,14.7,163.1,small,,,31,1458,1114,21,2026-04-09 18:34:40.771588+00,
Brookline,MA,Massachusetts,United States,New England,2026,2509210,63191,42.3238534,-71.1420033,25,21d9c2db-174b-4830-9d7a-5e0f628988cd,19.48,18.35,34.35,8.22,3.7,20.01,11.72,8.15,18.75,12.41,31.96,16.01,18.54,50.54,52.67,,,52.67,31.74,31.02,31,165.4,83.5,medium,,,38,1458,300,3,2026-04-10 23:39:41.317486+00,
Catonsville,MD,Maryland,United States,Mid-Atlantic,2026,2414125,44701,39.2644559,-76.7416942,30,d72bc402-ff92-4861-b8b4-4d80f3c5d441,34.38,27.94,26.49,28.5,25.37,26.97,14.94,9.18,10.8,18.99,19.7,17.32,15.49,51.84,44.82,29.99,12.47,31.54,6.15,31,31,226.8,174.3,small,,,30,1460,1115,23,2026-04-09 23:58:41.164232+00,
Towson,MD,Maryland,United States,Mid-Atlantic,2026,2478425,59553,39.39421,-76.6177512,30,8593e4e9-2d11-4514-8a01-f7d86c680773,28.05,19.75,27.9,9.7,29.57,23.56,24.43,6.47,17.12,12.58,22.08,23.81,19.31,51.13,52.51,,9.77,36.07,23.18,31,31,197.8,235.3,medium,,,30,1460,301,7,2026-04-10 01:21:45.083033+00,
Southampton,MA,Massachusetts,United States,New England,2026,2562745,6224,42.2287,-72.7298,25,a57cb3bb-e6d0-40cd-aed3-ef7b28ac6867,44.61,37.69,27.25,,,32.47,,,,,1.2,,1.2,29.74,33.59,,,33.59,,30.99,31,24.5,148.1,small,,,39,1462,1116,35,2026-04-14 03:07:40.254055+00,
Yucaipa,CA,California,United States,Pacific,2026,687042,54542,34.0335819,-117.0428976,25,5c7c6c27-6217-4102-8bba-4645e4db1bc6,34.8,35.4,31.78,21.68,,32.1,19.34,18.37,,18.46,31.96,,23.91,36.61,27.9,100,18.75,50.85,30.72,30.98,31,412,130.3,medium,,,212,1463,302,66,2026-04-09 09:27:40.873061+00,
Milton,GA,Georgia,United States,South,2026,1351670,41296,34.1443247,-84.3141882,30,b1047010-17ce-4a9e-b5fa-f7f011104fe0,43.67,39.51,23.25,,,31.38,12.76,15.68,,23.44,26.1,,19.98,37.79,20.31,,25.67,22.37,,30.98,31,61.5,446.4,small,,,33,1463,1117,29,2026-04-09 21:48:40.836277+00,
Redding,CA,California,United States,Pacific,2026,659920,93585,40.5702768,-122.3667659,25,ce6f956b-bbdb-4f2f-ba41-e980e0080754,36.24,24.58,24.65,7.29,17.5,21.46,17.93,13.12,23.92,10.92,23.36,38.32,22.36,45.49,50.17,16.08,15.02,29.45,13.72,30.97,31,825.2,309.4,medium,,,213,1465,303,67,2026-04-09 08:58:41.154738+00,
Weehawken,NJ,New Jersey,United States,Mid-Atlantic,2026,3477930,17197,40.7680098,-74.0170078,25,74c01ee1-c607-4eff-aa57-683639428b1a,31.04,16.41,28.4,,,22.41,32.97,32.97,,,25.64,,29.64,35.43,53.65,,,53.65,17.61,30.94,31,21.1,22.1,small,,,59,1466,1118,46,2026-04-10 08:48:40.229364+00,
Centerville,UT,Utah,United States,Mountain,2026,4911980,16884,40.9262974,-111.8833389,25,f31003ad-41c8-4928-b20d-36da0a0466ba,40.72,23.5,31.25,,,27.38,,10.67,,,16.77,,15.03,34.86,60.11,3.16,,33.53,,30.94,31,142.5,44.3,small,,,47,1466,1118,37,2026-04-11 00:13:40.849929+00,
Florissant,MO,Missouri,United States,Midwest,2026,2924778,52533,38.7887,-90.3223,25,be53e586-2a9a-44a9-b848-6ca74a612f2e,33.05,29.2,35.45,7.55,3.66,24.11,9.71,12.78,2.51,14.15,33.93,14.69,15.82,48.23,30.56,,15.1,24.61,,30.92,31,345.2,89.2,medium,,,34,1468,304,8,2026-04-14 03:49:40.253862+00,
Saginaw,TX,Texas,United States,South,2026,4864112,23890,32.8655641,-97.3652069,30,97e7fb66-8ce1-4d1f-b067-7ca4a029289d,48.59,23.53,27.17,,,25.35,14.77,13.02,,19.1,20.09,10.61,15.98,36.37,30.4,,,30.4,,30.9,31,152.8,69.8,small,,,37,1469,1120,34,2026-04-09 12:32:40.547144+00,
King of Prussia,PA,Pennsylvania,United States,Mid-Atlantic,2026,4239736,24695,40.096029,-75.3790738,25,e685a937-bfc3-404d-a3fa-1392967973e1,45.79,24.59,35.87,,8.07,25.31,16.25,,34.9,6.94,24.91,,22.87,48.03,53.91,12.88,21.2,31.37,13.22,30.89,31,143.9,87,small,,,77,1470,1121,67,2026-05-08 21:54:00.948591+00,
Cresskill,NJ,New Jersey,United States,Mid-Atlantic,2026,3415820,9155,40.9400183,-73.958313,25,d0341858-d411-497c-8d28-6951a49d6a1a,48.52,39.21,28.22,,,33.72,,,,3.33,1.04,50.17,16.24,21.45,42.44,,34.37,39.34,,30.86,31,68.2,9.4,small,,,60,1471,1122,47,2026-04-10 07:04:40.961497+00,
Alma,MI,Michigan,United States,Midwest,2026,2601540,9494,43.3803357,-84.6544452,25,31d56a23-f116-4716-8d54-3c72b16ab602,40.22,34.58,17.02,,53.46,31.95,15.59,1.7,22.78,9.8,20.59,47.35,21.07,42.88,61.04,,7.95,40.62,7.92,30.85,31,101.5,32.3,small,,,97,1472,1123,75,2026-04-10 03:00:40.228913+00,
Nolanville,TX,Texas,United States,South,2026,4851708,5923,31.0725384,-97.6051329,30,bba92c4e-88ff-49c6-83f9-3211b88d0725,47.3,22.15,29.89,,,26.02,,,,,,,,19.24,30.74,,,30.74,,30.83,31,7.8,97,small,,,38,1473,1124,35,2026-04-09 10:22:40.452884+00,
Carson,CA,California,United States,Pacific,2026,611530,95558,33.840367,-118.2495736,25,d97a799a-70a0-4ea5-a75e-da5670832b3b,37.04,13.7,30.79,,34.18,24.9,13.42,6.81,,9.46,27.07,9.69,15.67,59.86,27.43,,3.67,18.29,,30.81,31,272.5,186.7,medium,,,214,1474,305,68,2026-04-09 05:22:44.974431+00,
Cooperstown,NY,New York,United States,Mid-Atlantic,2026,3618047,1794,42.698875,-74.9306589,20,593fe777-3159-4d00-834a-aeaa4687f4c1,39.08,41.22,13.43,,,27.33,,,31.16,20.35,20.35,,24.28,42.13,24.41,,,24.41,,30.78,31,3.8,28.9,small,,,25,1475,1125,20,2026-04-10 06:32:40.21003+00,
Sunnyvale,CA,California,United States,Pacific,2026,677000,155805,37.385797,-122.0263165,25,3a361ca6-0df1-4a69-834a-d62df445d8fa,26.21,15.27,38.76,4.6,3.53,20.08,16.31,32.74,,11.64,34.79,18.83,24.03,56.94,50.56,0,14.32,23.8,4.24,30.77,31,471.2,244.2,medium,,,215,1476,306,69,2026-04-09 09:45:43.600541+00,
Durham,NH,New Hampshire,United States,New England,2026,3319620,11147,43.1427521,-70.9250024,30,e0a0f7fe-e70f-4fc3-af25-7c4ebcb3e63f,39.41,18.37,8.95,,89.06,30.42,19.43,11.67,,,18.74,25.07,19.28,35.39,34.98,,,34.98,29.08,30.77,31,25.1,41,small,,,12,1476,1126,12,2026-04-14 07:01:40.397024+00,
Santa Clara,CA,California,United States,Pacific,2026,669084,127647,37.3646207,-121.9679735,25,f620f4cd-5e16-467b-8bc5-66fed5f2e185,24.96,14.51,41.21,13.23,20.58,24.94,17.11,21.05,5.23,13.29,32.49,22.4,19.38,57.8,57.93,8.99,18.32,30.9,16.03,30.76,31,459.4,224.6,medium,,,216,1478,307,70,2026-04-09 10:53:45.031368+00,
Teanek,NJ,New Jersey,United States,Mid-Atlantic,2026,3472360,41246,40.8903167,-74.0114782,25,ddad67f9-7e32-45ee-833b-bde9a8cafd24,31.07,26.42,40.56,20.98,40.36,33.61,7.88,7.86,28.6,11.39,9.13,,13.53,22.4,59.97,,,59.97,,30.75,31,196.5,64.5,small,,,61,1479,1127,48,2026-04-10 07:42:40.760926+00,
El Sobrante,CA,California,United States,Pacific,2026,622454,15524,37.9736239,-122.303141,25,51397026-41aa-4607-80bb-bc9bb18b0eea,42.04,40.97,32.45,,,36.71,,,,14.27,,40.11,29.77,28.32,11.74,,,11.74,,30.74,31,68,19.6,small,,,217,1480,1128,141,2026-04-09 06:09:40.940603+00,
Boise,ID,Idaho,United States,Mountain,2026,1608830,235703,43.5993346,-116.2298173,35,f503f36e-7f33-4525-a881-da30d90a9147,29.58,22.13,33.54,26.26,18.76,25.86,17.19,17.78,18.31,9.26,24.56,23.13,19.41,48.18,46.03,23.82,25.32,33.08,2.34,30.72,31,1140,1450.6,medium,,,6,1481,308,2,2026-04-07 15:53:28.581436+00,
Ocean Springs,MS,Mississippi,United States,South,2026,2853520,18429,30.4112,-88.8273,25,fd04e585-eebc-4f69-8e29-c8426d08dea3,42.94,28.58,21.42,,36.97,27.66,13.58,12.64,39.37,6.6,17.27,,19.8,43.92,40.57,,7.84,27.98,,30.66,31,206.3,59.6,small,,,11,1482,1129,10,2026-04-13 21:13:40.604323+00,
Westbrook,ME,Maine,United States,New England,2026,2382105,20400,43.7079198,-70.3526019,25,686da5fe-be10-4ea2-94a4-9b17a5344c2a,36.93,33.55,13.44,,,23.5,12.3,3.49,19.97,9.22,10.2,14.49,12.45,44.09,58.25,36.19,17.4,40.32,,30.62,31,192.9,67.5,small,,,32,1483,1130,31,2026-04-14 05:34:40.253117+00,
La Palma,CA,California,United States,Pacific,2026,640256,15581,33.8467,-118.0467,25,31d5cc83-cb0d-4090-af0b-5a1f16d8126c,38.73,25.98,28.29,,,27.14,11.47,10.92,18.58,22.59,29.21,,19.6,40.13,31.81,,,31.81,,30.6,31,52.3,15.6,small,,,218,1484,1131,142,2026-04-10 21:33:40.454745+00,
Cottonwood,AZ,Arizona,United States,Mountain,2026,416410,12078,34.7508341,-111.9840037,25,431201a3-4d22-46bf-8b49-8df1d1984eb7,38.7,26.65,24.05,,,25.35,,13.98,11.61,5.16,12.64,,11.38,55.46,30.28,10.23,,20.92,,30.55,31,196.8,55.1,small,,,32,1485,1132,24,2026-04-08 19:06:41.195655+00,
Panama City Beach,FL,Florida,United States,South,2026,1254725,18094,30.2331507,-85.8771159,30,48877b0d-0da3-4a5b-8547-562e05149ed3,37.16,28.52,18.11,,,23.32,23.57,16.53,,13.01,25.09,38.66,24.67,50.68,24.23,20.28,3.14,17.58,,30.55,31,39.9,215.6,small,,,32,1485,1132,22,2026-04-09 18:59:40.457131+00,
Oak Point,TX,Texas,United States,South,2026,4853130,4357,33.1704703,-96.9875395,30,9eca13d0-0649-46c6-8bb4-d32b3186e5e8,47.15,51.47,13.69,,,32.58,,,,34.42,,,34.42,16.96,13.52,,,13.52,,30.55,31,1.4,91.2,small,,,39,1485,1132,36,2026-04-09 10:30:40.357333+00,
Yarmouth,MA,Massachusetts,United States,New England,2026,2582595,5403,41.7062,-70.2287,25,a579b55e-6fa5-4803-9d75-1c203489d919,30.8,30.65,,,,30.65,11.58,,,,,,11.58,10.35,51.94,,,51.94,,30.52,31,26.3,107.8,small,,,40,1488,1135,36,2026-04-14 03:39:40.396423+00,
Yarmouth Port,MA,Massachusetts,United States,New England,2026,2582595,5403,41.707149,-70.2209278,25,8157314a-6a62-4560-8194-4304ef2e42e7,30.8,30.65,,,,30.65,11.58,,,,,,11.58,10.35,51.94,,,51.94,,30.52,31,26.3,107.8,small,,,40,1488,1135,36,2026-04-10 23:47:40.159044+00,
Marysville,WA,Washington,United States,Pacific,2026,5343955,70714,48.0802144,-122.1543118,25,78aa0eab-1b4b-4793-a783-7ddb819f82fb,35.13,26.43,27.34,4.06,,24.03,15.51,15.8,3.31,11.96,13.07,9.58,11.24,34.29,56.11,,,56.11,7.93,30.52,31,377.8,139.3,medium,,,52,1488,309,18,2026-04-09 17:25:41.110703+00,
Paramount,CA,California,United States,Pacific,2026,655618,53733,33.8988835,-118.1666294,25,fe7d84bb-0a4d-4987-84d9-7c9b81db0329,27.98,15.45,36.23,,,25.84,6.1,6.42,7.32,6.45,9.52,17.61,8.99,68.35,42.99,6.83,13.79,23.03,,30.49,30,97.4,57.2,medium,,,219,1491,310,71,2026-04-09 07:25:40.245817+00,
Dothan,AL,Alabama,United States,South,2026,121184,71080,31.2336983,-85.4068225,25,19361db8-2af5-4218-b9e0-1e3a8bdab755,37.05,28.34,26.18,22.92,12.37,23.85,19.11,8.92,20.82,10.45,22.37,24.41,19.18,45.92,28.74,,20.54,25.59,,30.48,30,934.5,368.8,medium,,,26,1492,311,9,2026-04-06 23:44:41.459031+00,
Johnstown,PA,Pennsylvania,United States,Mid-Atlantic,2026,4238288,18419,40.3261316,-78.9191386,25,a59fd46c-aa53-44ce-abc5-0b8a1ed3e7fb,46.66,18.55,30.16,,,24.36,23.65,19.2,7.28,10.14,10.89,9.16,13.22,56.01,19.37,,1.73,12.59,9.68,30.48,30,156.7,53.1,small,,,78,1492,1137,68,2026-04-10 09:24:40.463862+00,
Phoenix,AZ,Arizona,United States,Mountain,2026,455000,1608194,33.5721544,-112.0901324,25,69a00d2b-8278-4890-ae3a-f9ef515c9487,29.27,21.27,35.92,15.84,23.34,26.27,17.75,14.39,16.92,18.46,25.05,18.23,19.22,54.16,42.48,26.29,13.02,29.45,13,30.46,30,9782.1,3097.5,large,,,33,1494,46,2,2026-04-11 06:40:36.964295+00,
Mukilteo,WA,Washington,United States,Pacific,2026,5347735,21538,47.9129914,-122.3022054,25,064a3643-5896-4bad-b863-144ee7ccc110,45.6,26.24,30.33,,,28.29,7.43,14.43,,6.47,1.43,24.07,9.43,35.26,44.27,,,44.27,13.15,30.46,30,137.6,43.3,small,,,53,1494,1138,34,2026-04-09 17:32:40.681497+00,
Davie,FL,Florida,United States,South,2026,1216475,105691,26.0791688,-80.2830133,30,5efc7c8d-213e-4e4f-8f26-91d9c3ea034c,33.19,26.01,23.55,,30.17,25.98,8.6,15.07,0,15.87,29.42,,14.32,40.39,41.14,21.48,18.34,28.56,,30.45,30,319.8,537.2,medium,,,33,1496,312,9,2026-04-09 18:47:41.551191+00,
Lawrenceville,GA,Georgia,United States,South,2026,1345488,30629,33.9528754,-83.9922307,30,a55ae700-065d-4d9b-bc29-c91c958a41cb,40.11,15.36,21.27,32.94,,20.14,31.28,17.87,8.04,7.86,35.98,4.97,20.18,58.01,26.57,,5.26,18.37,,30.44,30,68.2,256.8,small,,,34,1497,1139,30,2026-04-09 21:47:40.723548+00,
Kingsport,TN,Tennessee,United States,South,2026,4739560,55468,36.51937,-82.5433926,25,465446b9-6fe3-4238-918c-62dbc7971aa3,44.31,22.59,22.04,17.2,52.99,27.94,10.81,29.34,17.16,14.67,11.18,22.66,16.19,43.16,23.29,35.51,12.48,24.86,,30.4,30,757.5,308.9,medium,,,17,1498,313,7,2026-04-07 01:03:41.08963+00,
Godley,TX,Texas,United States,South,2026,4829972,1450,32.4588817,-97.5329081,30,f4493eb0-60f4-4371-b811-36c834e01fce,38.65,26.81,32.25,,,29.53,18.82,18.82,,,37.86,,27.47,42.78,15.3,,,15.3,,30.4,30,1.6,104.1,small,,,40,1498,1140,37,2026-04-09 10:44:39.922833+00,
Sandy,UT,Utah,United States,Mountain,2026,4967440,97204,40.5717144,-111.8498697,25,87c06abc-94ea-4c1a-bbef-ef2ff5be927a,33.24,27.99,36.58,0.63,,28.33,20.73,8.6,21.83,11.17,20.89,21.58,18.95,42.5,47.6,,8.65,32.62,17.64,30.38,30,671.6,171,medium,,,48,1500,314,11,2026-04-11 01:55:45.428237+00,
Lakewood Ranch,FL,Florida,United States,South,2026,1239067,34877,27.4235321,-82.3867159,30,8d666c2f-e8dc-474b-bd66-c848a6bbc017,38.84,25.02,16.7,9.91,5.31,16.66,10.65,12.75,21.88,7.29,8.59,21.55,13.89,29.15,38.67,35.7,100,52.96,19.97,30.36,30,98.7,502.8,small,,,34,1501,1141,23,2026-04-09 18:55:44.557839+00,
Wethersfield,CT,Connecticut,United States,New England,2026,984970,27298,41.7024837,-72.6693014,25,faa359b2-f87b-4e4b-9e7f-b00ecd778674,31.19,23.65,29.82,,,26.74,,10.03,,6.55,22.65,,16.27,34.03,63.72,,18.51,46.33,,30.35,30,193.1,91.2,small,,,32,1502,1142,26,2026-04-07 03:41:40.536837+00,
Red Bank,NJ,New Jersey,United States,Mid-Atlantic,2026,3462430,12936,40.3487222,-74.0665281,25,f8acbe9b-e7b1-4b59-a1ad-23f0ead6650e,41.6,32.55,40.33,,,36.44,26.85,11.09,10.28,18.82,2.38,,12.96,47.56,31.2,,,31.2,16.1,30.35,30,50.4,17.6,small,,,62,1502,1142,49,2026-04-10 08:13:40.414953+00,
Bartlesville,OK,Oklahoma,United States,South,2026,4004450,37290,36.7376675,-95.948454,25,e19964ae-69d0-43a7-bb97-fe4ba5e99be7,41.92,26.89,27.73,18.95,,26.27,6.91,4.51,6.71,1.97,29.43,,12.62,41.65,31.55,22.77,,27.45,10.99,30.35,30,439.4,119.1,small,,,16,1502,1142,9,2026-04-14 07:04:40.289923+00,
Schuylkill Township,PA,Pennsylvania,United States,Mid-Atlantic,2026,4268288,8780,40.1078665,-75.4930825,25,5654963e-faea-4a17-8616-4bcef9872088,45.25,39.18,12.58,,,25.88,,15.27,,1.18,,,8.23,34.62,32.12,,23.08,28.64,,30.33,30,107.9,32.2,small,,,79,1505,1145,69,2026-04-16 01:57:40.634373+00,
Carbondale,CO,Colorado,United States,Mountain,2026,812045,6434,39.3955593,-107.2150201,30,648a629e-7a52-4ea0-bbb8-6efeced0c658,28.37,27.6,35.68,,,31.64,,,,32.29,26.21,,27.95,34.02,29.57,,,29.57,,30.31,30,28.8,58.8,small,,,36,1506,1146,28,2026-04-09 00:26:40.506438+00,
Ventura,CA,California,United States,Pacific,2026,665042,110748,34.2677796,-119.2542062,25,716a6e4d-11e4-410c-bf2f-1d382d256089,30.18,25.27,35.12,25.07,16.67,26.98,24.51,22.28,21.16,18.92,27.19,16,22.45,38.92,50.15,5.97,18.83,26.86,13.23,30.3,30,572.9,219.8,medium,,,220,1507,315,72,2026-04-09 09:43:45.0855+00,
Springfield,MO,Missouri,United States,Midwest,2026,2970000,169218,37.194157,-93.2926423,25,dcbd747f-254e-4c25-9cb7-0266e76321ef,31.02,21.59,30.68,20.43,23.42,25.02,24.6,18.39,17.85,20.16,17.23,14.48,18.82,57.81,38.01,32.03,12.6,29.56,9.5,30.28,30,1422.3,622.2,medium,,,35,1508,316,9,2026-04-14 07:11:44.536494+00,
Mesquite,TX,Texas,United States,South,2026,4847892,150212,32.7595502,-96.5841641,30,dde02ae5-7ed4-4171-a809-9b51180ab080,30.94,22.56,34.78,8.06,21.56,25.19,11.6,13.4,28.93,13.96,19.08,23.55,19.14,49.6,35.36,28.39,9.87,26.55,,30.27,30,688.8,550.2,medium,,,41,1509,317,3,2026-04-09 11:16:42.224827+00,
Lincoln Park,NJ,New Jersey,United States,Mid-Atlantic,2026,3440290,10915,40.9237508,-74.304235,25,8cc9ea5f-04d5-46bf-8b6c-e051d7ba5e84,43.19,40.02,16.65,,,28.34,3.15,9.3,,7.11,17.15,,10.09,21.06,46.23,,34.22,41.61,36.18,30.26,30,77.4,29.8,small,,,63,1510,1147,50,2026-04-10 07:48:40.386592+00,
Tukwila,WA,Washington,United States,Pacific,2026,5372625,21798,47.476289,-122.2757402,25,1f98f55c-1f84-48df-a807-34dc211b4d2c,34.25,20.13,29.62,,,24.88,11.97,18.17,21.59,23.35,23.63,22.01,20.07,58.24,49.69,27.98,11.57,32.56,13,30.26,30,135.4,124.1,small,,,54,1510,1147,35,2026-04-09 17:45:40.855566+00,
Grayslake,IL,Illinois,United States,Midwest,2026,1731121,21258,42.3408203,-88.0335626,30,0c6fcc8c-bb38-4206-b44e-f74e28c858b7,29.89,25.31,34.95,27.92,,29.85,17.68,11.01,35.94,24.27,29.58,,25.47,46.15,48.11,43.17,3.01,35.11,8.65,30.25,30,73.7,183.8,small,,,18,1512,1149,12,2026-04-08 22:12:40.579351+00,
New Haven,MO,Missouri,United States,Midwest,2026,2951914,2398,38.6042493,-91.2180825,25,769c52b3-30d2-4fb5-a2c0-d1d0bf050965,72.55,46.73,,,,46.73,,19.56,,,,,19.56,4.91,27.56,,,27.56,,30.25,30,27.7,12,small,,,36,1512,1149,25,2026-04-14 03:06:40.130588+00,
View Park-Windsor Hills,CA,California,United States,Pacific,2026,682667,11419,33.9939,-118.3486,25,6a457444-54b2-4ff3-94ed-eab46cd519fd,37.22,32.51,18.5,,,25.51,,,,14.04,,,14.04,50.37,30.03,,,30.03,,30.23,30,59.5,20.4,small,,,221,1514,1151,143,2026-05-08 21:53:44.633215+00,
Napa,CA,California,United States,Pacific,2026,650258,79207,38.2978718,-122.3007407,25,b52cac9c-8be4-4f57-a198-6d61f4a9bc36,31.97,26.92,41.16,5.89,,30.52,20.42,13.59,26.1,21.52,23.58,28.16,22.93,52.2,58.44,3.07,9.06,26.72,2.21,30.22,30,442.9,139.8,medium,,,222,1515,318,73,2026-04-09 07:17:41.520622+00,
Savannah,GA,Georgia,United States,South,2026,1369000,147826,32.0180425,-81.1964916,25,3456f311-c5c2-4bfe-9bcd-8c00394273d5,32.79,25.17,27.96,20.96,17.37,24.17,7.92,9.33,19.1,11.87,11.67,5.8,11.31,41.07,41.16,12.45,10.8,23.52,9.3,30.21,30,1303,480,medium,,,35,1516,319,4,2026-04-10 03:41:47.787011+00,
Olive Branch,MS,Mississippi,United States,South,2026,2854040,46421,34.9557519,-89.8411534,25,abc20c45-9f69-470c-a539-72ef494a06fd,48.94,30.8,18.03,,,24.42,25.55,0.24,15.05,21.54,20.56,17.8,18.11,34.45,20.9,,,20.9,,30.17,30,513.5,205,small,,,12,1517,1152,11,2026-04-13 21:15:41.300957+00,
Elkin,NC,North Carolina,United States,South,2026,3720620,4122,36.2633648,-80.8471063,35,ce4e98d7-f58e-46ff-8a93-b0c80fa5024f,40.54,31.22,3.12,,,17.17,25.85,14.89,31,24.79,11.01,17.4,20.7,46.99,37.74,,18.24,30.24,,30.17,30,11.4,102.1,small,,,17,1517,1152,13,2026-04-10 09:14:40.379848+00,
McLean,VA,Virginia,United States,South,2026,5148376,50773,38.9435449,-77.1929134,25,c2112a50-d7a2-4961-9dca-59af3cb79d7e,32.37,27.07,34.3,,,30.69,12.3,,,7.31,15.4,13.38,12.93,25.39,56.58,,8.18,37.96,,30.16,30,459.4,156.2,medium,,,46,1519,320,11,2026-05-08 21:54:05.41971+00,
Stockbridge,GA,Georgia,United States,South,2026,1373704,35650,33.5300193,-84.2342751,30,2cdb4a02-6114-4b88-8771-abef96052247,41.54,32.22,14.65,,,23.44,2.79,2.77,18.15,24.5,19.18,,13.78,16.47,13.33,,,13.33,,30.15,30,32.8,313.6,small,,,36,1520,1154,31,2026-04-09 22:24:40.552586+00,
Santa Fe Springs,CA,California,United States,Pacific,2026,669154,19219,33.9428,-118.0653,25,c436ec2a-eebe-4b3c-8a30-1b6fde51e065,36.7,12.74,32.81,,,22.78,2.37,,3.67,,15.34,,7.76,19.07,54.34,,,54.34,6.9,30.12,30,93.6,113.2,small,,,223,1521,1155,144,2026-04-10 23:00:40.120039+00,
Tracy,CA,California,United States,Pacific,2026,680238,93124,37.7273956,-121.4521955,25,e43d71de-d551-4998-9343-d08ce701ee54,29.68,20.6,32.82,,,26.71,6.2,16.69,20.22,17.25,25.12,4.6,15.65,38.29,62.73,39.47,1.06,39.17,18.12,30.12,30,518.4,191.7,medium,,,223,1521,321,74,2026-04-09 08:37:41.395496+00,
Sacramento,CA,California,United States,Pacific,2026,664000,524954,38.5676936,-121.4681605,25,e9ae4d12-a8d9-495a-bf72-a4dec7dee862,31.6,21.95,37.89,9.23,18.94,25.66,7.86,12.25,15.44,12.7,31.34,19.07,17.85,41.42,49.33,33.37,15.87,35.38,20.34,30.1,30,2559.8,936.5,large,,,225,1523,47,7,2026-03-31 16:16:17.330135+00,
Brielle,NJ,New Jersey,United States,Mid-Atlantic,2026,3407750,4982,40.1053366,-74.0644076,25,999d54a3-5df6-45a3-9085-abd49c819c55,44.72,40.6,17.08,,,28.84,,,,,,,,21.11,27.91,,24.02,26.41,,30.1,30,42.7,15.3,small,,,64,1523,1156,51,2026-04-10 06:42:40.216865+00,
Jackson,TN,Tennessee,United States,South,2026,4737640,68228,35.6541703,-88.8353351,25,cf17b148-85a3-4234-b95f-36e01ff2b92b,39.02,27.15,24.61,17.91,20.15,23.94,16.51,21.06,5.51,17.7,15.43,5.71,12.99,41.8,23.88,,17.96,21.6,23.91,30.1,30,725.2,294.3,medium,,,18,1523,322,8,2026-04-07 00:43:40.558148+00,
Charter Oak,CA,California,United States,Pacific,2026,612734,9739,34.0953,-117.8492,25,558496b2-1bb8-4995-a81f-5370c3ceba66,33.53,31.21,16.37,,,23.79,,,,,,,,38.71,9.52,,,9.52,,30.09,30,25.3,12,small,,,226,1526,1157,145,2026-04-10 20:50:40.76408+00,
Indian Head,MD,Maryland,United States,Mid-Atlantic,2026,2441500,3894,38.6062,-77.1523,30,ebf9a6bf-e17d-403a-b21c-e0a1234a4ad3,44.12,24.97,38.42,,,31.7,,,,,28.47,,28.47,15.77,30.13,,,30.13,,30.08,30,9.5,32.3,small,,,32,1527,1158,24,2026-04-10 23:53:40.08458+00,
Pomona,CA,California,United States,Pacific,2026,658072,151713,34.0584937,-117.7610909,25,e08365f8-16d1-42a2-8e30-945348b37d64,28.51,22.27,32.82,,33.6,28.89,20.12,15.98,10.01,9.59,16.81,21.58,16.02,55.85,31.23,,,31.23,21.15,30.07,30,473.5,268.2,medium,,,227,1528,323,75,2026-04-09 07:01:41.042434+00,
Raleigh,NC,North Carolina,United States,South,2026,3755000,467840,35.831868,-78.6410418,35,4dabd6bd-e81f-41c5-82e4-32b7dbc488a0,34,23.95,23.55,17.34,26.92,23.74,17.9,15.23,11.56,15.33,20.59,14.42,16.26,43.49,43.7,30.59,15.74,32.12,7.41,30.07,30,2802,1463.1,large,,,18,1528,48,2,2026-04-02 00:08:06.860942+00,
Nether Providence Township,PA,Pennsylvania,United States,Mid-Atlantic,2026,4253104,14525,39.8995373,-75.3653945,25,35b246a7-50ca-4be1-acba-acf1e98a25bd,51.04,39.04,37.1,,,38.07,,,,,1.11,12.66,5.44,16.61,50.01,,,50.01,13.16,30.05,30,124.9,37.5,small,,,80,1530,1159,70,2026-04-16 01:46:40.928671+00,
Waldorf,MD,Maryland,United States,Mid-Atlantic,2026,2481175,81410,38.609172,-76.919776,30,b6794292-3839-4d65-b909-d93dffbc59b3,39.43,25.27,32.21,,,28.74,11.87,7.23,,14.74,19.66,6.13,13.01,36.8,45.26,30.69,20.61,34,,30.02,30,131.7,672.4,medium,,,33,1531,324,8,2026-04-10 00:58:41.390926+00,
Scottsdale,AZ,Arizona,United States,Mountain,2026,465000,241361,33.6842718,-111.8614483,25,9cf9cf33-f63f-4418-b0e1-ac8a0e48f25a,31.98,24.17,21.63,2.6,18.52,19.99,21.32,14.06,12.76,19.12,22.83,20.56,18.93,43.72,37.01,29.07,21.87,30.45,6.1,30.01,30,2727.4,739.2,medium,,,34,1532,325,8,2026-04-09 08:22:58.440543+00,
Chatham,MA,Massachusetts,United States,New England,2026,2512960,1551,41.6882,-69.9598,25,5386ea5b-6b3f-40e9-9e73-13051995e779,33.47,25.31,33.77,,,29.54,,,,9.72,9.72,,9.72,39.86,62.48,,13.15,43.51,,30.01,30,4.2,63.4,small,,,42,1532,1160,38,2026-04-14 02:48:40.381128+00,
North Myrtle Beach,SC,South Carolina,United States,South,2026,4551280,18956,33.8219601,-78.7029818,30,71aa5798-d377-4770-91b8-fe9c190c7a51,33.49,26.44,28.85,,,27.65,2.77,6.71,,21.94,26.63,,15.5,39.22,23.23,,10.14,18.2,,30.01,30,45.9,485.1,small,,,8,1532,1160,8,2026-04-13 21:29:40.348065+00,
Breckenridge,CO,Colorado,United States,Mountain,2026,808400,5078,39.4994596,-106.0432434,30,2d0c58ab-3766-465f-9b2d-0c8175b8d02c,32.98,25.05,11.59,,,18.32,11.27,,,,26.14,,19.53,47.56,47.03,28.31,,38.29,24.84,29.99,30,110.6,97.7,small,,,37,1535,1162,29,2026-04-08 23:47:44.912825+00,
Bridgewater Center,NJ,New Jersey,United States,Mid-Atlantic,2026,3407728,6082,40.6027432,-74.6460963,25,6add4df0-ea83-4e29-94c0-5cfec0f33a4f,60.77,23.73,27.58,,,25.66,7.41,,,,,11.72,9.26,9.67,28.58,,,28.58,,29.99,30,61.4,47.9,small,,,65,1535,1162,52,2026-04-10 07:22:40.56354+00,
Glendale,AZ,Arizona,United States,Mountain,2026,427820,248675,33.533111,-112.1899006,25,03fb1a34-1541-437b-9596-be6a040d75d3,26.44,18.69,25.67,10.74,7.29,18.06,22.35,21.86,11.69,17.36,15.23,13.51,16.56,52.56,47.65,19.24,16.13,29.83,4.01,29.96,30,1326.5,524.1,medium,,,35,1537,326,9,2026-04-08 21:04:43.378241+00,
Southport,NC,North Carolina,United States,South,2026,3763400,3989,33.9333263,-78.0084583,35,53d59f7f-dd42-47d5-89d0-3a1b46874265,33.67,30.81,12.7,,,21.76,15.58,,13.93,100,9.39,,24.33,30.87,38.96,,,38.96,19.69,29.96,30,23.8,62.2,small,,,19,1537,1164,14,2026-04-10 10:15:40.820778+00,
Shannon Hills,AR,Arkansas,United States,South,2026,563470,4490,34.6406,-92.4924,30,bde2ba36-9bfd-420c-baed-36d95b294e90,54.27,46.11,9.33,,,27.72,,,,,13.31,,13.31,15.77,10.64,,,10.64,,29.95,30,0.2,51,small,,,7,1539,1165,3,2026-04-14 03:48:40.172398+00,
Randolph,NJ,New Jersey,United States,Mid-Atlantic,2026,3461890,26504,40.8416396,-74.5785221,25,6f7e81dd-4049-4aab-a399-e6b273028b37,44.68,32.1,22.59,6.73,,24.77,,,,13.04,20.52,,18.38,24.73,35.7,23.79,6.73,24.29,,29.94,30,268.8,91.6,small,,,66,1540,1166,53,2026-04-10 08:08:40.190717+00,
Rosendale,NY,New York,United States,Mid-Atlantic,2026,3663725,1285,41.849081,-74.0735788,20,36e86360-6293-4fc5-9df1-f07316b99bc1,45.2,43.39,17.84,,,30.62,,,,,,,,29.59,14.08,,,14.08,,29.93,30,7.5,35.2,small,,,26,1541,1167,21,2026-04-10 06:58:40.206266+00,
Brentwood,CA,California,United States,Pacific,2026,608142,64292,37.9355778,-121.7189698,25,a0dc8033-53f4-4838-b54e-b470c97ba437,33.16,27.95,21.38,27.57,,25.03,21.77,37.99,,10.65,26.78,19.72,23.59,39.2,58.62,42.34,4.29,39.34,12.62,29.92,30,405.1,109.4,medium,,,228,1542,327,76,2026-04-09 04:39:40.88248+00,
Avon,MA,Massachusetts,United States,New England,2026,2502935,4777,42.1287,-71.0334,25,fca7b499-00d8-4d87-a1a8-059dfd86b20e,34.15,30.12,12.65,,,21.39,,,,,12.25,26.86,17.73,39.67,43.55,,,43.55,,29.91,30,6.8,70.5,small,,,43,1543,1168,39,2026-04-14 02:46:40.296032+00,
Winchester,VA,Virginia,United States,South,2026,5186720,28120,39.1738688,-78.1763562,25,3cfefeec-7bcb-429c-8da3-25b271a96ab8,27.02,19,24.33,,22.02,21.74,16.58,9.96,14.95,13.02,8.39,3.45,11.22,57.76,41.07,,,41.07,,29.89,30,168.6,88.2,small,,,47,1544,1169,35,2026-04-10 11:11:40.721675+00,
Eureka Springs,AR,Arkansas,United States,South,2026,522240,2166,36.4012,-93.7368,30,930687a3-5a79-42f5-a34d-8872f32daabe,35.11,32.69,19.09,,,25.89,,,13.29,,33.87,,24.72,53.81,30.5,100,6.26,48.77,23.36,29.86,30,54.1,78.1,small,,,8,1545,1170,4,2026-04-14 03:36:40.127508+00,
Powder Springs,GA,Georgia,United States,South,2026,1362524,16952,33.8643499,-84.6812156,30,1a46a790-87a1-42df-9a56-9dd9ab7710fd,39.27,30,20.7,,,25.35,30.78,17.17,,24.08,20.04,,23.52,36.07,30.09,28.96,,29.56,,29.86,30,23.8,175.8,small,,,37,1545,1170,32,2026-04-09 22:22:42.23595+00,
Fairburn,GA,Georgia,United States,South,2026,1328380,16483,33.5477982,-84.5872655,30,da68bd2f-cc49-4b96-8ebb-5b39b3d66737,45.5,26.89,4.81,,7.82,14.07,7.99,,,0.88,1.08,46.64,12.79,33.34,16.63,,5.31,12.28,,29.85,30,7.7,225.4,small,,,38,1547,1172,33,2026-04-09 21:51:39.742161+00,
Vacaville,CA,California,United States,Pacific,2026,681554,102386,38.3586211,-121.9686015,25,f7375f75-1a56-4f66-9ac8-33d95ae77c2d,32.89,25.78,33.18,11.44,,27.23,8.17,22.74,12.84,16.94,23.65,26.01,17.98,42.04,54.54,26.22,7.28,32.81,8.45,29.84,30,710.5,204.9,medium,,,229,1548,328,77,2026-04-09 09:27:42.937623+00,
Warrenton,VA,Virginia,United States,South,2026,5183136,10057,38.7178169,-77.797316,25,81f69918-5af3-4ec6-9b84-a55cbe33dea8,28.88,24.38,27.31,,,25.85,15.36,13.72,14.76,27.06,27.4,,19.94,47.08,40.95,,11.82,29.75,,29.83,30,85.2,44.3,small,,,48,1549,1173,36,2026-04-10 11:30:40.192212+00,
Palmdale,CA,California,United States,Pacific,2026,655156,169450,34.5910383,-118.1054031,25,ec7bdde6-7bd1-411f-b550-801c3bd6c0fc,32.63,28.94,27.96,6.15,,25.66,12.09,13.45,27.97,18.98,22.86,,19.96,45.12,28.25,7.04,10.67,16.43,15.69,29.79,30,1045,327.3,medium,,,230,1550,329,78,2026-04-09 07:31:41.004125+00,
Salisbury,MD,Maryland,United States,Mid-Atlantic,2026,2469925,33051,38.3753277,-75.5859246,25,43814a93-f511-40c6-99b2-80831ec1f12a,42.79,16.88,32.64,,52.01,30.82,9.01,2.2,12.05,7.56,25.46,3.8,12.12,53.98,40.98,,35.75,38.97,0.34,29.79,30,249.6,113.4,small,,,34,1550,1174,25,2026-04-10 01:13:41.251175+00,
Redmond,OR,Oregon,United States,Pacific,2026,4161200,33279,44.2606936,-121.1824247,25,b78e6fe0-22cb-4c0a-899d-af393cffb556,44.22,24.15,35.74,0.06,10.99,23.17,5.27,17.95,10.11,2.95,20.5,,12.11,31.83,58.64,,0.16,36.15,0.8,29.79,30,319.8,102.8,small,,,28,1550,1174,20,2026-04-08 01:10:41.005161+00,
Potomac,MD,Maryland,United States,Mid-Atlantic,2026,2463300,47018,39.0133324,-77.1935786,30,3bf3ab2c-4556-409d-8efc-660013c9fa44,32.69,30.51,36.78,,,33.65,19.75,,,20.21,18.14,16.16,18.47,23.8,57.99,26.19,16.76,36.55,,29.78,30,131.5,443,small,,,35,1553,1176,26,2026-04-10 00:32:40.523762+00,
San Pablo,CA,California,United States,Pacific,2026,668294,32127,37.9625,-122.3425,25,f8c33d45-5c28-4389-837e-8143abfdc885,36.86,25.27,45.76,26.49,,34.39,5,3.33,,7.53,27.74,,13.88,34.64,43.92,,,43.92,16.11,29.77,30,84,29.5,small,,,231,1554,1177,146,2026-04-10 22:17:41.082478+00,
Oviedo,FL,Florida,United States,South,2026,1253575,40059,28.6619305,-81.1871009,30,570fcd6d-3427-4425-b229-48440f2cfa7d,37.58,28.52,26.27,17.5,,26.16,8.93,7.26,22.6,19.09,22.43,,17.12,35.09,42.07,16.52,20.99,27.86,,29.77,30,31.9,312.5,small,,,35,1554,1177,24,2026-04-09 18:45:40.261348+00,
Rensselaer,NY,New York,United States,Mid-Atlantic,2026,3661148,9210,42.64574,-73.7325135,20,8a09c29d-13aa-4a99-bbb5-12cc92ef90d1,30.18,24.89,12.82,,,18.86,,,,4.15,,6.42,5.51,26.32,46.73,,,46.73,6.86,29.77,30,9,67.1,small,,,27,1554,1177,22,2026-04-10 07:02:40.351758+00,
Ottumwa,IA,Iowa,United States,Midwest,2026,1960465,25529,41.02,-92.4113,25,88269818-6f79-4efc-b4c0-a2864f9d487c,32.36,23.22,27.1,,27.48,25.68,9.89,16.92,15.17,18.42,25.86,26.75,19.02,63.43,44.13,2.44,,24.67,0.49,29.76,30,246.8,109.3,small,,,24,1557,1180,13,2026-04-14 05:14:45.089334+00,
Tysons,VA,Virginia,United States,South,2026,5179950,26374,38.9187,-77.2298,25,a7f58495-b624-4844-a78c-b4b317411ca8,33.61,21.03,25.08,,,23.06,18.31,10.85,,0,31.51,,19.42,51.59,64.22,,9.99,43.36,9.89,29.73,30,85.8,85,small,,,49,1558,1181,37,2026-04-14 02:24:40.634393+00,
Milford,NH,New Hampshire,United States,New England,2026,3347940,9212,42.8316445,-71.678708,30,cd3334a1-4513-4a3a-8ed6-8efe4f74adf4,34.98,28.58,18.48,,,23.53,13.11,,,18.56,,10.71,13.52,42.32,39.61,,,39.61,,29.68,30,13.4,87.3,small,,,13,1559,1182,13,2026-04-14 07:18:41.138504+00,
Stockton,CA,California,United States,Pacific,2026,675000,320736,37.9765533,-121.3085983,25,abc9d2aa-375b-4ee6-b527-a0249bdab3c4,35.36,27.02,35.22,16.95,45.26,32.53,14.07,10.28,15.9,10.69,23.22,14.53,16.08,38.13,36.64,28.21,14.03,28.04,9.01,29.67,30,1405.6,475.4,large,,,232,1560,49,8,2026-03-31 02:13:51.81281+00,
Kapolei,HI,Hawaii,United States,Pacific,2026,1530300,21411,21.3399253,-158.067827,25,fa0e55c2-bbc8-4a52-bb4d-359d483e1ff5,37.24,26.78,41.11,,14.32,29.58,8.5,,21.62,10.65,16.01,,14.79,39.94,43.63,,38.2,41.54,1.56,29.65,30,69.9,45,small,,,6,1561,1183,6,2026-04-08 20:17:41.383761+00,
Sudbury,MA,Massachusetts,United States,New England,2026,2568260,18934,42.3833674,-71.4210704,25,c576b81b-5296-4a8d-ae4c-593d0b9e4da7,38.03,29.77,17.15,,,23.46,16.14,,,7.43,21.69,23.85,18.53,27.77,58.58,26.77,11.48,35.67,,29.64,30,279.9,108,small,,,44,1562,1184,40,2026-04-11 01:44:40.640194+00,
Metuchen,NJ,New Jersey,United States,Mid-Atlantic,2026,3445690,15049,40.5424449,-74.362767,25,d7857c41-ed79-440b-a7d8-12958462eaa4,30.49,31.41,42.43,,,36.92,22.47,11.28,,22.87,11.95,20.11,17.39,50.2,53.23,,6.38,35.21,6.77,29.6,30,85.7,23.3,small,,,67,1563,1185,54,2026-04-10 08:07:39.994315+00,
Galax,VA,Virginia,United States,South,2026,5130208,6720,36.6656397,-80.9143083,25,6a4c13bf-f1ad-4bb1-8118-373b7fcdfd50,35,33.32,12.25,,,22.79,20.43,28.07,9.68,21.8,19.18,20.87,18.93,55.36,22.45,24.83,,23.56,,29.58,30,109.6,44.8,small,,,50,1564,1186,38,2026-04-10 11:08:40.007988+00,
Crestwood,MO,Missouri,United States,Midwest,2026,2917218,12404,38.5537,-90.3798,25,d7729148-c4c1-4eb0-a4a6-9ed248009500,38.04,26.03,25.08,,,25.56,7.51,,,11.18,10.8,,9.67,43.95,45.19,,21.84,36.21,,29.56,30,110,21.2,small,,,37,1565,1187,26,2026-04-14 04:04:42.607244+00,
River Forest,IL,Illinois,United States,Midwest,2026,1764304,11717,41.8981,-87.8148,30,9d936821-cfb2-4ff4-a6fa-d83d6c202b94,35.41,36.22,33.11,,41.84,36.26,20.87,1.07,,29.62,23.99,4.06,17.31,40.06,48.2,,2.37,30.57,6.87,29.53,30,27.1,57.7,small,,,19,1566,1188,13,2026-04-14 04:19:40.656225+00,
Williston,ND,North Dakota,United States,Midwest,2026,3886220,28815,48.1894957,-103.6491172,25,65089047-5e09-4452-ba59-b04dbf896200,46.88,30.63,33.23,,19.9,29.26,,,0.99,19.14,12.33,4.88,8.47,36.4,32.32,39.48,2.07,27.26,1.57,29.5,30,304.7,126.1,small,,,10,1567,1189,7,2026-04-07 02:43:40.767844+00,
Germantown,MD,Maryland,United States,Mid-Atlantic,2026,2432025,91249,39.1742524,-77.2637543,30,96293f80-51e7-4803-8868-1e04772510ea,31.8,26.28,37.79,25.05,,31.16,10.08,8.71,13.96,18.25,31.81,15.96,17.85,39.01,62.45,42.18,25.3,46.07,5.44,29.48,29,146.2,432.4,medium,,,36,1568,330,9,2026-04-10 00:44:41.31759+00,
Newark,TX,Texas,United States,South,2026,4850772,1096,33.013542,-97.4884183,30,1b665728-6866-4ed3-ba31-ffae55fd455c,56.75,23.65,,,,23.65,,,,,,,,21.17,10.54,,,10.54,,29.48,29,0,29.5,small,,,42,1568,1190,38,2026-04-09 10:09:40.043153+00,
Union Park,FL,Florida,United States,South,2026,1273075,10452,28.5670294,-81.2380854,30,3c389f1a-1a72-43bc-928c-0251104d6a04,36.32,31.2,35.82,,,33.51,,,,17.07,11.07,,12.78,33.01,22.69,,,22.69,,29.47,29,6.8,66.7,small,,,36,1570,1191,25,2026-04-09 20:07:40.925387+00,
Loudonville,OH,Ohio,United States,Midwest,2026,3945066,2786,40.6340481,-82.2323204,25,c09648f2-ae02-4c2e-a89f-2cc2d045ccba,42.49,42.89,12.29,,,27.59,36,,,31.06,9.46,,23.04,26.46,29.95,,,29.95,,29.47,29,41,16.4,small,,,75,1570,1191,62,2026-04-10 13:08:40.020118+00,
East Rancho Dominguez,CA,California,United States,Pacific,2026,621034,15114,33.9006,-118.2045,25,6ee58987-d6f4-4fad-99ec-40c8ab55111b,36.6,32.6,14.3,,,23.45,,,,,17.35,,17.35,67.01,14.04,,,14.04,17.35,29.46,29,29.8,5.3,small,,,233,1572,1193,147,2026-04-10 20:54:41.08671+00,
Englewood,NJ,New Jersey,United States,Mid-Atlantic,2026,3421480,29308,40.8937,-73.9723,25,21ba04d8-ddc9-42ef-818d-25524ddc726f,32.17,22.52,42.28,,,32.4,12.41,3.12,9.28,1.1,30.46,9.08,13.74,42.15,28.41,,,28.41,,29.46,29,133.8,35,small,,,68,1572,1193,55,2026-04-14 09:23:40.249059+00,
Seagoville,TX,Texas,United States,South,2026,4866428,18446,32.6533835,-96.5450583,30,25311827-b3b1-4fc9-aa83-4d30b6e72432,42.35,27.58,20.09,,,23.84,,20.19,,17.55,22.03,25.79,21.92,33.45,27.29,,,27.29,,29.46,29,91.4,133,small,,,43,1572,1193,39,2026-04-09 12:58:39.90184+00,
Nashua,NH,New Hampshire,United States,New England,2026,3350260,91314,42.7490744,-71.4905435,30,14d26dcb-7953-4f54-a987-d753be46d208,25.17,22.09,30,17.94,7.66,21.56,26.76,22.89,8.25,15.17,20.27,25.32,19.67,49.93,42.89,12.55,2.86,22.26,17.29,29.44,29,243.4,643.4,medium,,,14,1575,331,1,2026-04-14 08:30:42.628671+00,
Sioux Falls,SD,South Dakota,United States,Midwest,2026,4659020,192722,43.5406955,-96.7319616,25,83a047a4-2a2b-4f22-be52-4d69dc5be0eb,32.93,21.71,26.54,4.51,15.23,20.38,17.34,14.66,26.3,14.13,22.34,18.76,20.01,47.12,41.53,22.74,12.89,27.79,7.52,29.4,29,1600.1,635.6,medium,,,12,1576,332,2,2026-03-31 23:59:05.193521+00,
Highland Village,TX,Texas,United States,South,2026,4833848,15899,33.0897488,-97.0615042,30,e577295b-8bf6-4e34-af98-0154107bac06,38.73,27.9,32.14,,,30.02,7.98,13.21,,16.7,12.02,,11.68,25.82,50.89,51.89,14.87,42.24,,29.36,29,66,145.1,small,,,44,1577,1196,40,2026-04-09 09:31:40.212176+00,
Pagosa Springs,CO,Colorado,United States,Mountain,2026,856860,1571,37.2634217,-107.0035648,30,9590db06-3d62-4a53-bb6c-407eaa4a5a4e,37.03,25.74,17.65,,,21.7,73.47,9.21,35.71,73.47,8.7,,37.98,46.41,27.82,,,27.82,,29.35,29,5.3,63.4,small,,,38,1578,1197,30,2026-04-09 01:06:40.40865+00,
Mount Vernon,OH,Ohio,United States,Midwest,2026,3953102,16956,40.3937,-82.4823,25,d7840c7a-9f93-4665-9e40-572ea8eab74b,37.44,31.2,36.06,8.91,21.22,28.68,14.34,20.5,17.93,14.2,15,13.64,15.72,39.32,33.96,26.63,,30.54,,29.35,29,169.9,51,small,,,76,1578,1197,63,2026-04-14 08:46:40.060369+00,
Palm Beach Gardens,FL,Florida,United States,South,2026,1254075,59222,26.848788,-80.1671239,30,81e9e517-74e4-4db2-8da3-b2e415fb4296,38.76,31.62,16.66,18.57,,23.44,11.44,,24.12,11.18,16.19,,16.37,21.03,29.57,33.82,5.76,25.11,,29.33,29,266.2,601.3,medium,,,37,1580,333,10,2026-04-09 19:45:40.896607+00,
Midway,UT,Utah,United States,Mountain,2026,4949820,6006,40.5137,-111.4748,25,6663df90-06dd-4328-8a7e-4ae163b53897,43.31,40.74,15.66,,,28.2,,35.49,,,18.09,,23.06,29.14,29.67,,22.98,27.1,,29.31,29,117.7,29.4,small,,,49,1581,1199,38,2026-04-11 00:45:40.60005+00,
Lomita,CA,California,United States,Pacific,2026,642468,20921,33.7922,-118.3153,25,caf0db6e-da05-4108-9c84-14495cf7f005,30.69,29.29,14.36,,,21.83,23.55,13.3,,13.75,18.71,,18.6,65.91,18.28,,11.31,15.6,,29.3,29,45.1,25.7,small,,,234,1582,1200,148,2026-04-10 21:53:40.792516+00,
West Carson,CA,California,United States,Pacific,2026,684144,22870,33.8281,-118.2942,25,1568f297-cb90-4d72-b8eb-b58d5fe9d482,32.33,29.05,13.36,,,21.21,,8.36,33.15,3.74,,,19.6,59.09,19.68,,,19.68,,29.3,29,54.6,27.8,small,,,234,1582,1200,148,2026-04-10 22:14:40.519916+00,
Villa Park,CA,California,United States,Pacific,2026,682744,5843,33.8147,-117.8131,25,2003d51e-5fbb-4b49-bf61-d6c91b757720,41.94,38.34,25.25,,,31.8,,27.31,,27.31,27.31,,27.31,27.31,16.29,,,16.29,,29.29,29,45.2,21.8,small,,,236,1584,1202,150,2026-04-10 21:34:40.589305+00,
Mesa,AZ,Arizona,United States,Mountain,2026,446000,504527,33.4006255,-111.7164869,25,896bf247-81f7-4b99-accd-4e6b062ac0a9,23.22,17.41,28.42,15.53,6.8,18.95,26.56,20.14,9.64,13.46,19.36,16.54,17.92,51.91,56.25,6.05,11.21,27.42,10.68,29.28,29,2754.7,995.3,large,,,36,1585,50,3,2026-03-31 12:56:09.214207+00,
Doral,FL,Florida,United States,South,2026,1217935,75874,25.815956,-80.3575565,30,5097b723-835e-4cb5-bcb7-09109140c5f1,26.14,16.56,28.58,8.99,,20.87,9.61,13.48,0.36,14.41,30.81,,14.69,39.25,47.5,,8.49,32.5,,29.28,29,118.5,235.9,medium,,,38,1585,334,11,2026-04-09 18:11:40.950512+00,
Ozark,MO,Missouri,United States,Midwest,2026,2955766,21284,37.0335996,-93.2180442,25,be5e13bc-5c28-4811-93f0-1003389aa251,48.52,35.9,11.75,17.76,,23.07,27.27,,,13.23,15.55,,19.39,36.64,18.07,39.14,17.25,25.24,,29.27,29,232.9,78.2,small,,,38,1587,1203,27,2026-04-14 03:14:40.630823+00,
Hanover,NJ,New Jersey,United States,Mid-Atlantic,2026,3429550,14677,40.8199503,-74.4279856,25,433476a3-c5e8-46b8-956f-05eaddab2a19,36.05,26.62,19.48,,,23.05,22.8,3.42,,10.14,18.03,23.6,17.45,26.42,52.44,,,52.44,,29.27,29,111.8,70.7,small,,,69,1587,1203,56,2026-04-10 07:36:40.348637+00,
Chandler,AZ,Arizona,United States,Mountain,2026,412000,276007,33.2827655,-111.8518187,25,ae98ad75-d122-4d48-8b4b-4923031b38fb,22.96,18.03,26.78,16.06,12.37,19.76,21.8,19.22,12.67,15.98,21.86,17.42,18.49,42.54,62.62,6.67,8.58,29.53,8.06,29.26,29,1529.8,582.6,medium,,,37,1589,335,10,2026-04-09 04:11:53.738061+00,
Lafayette,CO,Colorado,United States,Mountain,2026,841835,30411,39.9948143,-105.0996758,30,f131ed78-085f-4979-965e-51757473560b,26.27,25.45,28.47,,,26.96,19.43,18.93,25.26,15.38,11.59,,17.96,41.91,54.29,27.69,14.46,35.02,,29.26,29,146.5,237.1,small,,,39,1589,1205,31,2026-04-09 00:21:40.667979+00,
Jefferson City,MO,Missouri,United States,Midwest,2026,2937000,43228,38.5674612,-92.1752539,25,670e7569-f1b7-4aed-971f-dcfb319f6df3,40.2,25.88,26.23,,17,24.04,9.01,1.3,16.54,8.29,11.18,7.25,9.95,27.63,31.29,22.62,,27.24,2.6,29.25,29,436.2,287.7,small,,,39,1591,1206,28,2026-04-14 03:56:44.441604+00,
Clarksville,TN,Tennessee,United States,South,2026,4715160,166783,36.5664303,-87.3452162,25,bb387103-2c23-4c5b-9a06-441775486b6f,43.97,26.82,21.27,12.76,29.33,23.97,12.41,18.79,13.55,16.78,18.57,23.25,16.88,37.29,28.16,24.31,18.19,24.32,,29.23,29,1463.8,398.1,medium,,,19,1592,336,9,2026-04-07 01:31:51.069231+00,
East Liverpool,OH,Ohio,United States,Midwest,2026,3923730,9958,40.6329961,-80.5673931,25,53e3e74e-a05a-49d5-b7db-b3ad99d51012,44.39,27.83,29.45,,40.79,31.34,,,5.5,,42.12,,25.84,18.38,25.7,,,25.7,,29.2,29,108.1,41,small,,,77,1593,1207,64,2026-04-10 11:26:40.158153+00,
Grass Valley,CA,California,United States,Pacific,2026,630798,14134,39.2203048,-121.0526538,25,a9c48290-0cb8-4566-977b-ab7b8aee4c09,33.48,26.51,16.9,,13.43,19.87,11.33,10.14,22.16,14.12,35.1,23.29,21.39,59.4,22.32,,,22.32,18.2,29.18,29,110.1,62.5,small,,,237,1594,1208,151,2026-04-09 06:10:40.030654+00,
Tallahassee,FL,Florida,United States,South,2026,1270600,196288,30.4535287,-84.2522719,30,98444893-4412-4b9e-a2ed-8a9103f3795d,28.61,20.69,23.94,4.68,25.42,21.17,18.98,12.9,20.94,13.54,18.5,15.36,17.56,51.3,40.27,19.08,14.88,26.51,5.27,29.18,29,1272.3,824,medium,,,39,1594,337,12,2026-04-10 00:00:49.77174+00,
Little Elm,TX,Texas,United States,South,2026,4843012,46450,33.192497,-96.919975,30,ba18e733-0190-46ef-a642-ba8d18eb103d,30.81,25.88,22.69,,,24.29,10.24,1.44,,6.67,22.09,27.35,15.61,33.98,37.03,26.82,,32.27,,29.18,29,102.7,398.7,small,,,45,1594,1208,41,2026-04-09 12:25:45.179541+00,
Clinton Township,MI,Michigan,United States,Midwest,2026,2616520,100513,42.5903435,-82.9169523,25,02fd9691-1c3f-4e67-ba9e-087186187866,34.8,24.97,30.06,17.34,16.19,24.23,21.28,7.52,16.77,14.05,12.82,18.4,15.73,50.99,18.15,20.24,22.02,19.85,,29.17,29,641.2,159.5,medium,,,98,1597,338,22,2026-04-10 02:57:40.935232+00,
St. Joseph,MO,Missouri,United States,Midwest,2026,2964550,72473,39.7594602,-94.8211427,25,20a04606-4e1c-475a-a494-bed7fe5f2124,32.8,19.63,32.08,,13.9,23.2,3.73,7.54,12.5,8.61,16.61,19.1,11.88,46.08,42.36,39.93,13.82,34.37,0.23,29.17,29,767.9,350.2,medium,,,40,1597,338,10,2026-05-08 21:53:57.343006+00,
Costa Mesa,CA,California,United States,Pacific,2026,616532,111918,33.6659055,-117.9123358,25,85966995-b042-4071-a373-9f92a7821f90,24.7,17.06,34.15,6.05,3.5,19.23,9.89,21.53,5.04,11.54,33.3,8.3,15.86,57.33,50.24,11.64,7.82,26.13,,29.16,29,334.3,210.3,medium,,,238,1599,340,79,2026-04-09 05:45:40.903641+00,
Lake Dallas,TX,Texas,United States,South,2026,4840516,7708,33.127781,-97.0227863,30,38841b83-7923-43ad-ad78-f16f743dd39a,34.79,23.42,16.85,,,20.14,,,,,,,,33.95,29.74,,,29.74,,29.14,29,2.6,69.3,small,,,46,1600,1210,42,2026-04-09 10:08:40.285388+00,
Waxhaw,NC,North Carolina,United States,South,2026,3771460,20552,34.9374724,-80.7399678,35,71a61a77-c20b-47c8-986f-eb4417e0863d,41.75,32.2,26.6,,,29.4,17.83,,,3.65,9.62,,11.52,12.67,33.81,,,33.81,,29.12,29,49.5,173.7,small,,,20,1601,1211,15,2026-04-10 10:17:40.040563+00,
Littleton,NH,New Hampshire,United States,New England,2026,3342500,4467,44.330805,-71.7686683,30,c7b41e32-36a9-41c4-8b5a-e53493ed19ab,35.1,26.45,12.71,,,19.58,10.73,21.45,,9.89,9.71,11.11,11.72,60.68,45.01,16.75,15.36,27.71,,29.11,29,43.1,83.7,small,,,15,1602,1212,14,2026-04-14 08:03:40.175989+00,
Arvada,CO,Colorado,United States,Mountain,2026,803455,124383,39.8337279,-105.1503061,30,a85ffe3d-38dd-4dbb-8284-78556ed04f88,32.31,27.21,27.31,6.41,,24.65,10.75,9.14,8.8,10.76,12.67,17.11,11.63,33.46,56.56,36.84,11.33,38.35,7.55,29.1,29,941.9,362.5,medium,,,40,1603,341,6,2026-04-09 00:33:50.159138+00,
Shelburne Falls,MA,Massachusetts,United States,New England,2026,2561205,1719,42.5987,-72.7398,25,46f889c9-2fce-49bd-9fa1-00ad88785382,42.23,44.21,38.31,,,41.26,,,,7.39,20.24,,16.57,16.09,29.51,,,29.51,,29.1,29,3,36.9,small,,,45,1603,1213,41,2026-04-14 02:57:41.070728+00,
Avon,IN,Indiana,United States,Midwest,2026,1802908,21562,39.7607134,-86.3941455,30,0da7df3d-0e38-478f-ba8a-44e8374ab482,43.21,24.17,30.08,,,27.13,12.6,15.49,19.11,11.82,14.71,,15,30.3,37.7,12.77,,26.07,,29.08,29,113.5,262.8,small,,,17,1605,1214,13,2026-04-09 03:26:40.172794+00,
St. Clairsville,OH,Ohio,United States,Midwest,2026,3969526,5096,40.0812,-80.8998,25,8cc4a45a-308f-43af-91fc-8b1b84f6396e,41.32,31.07,18.57,,,24.82,,,,,,,,26.91,24.58,,,24.58,,29.06,29,66.3,13.8,small,,,78,1606,1215,65,2026-05-08 21:53:59.923006+00,
Hanford,CA,California,United States,Pacific,2026,631960,58975,36.3277187,-119.6546095,25,a10a6a5a-8471-4359-89e7-0eea209c9691,36.08,20.51,35.45,36.8,,29.08,9.27,,5.75,9.24,26.33,24.52,15.77,38.83,35.76,,,35.76,15.1,29.05,29,361,119.3,medium,,,239,1607,342,80,2026-04-09 06:24:41.073355+00,
Biloxi,MS,Mississippi,United States,South,2026,2806220,49449,30.4266627,-88.9357617,25,cadedfc8-fd29-4cbf-adab-655399072c91,40.68,32.15,22.13,,,27.14,,12.7,30.98,,15.62,,20.67,28.99,33.61,2.28,,18.99,15.9,29.05,29,557.7,214.3,small,,,13,1607,1216,12,2026-04-13 20:54:40.644361+00,
Olathe,KS,Kansas,United States,Midwest,2026,2052575,141355,38.8820305,-94.8200535,30,f44e99b5-b0dd-4f13-85cd-f6c7aa5a7ff2,26.73,25.48,34.5,6.39,15.65,24.76,13.47,20.4,20.32,15.5,20.34,10.57,17.02,35.34,47.71,35.29,4.95,32.67,,29.03,29,538.1,1088.9,medium,,,6,1609,343,4,2026-04-09 06:20:42.78155+00,
Anna,TX,Texas,United States,South,2026,4803300,16997,33.3481667,-96.5534525,30,b7ef945d-ba78-4dc4-8f35-ae23e7f92b3d,29.74,31.77,19.81,,,25.79,,,,22.5,25.78,,24.84,35.78,27.44,,,27.44,,29,29,25.1,389.4,small,,,47,1610,1217,43,2026-04-09 09:46:40.026859+00,
Dunwoody,GA,Georgia,United States,South,2026,1324768,51676,33.9413866,-84.3127008,30,0c0b7f87-b20d-4b6b-85d4-510ff52fef88,35.17,29.7,20.26,,17.89,23.4,24.07,23.53,22.48,25.65,30.09,22.13,25.07,42.48,35.26,31.27,22.13,30.58,24.09,28.89,29,90.8,308.4,medium,,,39,1611,344,5,2026-04-09 21:46:41.090854+00,
Quarryville,PA,Pennsylvania,United States,Mid-Atlantic,2026,4263064,2843,39.8987,-76.1598,25,7ed67ed0-c8b0-4627-bc3f-9a85779180df,41.14,41.05,30.88,,,35.97,17.8,,,20.4,,,18.67,25.19,25.93,,22.34,24.55,,28.89,29,21.5,9.7,small,,,81,1611,1218,71,2026-04-14 08:10:40.12003+00,
Fair Oaks,CA,California,United States,Pacific,2026,623294,32514,38.6499,-121.2716,25,19d39ffa-34d4-4e94-a8db-c11df491a47f,34.08,32.7,30.16,,,31.43,,6.62,,,22.28,25.91,20.24,32.15,27.13,29.15,7.24,22.86,,28.87,29,286.1,52.8,small,,,240,1613,1219,152,2026-04-10 21:27:40.518662+00,
La Mirada,CA,California,United States,Pacific,2026,640032,48008,33.9017,-118.012,25,c5148a99-cfa3-4037-9d4c-295638b0c3fe,30.47,21.9,33.16,,24.57,26.87,19.63,3.25,22.07,9.49,23.36,14.74,17.67,40.32,35.06,,,35.06,,28.87,29,220.5,67,small,,,240,1613,1219,152,2026-04-10 21:14:40.669746+00,
Lakewood,CO,Colorado,United States,Mountain,2026,843000,156010,39.6989385,-105.1175735,30,9ab89c96-7921-45d5-a9c3-00ad3e0584c2,25.08,26.22,25.48,23,26.5,25.7,16.81,20.11,17.99,22.76,24.62,17.35,20,41.99,44.46,30.88,10.1,31.12,18.92,28.87,29,520,1124.4,medium,,,41,1613,345,7,2026-04-09 02:32:49.764475+00,
Buford,GA,Georgia,United States,South,2026,1311784,17240,34.1185623,-83.9886102,30,422b4e79-13a7-47d2-b7d3-6a7ff42b6993,38.07,29.05,2.33,,,15.69,13.32,17.32,,2.5,24.05,,16.4,45.25,24.45,,,24.45,,28.85,29,18,268.4,small,,,40,1616,1221,34,2026-04-09 21:15:45.42575+00,
Southlake,TX,Texas,United States,South,2026,4869032,31247,32.9544929,-97.1488671,30,b4adb1ce-1b53-4988-83e4-9d4027717903,31.92,28.86,25.92,,25.06,26.87,32.22,10.87,19.33,22.31,24.24,14.04,21.79,35.63,33.3,20.26,,27.21,,28.84,29,95.1,424.1,small,,,48,1617,1222,44,2026-04-09 11:20:40.679846+00,
Johnstown,CO,Colorado,United States,Mountain,2026,839855,17399,40.3072482,-104.9112052,30,17ca5d44-d51b-4df5-bbde-e4ebe27eff58,39.29,26,16.99,,,21.5,12.81,0.91,,10.85,10.18,,9.67,19.97,37.45,,,37.45,,28.82,29,61.3,244.9,small,,,42,1618,1223,32,2026-04-09 00:20:40.641241+00,
Kirkwood,MO,Missouri,United States,Midwest,2026,2939044,29461,38.5793556,-90.420881,25,9d669713-06f0-4609-8df6-1000dd1cbb95,36.2,31.91,27.63,9.01,,27.18,25.45,14.46,,14.6,32.25,32.48,26.16,51.2,35.13,,21.04,29.71,0.38,28.81,29,228.3,64.4,small,,,41,1619,1224,29,2026-04-14 03:10:40.176213+00,
Tomball,TX,Texas,United States,South,2026,4873316,12341,30.0950778,-95.6196776,30,0ef35215-e181-4f7f-bf82-1d7acc652bae,32.06,19.15,28.88,30.19,,24.79,21.46,9.73,22.93,13.9,16.38,18.56,18.12,54.24,22.72,,,22.72,,28.81,29,25.5,194.9,small,,,49,1619,1224,45,2026-04-09 11:47:39.95426+00,
Cerritos,CA,California,United States,Pacific,2026,612552,49578,33.8584,-118.0648,25,07d645d6-a4b4-4400-b095-92b71656ec2e,30.65,18.51,32.62,22.07,,25.13,14.45,19.45,16.23,17.28,19.35,,17.23,45.65,40.27,5.14,16.06,21.92,,28.79,29,232.1,104.4,small,,,242,1621,1226,154,2026-04-10 21:03:40.881413+00,
Bonita Springs,FL,Florida,United States,South,2026,1207525,53644,26.3550105,-81.7842343,30,9cfa808f-bf10-4f81-b0ad-f895f0ed898d,35.5,26.89,10.78,,,18.84,21.31,14.72,,11.89,19.32,9.97,16.56,31.27,27.63,18.93,,23.57,17.82,28.78,29,62.6,689.6,medium,,,40,1622,346,13,2026-04-09 18:32:44.527748+00,
Bermuda Run,NC,North Carolina,United States,South,2026,3705135,3120,36.0012,-80.4173,35,6c1ea31a-0a1f-4f34-8eb4-ef25cae91c0f,50.72,34.69,,,,34.69,0,,5.16,31,17.87,,11.47,40.01,15.75,,24.74,19.21,,28.78,29,14.8,57,small,,,21,1622,1227,16,2026-04-14 07:52:40.020701+00,
Wenatchee,WA,Washington,United States,Pacific,2026,5377105,35551,47.4359852,-120.3292659,25,0b04c036-e49d-4416-98ed-62e00a095da0,39.48,24.87,44.41,5.32,4.8,25.74,32.1,14.22,24.43,7.68,7.33,41.3,21.52,48.45,48.57,2.32,39.75,30.18,0.32,28.78,29,209,103,small,,,55,1622,1227,36,2026-04-09 17:25:41.28454+00,
San Juan Capistrano,CA,California,United States,Pacific,2026,668028,35196,33.5008888,-117.6543878,25,954776d1-aca1-4f3e-89fa-2337412d87c0,34.96,30.08,25.36,,,27.72,,14.07,,16.73,21.13,19.76,18.88,33.73,51.91,25.58,13.99,33.21,11.04,28.76,29,252.6,92.2,small,,,243,1625,1229,155,2026-04-09 08:29:40.457853+00,
Claremore,OK,Oklahoma,United States,South,2026,4014700,19580,36.3150928,-95.6094505,25,92eb8f03-f8f3-4f03-8944-52317b803149,33.34,21.44,23.43,,29.03,23.9,20.14,18.76,10.2,0.29,15.15,,13.84,40.12,36.16,,9.19,25.79,,28.76,29,176.9,145.9,small,,,17,1625,1229,10,2026-04-14 07:59:40.36125+00,
Oak Ridge,TN,Tennessee,United States,South,2026,4755120,31402,35.9664826,-84.2905489,25,ed688299-3922-4a15-83e2-afc693cc508f,36.96,18.66,22.2,13.71,1.73,16.02,14.24,14.62,6.29,7.86,14.52,16.18,12.41,39.69,43.63,27.71,0.5,27.28,,28.75,29,559.6,221.8,small,,,20,1627,1231,10,2026-04-07 01:02:41.710466+00,
Duluth,GA,Georgia,United States,South,2026,1324600,31873,34.0015167,-84.1504638,30,f6acb1d0-d0e4-4d2a-948f-288737d80298,33.46,25.5,9.03,,,17.27,14.89,,5.61,1.19,23.35,,13.41,46.12,28.89,,,28.89,,28.74,29,16.9,216.8,small,,,41,1628,1232,35,2026-04-09 21:42:40.968255+00,
Lake Charles,LA,Louisiana,United States,South,2026,2241155,85542,30.19902,-93.2108352,25,86206d33-1f31-40eb-948c-690c63b7dd73,32.59,25.17,38.44,,14.05,27.86,13.39,16.55,15.25,13.64,22.23,,16.83,46.83,25.91,,14.22,21.41,1.01,28.74,29,772.5,285,medium,,,10,1628,347,3,2026-04-14 06:23:40.599596+00,
Falmouth,MA,Massachusetts,United States,New England,2026,2523105,32508,41.5948885,-70.5992451,25,66fac960-4b69-44fd-8f4f-9ca1064af814,30.19,26.87,16.22,,19.14,21.01,14.59,,23.2,10.43,8.83,11.21,13.88,33.65,56.55,17.03,,38.11,17.33,28.74,29,308.4,764.8,small,,,46,1628,1232,42,2026-04-10 23:11:44.208479+00,
Canton,OH,Ohio,United States,Midwest,2026,3912000,70972,40.8076499,-81.3672284,25,1f19c1d1-8a06-43da-8bfa-187d700ddf89,37.23,26.11,40.24,21.09,,31.66,21.91,14.8,17.4,11.97,15.3,15.7,16.72,36.81,43.95,4.93,35.64,28.22,0,28.74,29,575,269.7,medium,,,79,1628,347,11,2026-04-10 13:23:45.360256+00,
Bowie,MD,Maryland,United States,Mid-Atlantic,2026,2408775,58329,38.9547033,-76.7388343,30,e193c822-d32c-432a-8ade-71dbd7f69ee0,31.44,30.1,24.65,,,27.38,8.04,18.91,18.91,13.67,22.99,6.16,15.32,28.83,39.49,31.79,10.4,29.52,,28.72,29,77,489.5,medium,,,37,1632,349,10,2026-04-09 23:54:40.424182+00,
Webster,NY,New York,United States,Mid-Atlantic,2026,3678960,5651,43.216387,-77.4219,20,f7fc7b00-5b19-408f-a4bb-207f0e2c0587,35.23,21.45,15.45,,,18.45,,,,,,21.38,21.38,20.45,54,,,54,,28.72,29,9.1,50.1,small,,,28,1632,1234,23,2026-04-10 07:06:41.353161+00,
Concord,NC,North Carolina,United States,South,2026,3714100,105341,35.3920937,-80.6355101,35,1b6dca70-4335-4e68-a13d-640f0994cd0f,37.66,29.12,20.96,11.99,8.9,20.51,4.05,15.87,3.66,16.56,17.19,7.03,10.14,35,30.59,,15.17,24.66,8.5,28.71,29,147.4,1064.1,medium,,,22,1634,350,4,2026-04-10 08:48:40.871837+00,
South Windsor,CT,Connecticut,United States,New England,2026,971390,26918,41.8380902,-72.5778358,25,e74b856d-8b42-4b2c-b1b9-2e20e5058738,35.04,23.52,13.07,,,18.3,15.75,10.39,,7.8,11.54,30.31,15.5,23.75,66.57,,12.45,45.75,,28.7,29,260,142.1,small,,,33,1635,1235,27,2026-04-07 03:38:40.188971+00,
Plantation,FL,Florida,United States,South,2026,1257425,91750,26.1255726,-80.2618178,30,30e147ce-5c5f-4035-baef-a3c7bdf03b72,34.73,25.25,23.65,,27.95,25.23,4.56,13.28,12.13,10.6,18.91,,12.3,31.44,43.15,9.47,8.3,22.65,,28.68,29,503.6,159.7,medium,,,41,1636,351,14,2026-04-09 19:43:40.460588+00,
Lima,OH,Ohio,United States,Midwest,2026,3943554,35579,40.7406793,-84.1120905,25,7ad12523-226f-41d8-966a-e0c0c7de5934,47.68,28.78,40.15,,38.1,35.27,4.32,,13.39,25.36,18.51,,14.27,24.44,38.8,21.41,,30.68,0.29,28.68,29,294.8,84.2,small,,,80,1636,1236,66,2026-04-10 11:48:40.299761+00,
East Honolulu,HI,Hawaii,United States,Pacific,2026,1506290,50918,21.2884461,-157.7179003,25,0b4d6104-bc16-43fc-b812-3d3810ecaa98,37.19,28.58,21.81,,,25.2,8.55,14.13,,16.88,7.79,24.88,13.11,32.11,41.9,,9.04,29.26,,28.67,29,215.1,64.3,medium,,,7,1638,352,1,2026-04-08 20:16:40.883442+00,
Mount Pleasant,SC,South Carolina,United States,South,2026,4548535,90811,32.8083816,-79.8650382,30,f2a6fe68-e685-42b9-b9fe-c52e873d9011,36.06,31.22,23.2,10.46,,25.12,16.92,12.09,7.47,13.51,27.27,15.32,16.55,39.38,30.29,37.76,20.51,30.46,23.34,28.65,29,145.7,874.3,medium,,,9,1639,353,1,2026-04-13 21:48:41.454757+00,
Harrisonburg,VA,Virginia,United States,South,2026,5135624,51814,38.4362547,-78.8733028,25,3c7a21e0-9bf2-4320-831f-3b7b69e2842b,28.55,15.03,20.24,3.5,40.02,20.7,10.47,17.29,,11.95,21.54,19.12,16.59,55.07,42.53,,28.43,37.11,13.16,28.65,29,260,154.1,medium,,,51,1639,353,12,2026-04-10 11:15:40.700668+00,
San Marino,CA,California,United States,Pacific,2026,668224,12513,34.1226714,-118.1129107,25,ed6ba580-e8a6-4b0c-8aa4-8ea0c5a49a9c,30.96,34.61,24.46,,,29.54,8.5,17.6,,13.83,,17.72,13.64,46.08,31.71,,21.39,27.74,,28.64,29,82.4,43.3,small,,,244,1641,1237,156,2026-04-09 08:26:40.130117+00,
Lanham,MD,Maryland,United States,Mid-Atlantic,2026,2445550,11282,38.9673,-76.8573,30,4cc5532c-0dfb-493d-a33e-a507665cd15a,39.32,22.1,28.8,,,25.45,,16.4,,,8.35,,10.65,27.86,45.94,,,45.94,29.52,28.64,29,12.1,84.5,small,,,38,1641,1237,27,2026-04-10 23:51:40.071818+00,
Huntsville,AR,Arkansas,United States,South,2026,533970,2879,36.0859,-93.7418,30,30170cd2-3fb4-48d7-8434-9e20b0fee2eb,38.37,40.19,11.88,,,26.04,20.47,34.36,,,37.47,,30.72,24.42,23.46,,,23.46,,28.63,29,6,62.1,small,,,9,1643,1239,5,2026-04-14 03:27:40.251507+00,
Moorhead,MN,Minnesota,United States,Midwest,2026,2743864,44507,46.8647044,-96.7445516,30,ab743eb6-f35d-4537-a435-e544f52ef1e1,27.6,27.44,19.46,17.66,24.43,23.07,14.35,15.23,,13.59,24.22,29.93,20.37,36.67,48.56,37.72,,43.5,2.82,28.61,29,146.4,434.3,small,,,34,1644,1240,22,2026-04-10 14:47:40.843449+00,
Broadview Heights,OH,Ohio,United States,Midwest,2026,3909064,19936,41.318156,-81.6792616,25,8aad2d5b-0310-451a-a171-ffb84db7b514,58.17,36.17,27.32,,,31.75,18.19,15.6,,19.55,17.85,9.66,16.33,27.55,8.97,,,8.97,,28.6,29,163.2,64.4,small,,,81,1645,1241,67,2026-04-10 12:33:40.384265+00,
New Smyrna Beach,FL,Florida,United States,South,2026,1248625,30182,29.02936,-80.9548597,30,fc6df399-cf6a-4fbc-b0ef-424281045ea9,36.82,28.73,12.97,,4.92,17.31,1.19,,7.01,0.92,19.92,,8.95,29.01,31.55,,1.84,20.12,,28.58,29,81,423.6,small,,,42,1646,1242,26,2026-04-09 18:18:40.532984+00,
Mechanicsburg,PA,Pennsylvania,United States,Mid-Atlantic,2026,4248376,9311,40.2114043,-77.0059302,25,0e028252-2982-4407-b1d5-117bd82aa454,39.07,36.37,29.02,,,32.7,,,,,19.59,,19.59,21.87,31.26,,,31.26,,28.57,29,63.9,16.9,small,,,82,1647,1243,72,2026-04-10 11:16:40.120439+00,
Danville,VA,Virginia,United States,South,2026,5121344,42590,36.5859,-79.395,25,0545b6a9-1de8-40e8-9b34-36f4a61fdfcb,37.98,24.18,32.07,11.9,14.76,23.83,15.79,8.19,29.76,12.29,20.83,33.2,21.35,43.52,34.29,5.01,30.98,23.21,3.64,28.57,29,604,217.2,small,,,52,1647,1243,39,2026-04-14 02:32:45.869021+00,
McKinleyville,CA,California,United States,Pacific,2026,644910,16262,40.9471,-124.0996,25,a27305a6-896d-4ea6-8f49-eca9a6910ad6,36.64,32.65,15.14,,,23.9,,15.85,,15.92,15.55,23.35,17.61,45.15,28.48,,7.91,20.57,,28.56,29,175.6,78.9,small,,,245,1649,1245,157,2026-05-08 21:53:43.557302+00,
Baton Rouge,LA,Louisiana,United States,South,2026,2205000,227822,30.4404433,-91.1331665,25,b3c92176-f8ab-46d5-9f64-3851afb0ec16,32.51,23.11,38.02,12.08,41.09,30.82,14.22,10.9,8.89,10.58,20.26,9.09,13.2,47.62,30.6,32.47,17.51,27.98,4.82,28.56,29,1681.8,711.3,medium,,,11,1649,355,4,2026-04-14 09:31:44.980781+00,
Duarte,CA,California,United States,Pacific,2026,619990,21727,34.1392,-117.9773,25,47821c4f-2341-41a0-98aa-0d003b28bfc9,37.61,18.38,34.29,,8.44,22.36,0.98,5.74,13.17,11.16,4.39,16.02,8.02,50,42.9,,14.49,31.97,9.05,28.55,29,88,33.1,small,,,246,1651,1246,158,2026-04-10 21:10:40.22576+00,
Fullerton,CA,California,United States,Pacific,2026,628000,143617,33.8857156,-117.9280247,25,78682364-4763-4e76-b208-a6134425ac43,31.17,21.11,35.55,,27.39,28.12,16.12,14.89,10.95,17.42,25.06,13.15,16.88,43.95,43.23,19.04,7.85,25.92,1.31,28.55,29,543.7,201.3,medium,,,246,1651,356,81,2026-04-09 06:50:40.640327+00,
The Villages,FL,Florida,United States,South,2026,1271625,79077,28.8989467,-81.9937368,20,dcd9d464-f682-4392-a3d0-5e435557ae71,42.62,31.18,8.56,,,19.87,,20.79,23.96,11.48,20.9,18.1,19.95,20.28,17.98,,,17.98,,28.55,29,958.5,202.8,medium,,,43,1651,356,15,2026-04-09 20:05:41.056228+00,
Brookhaven,GA,Georgia,United States,South,2026,1310944,56995,33.863131,-84.3374756,25,3e7198d5-5fec-4d9e-b889-278c5e6a525d,37.17,25.75,20.47,,17.29,21.82,9.35,13.43,18.31,9.64,30.67,17.86,18.19,42.2,38.74,,,38.74,1.54,28.54,29,295.8,79.2,medium,,,42,1654,358,6,2026-04-09 21:33:40.739955+00,
Tallmadge,OH,Ohio,United States,Midwest,2026,3976106,18394,41.1061185,-81.4248335,25,25348688-f2a9-4ca9-accd-85f8a23a3c36,36.96,27.61,25.06,,,26.34,12.44,17.16,17.97,22.44,19.16,30.87,19.46,45.12,33.98,13.14,17.79,22.64,,28.5,29,154.4,65.1,small,,,82,1655,1247,68,2026-04-10 12:46:41.270942+00,
Acworth,GA,Georgia,United States,South,2026,1300408,22486,34.0619906,-84.6811215,30,2965fe18-7ab6-4bf6-9b3b-48ce519a8d58,37.38,29.13,15.53,,,22.33,8.79,22.7,,17.85,29,,20.1,37.83,28.57,,,28.57,,28.49,28,14.5,203.6,small,,,43,1656,1248,36,2026-04-09 21:06:40.772048+00,
Hutchinson,MN,Minnesota,United States,Midwest,2026,2730644,14599,44.885358,-94.3768758,30,4cc85e7c-7002-4afe-80f6-b836545f8f57,28.32,25.75,27.71,39.28,,28.3,0.45,10.45,27.59,17.88,31.59,16.73,18.85,34.66,42.57,37.21,,40.07,,28.48,28,58.9,185.8,small,,,35,1657,1249,23,2026-04-10 14:00:40.163372+00,
The Dalles,OR,Oregon,United States,Pacific,2026,4172950,16019,45.5983861,-121.1524113,25,b752c343-b13d-4919-afe2-f0bec408ae8e,38.62,27.75,26.24,25.09,,26.76,9,15.82,30.5,2.71,18.34,26.03,18.24,32.43,45.8,14.79,19.13,28.28,,28.47,28,140,75.9,small,,,29,1658,1250,21,2026-04-08 01:27:40.499694+00,
Hudson Oaks,TX,Texas,United States,South,2026,4835254,2201,32.7509631,-97.7004139,30,9d54d208-5f3a-4002-9f4d-fb355373c954,64.44,25.18,,,,25.18,,,,1.77,1.86,,1.83,6.3,2.03,,,2.03,,28.47,28,3.2,59.6,small,,,50,1658,1250,46,2026-04-09 12:08:40.299567+00,
Seal Beach,CA,California,United States,Pacific,2026,670686,25242,33.7414,-118.1048,25,efd6276c-b254-4f5e-a170-9edd11e91bea,32.65,15.52,13.57,,,14.55,8.47,7.36,,7.19,11.09,17.83,10.75,23.88,47.88,,11.62,33.93,,28.46,28,59.2,62.4,small,,,248,1660,1252,159,2026-04-10 21:56:40.504774+00,
Abington,MA,Massachusetts,United States,New England,2026,2500135,17062,42.1157637,-70.956597,25,a1f47464-374a-48f2-b6de-034353337d53,30.35,27.96,20.75,,,24.36,,12.85,,,19.93,,17.91,26.26,53.53,,,53.53,8.47,28.45,28,127.9,62,small,,,47,1661,1253,43,2026-04-10 23:07:40.326612+00,
Southbridge Town,MA,Massachusetts,United States,New England,2026,2563345,17740,42.0597374,-72.0339083,25,ae48cc60-a14e-419c-91db-64882108c35d,34.63,27.43,24.87,,,26.15,,,5.08,11.98,5.74,,6.63,44.04,39.65,,20.64,32.34,,28.44,28,152.4,50.7,small,,,48,1662,1254,44,2026-04-10 23:20:40.179186+00,
Lewisville,TX,Texas,United States,South,2026,4842508,125664,33.0507245,-96.9746228,30,e43ec84f-dfff-439a-b32f-32d49bfcff38,25.96,17.67,23.49,,,20.58,31.83,26.31,5.73,15.4,27.65,12.46,20.46,47.67,46.89,20.3,9.75,28.3,11.08,28.42,28,562.8,440.6,medium,,,51,1663,359,4,2026-04-09 10:55:41.792148+00,
Argyle,TX,Texas,United States,South,2026,4803768,4403,33.1054933,-97.1775202,30,5aad0f2a-01c7-49ac-b053-18e6997534ea,47.54,44.82,22.55,,,33.69,,,,19.71,,,19.71,17.3,21.9,,,21.9,,28.37,28,26.9,109.6,small,,,52,1664,1255,47,2026-04-09 09:00:40.301056+00,
Ocean View,DE,Delaware,United States,Mid-Atlantic,2026,1053920,2636,38.526538,-75.109666,25,5d829a5b-dfa0-4371-ba69-6bdb558b0fa4,43.17,39.6,9.26,,,24.43,,,,22.83,,,22.83,33.62,20.23,,,20.23,,28.36,28,86.4,13.5,small,,,12,1665,1256,11,2026-04-07 03:18:40.306082+00,
Croydon,PA,Pennsylvania,United States,Mid-Atlantic,2026,4217448,10014,40.0887,-74.9048,25,626ef495-8721-4fc8-8266-4f784caef9a4,54.95,34.46,12.98,,,23.72,,,,,,,,4.04,43.46,,,43.46,17.13,28.35,28,67.3,13.8,small,,,83,1666,1257,73,2026-04-14 09:05:39.864903+00,
Walnut,CA,California,United States,Pacific,2026,683332,28430,34.0214,-117.8642,25,001ebbb2-9598-4c43-9425-252d0644d767,36.66,26.83,22.91,37.73,9,22.98,,,,,16,,16,36.1,38.4,13.68,,26.86,,28.34,28,204.2,48.7,small,,,249,1667,1258,160,2026-04-10 22:39:44.494738+00,
Antioch,CA,California,United States,Pacific,2026,602252,115291,37.978336,-121.7960638,25,a7b6ddf5-b15d-409f-b48f-eb1662c1d388,29.8,24.12,31.17,,,27.65,12.45,6.9,17.18,10.35,17.3,14.02,14.08,36.79,46.15,37.13,12.79,34.65,21.77,28.33,28,582.1,185.8,medium,,,250,1668,360,82,2026-04-09 05:09:40.800186+00,
Roswell,GA,Georgia,United States,South,2026,1367284,92833,34.039453,-84.3509459,30,3398f765-77d9-4f11-bea4-45f3abc54747,32.45,24.65,25.07,,,24.86,17.71,18.55,10.76,12.28,15.64,20.48,15.76,45.69,30.06,20.99,12.22,22.43,,28.33,28,148.8,831.1,medium,,,44,1668,360,7,2026-04-09 22:12:41.067499+00,
Beaumont,CA,California,United States,Pacific,2026,604758,53036,33.8767216,-116.9530089,25,c6c97ade-7299-457b-8b24-45d2253a37b4,35.86,24.4,33.53,,,28.97,5.15,,,4.01,9.64,,6.98,22.72,42.68,,14.56,31.86,,28.3,28,244.6,119,medium,,,251,1670,362,83,2026-04-09 04:31:39.763188+00,
Bellflower,CA,California,United States,Pacific,2026,604982,79190,33.8817,-118.117,25,2fa3c3c8-90bd-4902-a86a-275e3c52c7fe,20.75,18.82,31.56,,,25.19,15.55,14.63,12.81,7.95,10.46,15.51,12.87,69.43,25.27,0,,13.48,,28.3,28,170,65.1,medium,,,251,1670,362,83,2026-04-10 20:45:52.902049+00,
Holden,MA,Massachusetts,United States,New England,2026,2530560,19905,42.3548,-71.8623,25,440ec2ff-c1b6-4174-aac9-038c49ad29ea,34.06,26.01,26.17,,9.95,22.5,,,,18.21,20.74,,20.02,30.13,35.91,12.59,,25.03,,28.28,28,93.9,277.7,small,,,49,1672,1259,45,2026-04-14 02:42:40.296935+00,
Hood River,OR,Oregon,United States,Pacific,2026,4134900,8313,45.7091147,-121.5260187,25,dc29eedc-08f7-48df-bf82-51c6b6e8f452,27.59,20.78,21.12,34.52,,22.65,11.15,22.26,8.81,16.9,21.93,16.53,15.87,45.7,56.45,,,56.45,3.42,28.25,28,67.2,43.9,small,,,30,1673,1260,22,2026-04-08 01:08:40.710697+00,
Concord,MA,Massachusetts,United States,New England,2026,2515060,18491,42.4604,-71.3489,25,8faaffd9-be2a-4d73-aff9-a57dc4110998,30.88,24.51,23.65,,,24.08,10.19,13.09,7.07,14.37,14.62,9.21,11.23,32.67,62.97,15.31,,40.73,17.75,28.24,28,217.7,257.7,small,,,50,1674,1261,46,2026-04-14 02:44:40.39792+00,
Goodyear,AZ,Arizona,United States,Mountain,2026,428380,95294,33.2540305,-112.3664724,25,9c2a2407-d44d-4071-bbae-c661db8fe920,33.26,22.88,22.14,,0.09,17.53,19.73,16.69,9.31,18.15,17.93,19.17,16.65,27.92,50.22,52.37,19.78,43.36,14.65,28.23,28,1100.5,420.7,medium,,,38,1675,364,11,2026-04-08 20:34:47.473324+00,
Salem,OR,Oregon,United States,Pacific,2026,4164900,175605,44.9238996,-123.0230068,25,11bf6c2a-c71b-462b-8c45-7bea19cf0702,28.7,19.55,29.99,0.71,17.27,20.86,14.68,8.82,25.71,11.11,21.24,17.15,17.95,43.72,48.81,3.31,5.6,22.08,7.95,28.23,28,985.6,436.1,medium,,,31,1675,364,8,2026-04-08 03:16:52.569513+00,
Brea,CA,California,United States,Pacific,2026,608100,47330,33.9167,-117.9,25,f1f76907-1766-4f5c-bd1e-663f2d81b012,29.83,17.45,22.72,,,20.09,16.1,11.7,4.87,9.65,17.99,,12.74,49.02,50.33,28.85,11.95,33.22,,28.21,28,233.5,84.9,small,,,253,1677,1262,161,2026-04-10 20:50:45.067616+00,
Worcester,MA,Massachusetts,United States,New England,2026,2582000,206504,42.2694781,-71.8077831,25,538acacb-5950-4c4a-a1e1-0586e5f3bb3c,24.66,17.71,40.27,2.28,36.81,27.88,13.16,5.92,17.27,9.61,17.46,12.26,13.84,48.38,51.98,,5.02,33.92,1.74,28.2,28,841.7,365.1,medium,,,51,1678,366,4,2026-04-11 07:15:58.964216+00,
Norfolk,NE,Nebraska,United States,Midwest,2026,3134615,25869,42.0282164,-97.4278066,25,5373f6fa-911d-4266-ab16-81df5390e675,32.67,29.96,33.69,15.63,,29.8,24.3,15.45,8.46,6.43,3.03,,11.17,36.28,35.24,33.04,,34.21,,28.19,28,258.6,109.4,small,,,7,1679,1263,3,2026-04-07 02:33:40.922532+00,
Norwalk,CT,Connecticut,United States,New England,2026,955990,91184,41.0927388,-73.4197955,25,a7b8e425-a2aa-42f7-a8ed-841fd7ffc1ca,28.39,22.98,34.04,15.89,,26.93,20.78,9.43,22.85,10.88,18.26,23.46,18.84,41.41,51.2,,20.28,39.31,10.86,28.18,28,469,178.5,medium,,,34,1680,367,7,2026-04-07 03:21:42.742039+00,
San Diego,CA,California,United States,Pacific,2026,666000,1386922,32.814977,-117.1355615,25,c2fa1f6d-5a49-4bcc-bec7-4f43eb996a21,27.43,21.41,34.9,10.76,21.8,25.14,13.51,16.47,12.34,13.6,24.95,12.61,16.31,45.01,43.57,13.78,12.84,25.46,12.39,28.17,28,5260.8,2849,large,,,254,1681,51,9,2026-04-04 08:19:34.500068+00,
Vermillion,SD,South Dakota,United States,Midwest,2026,4666700,11695,42.7817259,-96.9256363,25,64783708-d353-4352-b905-85367d8aa24f,31.25,31.22,20.8,,55.66,32.6,,15.66,11.98,4.61,7.58,29.09,13.35,46.62,19.6,,,19.6,,28.17,28,73.3,46.5,small,,,13,1681,1264,11,2026-03-31 22:37:41.088822+00,
West Hartford,CT,Connecticut,United States,New England,2026,982590,64083,41.7665678,-72.7549436,25,bb36f12f-2c95-4fa0-8846-e355336716c7,28.77,22.14,36.76,,32.52,30.13,15.3,8.85,14.76,12.15,20.03,14.76,15.33,36.55,44.66,,19.92,35.14,7.15,28.13,28,445.7,149.7,medium,,,35,1683,368,8,2026-04-07 03:37:45.213302+00,
Gilbert,AZ,Arizona,United States,Mountain,2026,427400,267931,33.3103453,-111.7431213,25,4cd20011-560e-4bc5-a5c6-930aec6228a1,25.23,18.57,28.34,2.75,5.62,17.82,19.65,18.95,11.54,13.04,12.29,14.37,14.67,35.26,67.17,,14.98,47.1,8.39,28.12,28,1695.2,528.6,medium,,,39,1684,369,12,2026-04-08 22:01:46.962008+00,
Lancaster,CA,California,United States,Pacific,2026,640130,173502,34.693558,-118.1753054,25,8df8dede-58e7-4852-98c8-96a15653178e,32.44,26.98,31.19,12.02,19.56,25.47,20.02,13.82,6.92,11.5,25.77,15.39,16.67,47.7,22.99,3.3,11.11,13.13,15.71,28.12,28,1018.2,442.5,medium,,,255,1684,369,85,2026-04-09 06:53:41.245724+00,
Toledo,OH,Ohio,United States,Midwest,2026,3977000,270871,41.664071,-83.5818608,25,04dadbb8-c497-4f77-a220-8fe89b7564c0,30.69,22.29,32.64,17.2,24.69,25.88,16.87,19.02,20.83,16.54,15.75,7.11,16.1,43.32,48.03,10.26,13.38,26.15,3.99,28.1,28,1851.8,667.4,medium,,,83,1686,371,12,2026-04-10 19:13:58.456637+00,
Pembroke Pines,FL,Florida,United States,South,2026,1255775,171178,26.0147158,-80.3401706,30,bdc37445-2a0f-44a1-939f-e6d784f5fef3,23.86,21.24,18.38,8.82,11.19,16.99,11.28,8.95,12.81,15.66,18.76,12.33,13.82,32.69,27.77,,,27.77,,28.09,28,67.2,561.6,medium,,,44,1687,372,16,2026-04-09 19:17:43.169975+00,
East Lansing,MI,Michigan,United States,Midwest,2026,2624120,47741,42.7489125,-84.4824417,25,d4395db0-8545-40c9-9bf4-13df379e2f57,31.27,24.51,35.49,,50.02,34.45,4.38,22.61,56.02,8.9,9.28,21.1,20.72,42.46,52.9,,11.77,37.08,2.57,28.08,28,240.2,94.2,small,,,99,1688,1265,76,2026-04-10 04:15:40.691099+00,
Belmont,NC,North Carolina,United States,South,2026,3704840,15019,35.221284,-81.0410893,35,6bd36565-390a-498e-898c-3e72ae4b9772,35.64,26.39,17.9,13.25,,21.03,,19.2,2.17,8.77,15.76,4.9,9.88,20.79,28.47,,14.67,23.16,,28.08,28,42.3,223.7,small,,,23,1688,1265,17,2026-04-10 09:23:40.168266+00,
La Crescenta-Montrose,CA,California,United States,Pacific,2026,639045,19997,34.2317,-118.2353,25,5e75ba3e-043c-4b72-9948-bea96b56db74,31.03,28.12,28.37,,,28.25,,18.17,,14.73,13.98,,15.08,42.16,27.58,,,27.58,,28.06,28,82.9,26,small,,,256,1690,1267,162,2026-05-08 21:53:42.432716+00,
Stilwell,OK,Oklahoma,United States,South,2026,4070350,3700,35.8187,-94.6298,25,35df4a60-71e7-4bbb-af9e-8845399eb642,70.17,56.54,,,,56.54,,,56.7,,2.81,,26.76,16.33,0.87,,,0.87,7.19,28.06,28,55.8,19.1,small,,,18,1690,1267,11,2026-04-14 07:05:40.60221+00,
Providence,RI,Rhode Island,United States,New England,2026,4459000,190934,41.8230558,-71.4187841,25,f2017e6e-f9b0-43d3-9d2e-b61a10aea704,25.77,17.79,41.29,4.75,29.23,27,16.8,15.83,23.6,22.86,17.92,23.68,19.98,49.14,46.68,,16.71,35.15,3.06,28.03,28,637.4,283.6,medium,,,3,1692,373,1,2026-04-14 10:52:53.937933+00,
Corinth,TX,Texas,United States,South,2026,4816696,22634,33.1447142,-97.0707658,30,d20538b3-6cdc-4195-be4b-25f4d0e9d6c6,30.67,25.74,24.03,16.35,,23.82,11.96,13,,16,17,,14.68,30.91,59.27,14.57,,38.41,,28.02,28,141.6,96.6,small,,,53,1693,1269,48,2026-04-09 09:25:40.172243+00,
Peoria,AZ,Arizona,United States,Mountain,2026,454050,191009,33.7861861,-112.308042,25,2474cfdf-764c-4682-9450-d0fca22f792c,29.59,23.94,21.21,,13.14,20.48,14.42,19.34,11.14,15.03,17.71,23.75,16.54,39.52,39.85,35.53,10.7,31.05,3.76,27.99,28,1418.1,498.6,medium,,,40,1694,374,13,2026-04-08 20:36:43.200186+00,
Simi Valley,CA,California,United States,Pacific,2026,672016,126356,34.2668875,-118.7484575,25,a7e8aef3-fd1a-44ea-ba22-15d8d2208582,29.74,21.34,35.62,11.86,16.84,24.49,13.46,10.99,11.82,13.42,18.93,14.23,14.36,40.11,54.21,18.68,7.8,30.17,12.05,27.99,28,692,203.7,medium,,,257,1694,374,86,2026-04-09 08:21:40.665655+00,
Arroyo Grande,CA,California,United States,Pacific,2026,602868,18441,35.1241492,-120.5845327,25,67fb9631-f855-43c6-bb9b-4c528eb891ba,28.25,17.28,19.8,,,18.54,9.61,8.72,6.55,19.5,19.73,23.32,14.48,43.53,48.8,,17.04,36.58,,27.98,28,115.1,50.7,small,,,258,1696,1270,163,2026-04-09 04:21:40.084178+00,
Somersworth,NH,New Hampshire,United States,New England,2026,3369940,11855,43.2534762,-70.8879437,30,9f09034b-2ff1-47ce-8f27-428a8f1306c5,27.15,30.58,25.25,,,27.92,5.79,21.15,13.69,15.42,17.88,16.86,14.55,33.5,39.22,,,39.22,,27.98,28,39.3,120,small,,,16,1696,1270,15,2026-04-14 08:55:40.210882+00,
Auburn,ME,Maine,United States,New England,2026,2302060,24061,44.0845366,-70.2496493,25,88d20bb8-2a50-4572-b72d-081ce4cc82c1,35.23,23.22,28.21,13.94,,24.24,21.38,3.72,,6.06,9.75,15.88,12.59,44.13,35.71,,,35.71,4.64,27.95,28,357.6,191,small,,,33,1698,1272,32,2026-04-14 05:28:40.467638+00,
Superior,CO,Colorado,United States,Mountain,2026,875640,13094,39.9311898,-105.1590853,30,ad497c09-4bff-48ce-80b8-bb6dbaf06e85,26.33,23.71,10.95,,,17.33,,29.21,,,33.95,,32.6,37.86,49.67,31.17,27.45,37.64,14.68,27.94,28,83.3,103.4,small,,,43,1699,1273,33,2026-04-09 01:20:41.131611+00,
Ocoee,FL,Florida,United States,South,2026,1251075,47320,28.57882,-81.5330451,30,99da5faf-f5cf-44b8-901e-3b34cdb7a923,31.75,26.69,17.45,,,22.07,11.49,33.11,12.83,18.12,27.42,,19.81,36.28,22.04,16.5,,19.45,,27.94,28,31.2,302.4,small,,,45,1699,1273,27,2026-04-09 19:06:40.75251+00,
Medford,OR,Oregon,United States,Pacific,2026,4147000,86356,42.3360064,-122.8517615,25,d842249f-8722-4def-90f2-ceb590c12b50,30.57,19.79,30.74,6.86,,22.96,25.13,23.66,13.33,16.69,21.74,33.16,22.14,48.24,40.13,29.34,17.6,30.72,0,27.91,28,610.8,250.6,medium,,,32,1701,376,9,2026-04-08 02:00:56.393036+00,
Commerce City,CO,Colorado,United States,Mountain,2026,816495,62453,39.8827917,-104.7949081,30,1ce631cc-8f6e-4f14-bd71-b78750293f20,32.61,23.34,27.98,,,25.66,23.03,12.14,19.31,17.46,14.75,3.59,15.65,29.23,43.35,34.08,,39.02,,27.89,28,266.8,571.6,medium,,,44,1702,377,8,2026-04-09 00:10:45.463802+00,
Katy,TX,Texas,United States,South,2026,4838476,22039,29.7909154,-95.8407106,30,2646867d-b7c4-4a1d-bfa4-bc52b6c97fce,34.11,17.1,21.91,,,19.51,12.6,16.95,6.54,13.03,12.25,45.89,16.77,26.87,24.84,,83.46,47.39,,27.88,28,15.7,297.8,small,,,54,1703,1275,49,2026-04-09 09:49:40.294776+00,
Miami,FL,Florida,United States,South,2026,1245000,442209,25.775163,-80.2086152,25,42caa0a6-2753-42af-a4ad-81fad56ac795,22.57,18.15,51.41,8.1,15.5,28.26,8.51,11.15,14.23,21.1,27.2,0.79,14.69,54.51,31.66,8.92,8.86,18,18.43,27.87,28,1187.9,552.5,large,,,46,1704,52,3,2026-03-31 18:23:20.503085+00,
El Monte,CA,California,United States,Pacific,2026,622230,109450,34.0746329,-118.0291358,25,3d7e145b-9331-43f5-b986-af48ffee931e,27.2,18.92,38.38,,,28.65,1.25,,,7.97,21.36,10.29,11.33,66.93,22.14,10.13,,16.54,5.28,27.84,28,198.7,117.6,medium,,,259,1705,378,87,2026-04-09 05:49:40.7954+00,
Temecula,CA,California,United States,Pacific,2026,678120,109981,33.4930728,-117.1317341,25,2733c79b-e942-4370-8827-52e0dc39243c,28.56,19.34,32.31,18.58,17.29,23.39,18.51,15.71,11.57,16.76,19.68,27,18.23,29.24,63.41,22.9,19.65,38.29,1.09,27.84,28,554.4,268.5,medium,,,259,1705,378,87,2026-04-09 08:06:41.347128+00,
Hampton,NH,New Hampshire,United States,New England,2026,3332980,9597,42.9439023,-70.8253536,30,8548ba9a-86cf-47a0-b95d-11e387898004,31.02,30.59,15.93,,,23.26,19.32,19.34,,18.35,21.53,15.67,19.21,34.11,36.69,,,36.69,,27.81,28,19.4,98.8,small,,,17,1707,1276,16,2026-04-14 07:54:39.912646+00,
Lilburn,GA,Georgia,United States,South,2026,1346356,14619,33.8906396,-84.136872,30,9c988437-a3ca-4700-841b-4b56142faeb9,39.24,28.05,25.85,16.01,,25.58,14.7,4.22,,9.47,18.97,,13.93,46.35,30.02,10.53,8.93,17.93,,27.8,28,20.2,134.3,small,,,45,1708,1277,37,2026-04-09 22:03:41.085135+00,
Edgemere,MD,Maryland,United States,Mid-Atlantic,2026,2424950,9054,39.2337,-76.4523,30,aac21c1e-fa41-428a-83a9-1c9362cb6014,32.59,17.92,21.22,,,19.57,17.98,,,17.98,17.98,,17.98,33.35,44.08,,21.05,35.22,,27.8,28,57.6,93.7,small,,,39,1708,1277,28,2026-04-11 00:56:40.449304+00,
Orrville,OH,Ohio,United States,Midwest,2026,3958828,8452,40.848267,-81.7768937,25,ddf0b6a7-8618-442b-9a75-c622e7639f3b,38,28.72,18.04,19.3,,22.87,,,24.07,18.05,20.39,,21.3,43.32,19.91,,,19.91,,27.8,28,82,24.7,small,,,84,1708,1277,69,2026-04-10 13:26:40.493852+00,
Baldwinsville,NY,New York,United States,Mid-Atlantic,2026,3604198,7898,43.159706,-76.3384644,20,43909100-0e03-4d6f-af73-40888383124b,34.86,32.61,28.79,,,30.7,,3.77,,16.02,,,9.9,37.42,28.91,,36.06,31.66,,27.79,28,11.4,64.5,small,,,29,1711,1280,24,2026-04-10 05:42:40.951038+00,
Hilo,HI,Hawaii,United States,Pacific,2026,1514650,44186,19.6887478,-155.0828924,25,729ee2aa-4e5b-4dff-9e92-cea845510889,34.81,25.95,25.1,8.1,14.5,21.58,12.44,7.89,32.87,4.95,9.99,18.36,15.6,32.87,36.45,,4.63,24.21,,27.78,28,326.8,171.4,small,,,8,1712,1281,7,2026-04-08 20:23:40.820806+00,
Carpentersville,IL,Illinois,United States,Midwest,2026,1711358,37983,42.1227356,-88.2938963,30,82e71945-35e5-4285-bade-4955301ca651,37.9,17.17,30.28,,,23.73,,23.96,,13.37,12.13,1.81,11.73,28.28,48.55,7.84,,29.55,,27.78,28,97.9,173.2,small,,,20,1712,1281,14,2026-04-08 21:46:40.717159+00,
Carrollton,GA,Georgia,United States,South,2026,1313492,26836,33.581847,-85.0833328,35,2f36041a-7e41-45c1-b89a-e9c5920490ac,27.2,19.96,13.06,,38.65,21.43,15.31,4.77,7.39,7.98,17.22,32.46,14.99,48.23,40.34,27.7,10.16,28.37,,27.77,28,78.6,329.7,small,,,46,1714,1283,38,2026-04-09 21:22:41.093139+00,
Keller,TX,Texas,United States,South,2026,4838632,45776,32.9328773,-97.224513,30,ad708e27-baa7-49d2-81fe-088c2e326171,30.46,26.75,26,,,26.38,9.63,20.01,,21.38,23.47,22.88,19.21,32.29,39.6,32.55,11.03,29.99,,27.77,28,113.9,402.3,small,,,55,1714,1283,50,2026-04-09 12:30:42.343688+00,
Lake Havasu City,AZ,Arizona,United States,Mountain,2026,439370,57144,34.4998087,-114.3109427,25,1bf3b86b-6c99-4aa1-8197-915339054780,43.84,33.81,21.41,,23.19,26.63,13.08,34.09,10.87,5.81,21.95,10.43,15.83,32.54,19.74,6.23,17.47,14.44,,27.74,28,820.7,190.1,medium,,,41,1716,380,14,2026-04-08 19:23:40.554556+00,
Shreveport,LA,Louisiana,United States,South,2026,2270000,187599,32.466879,-93.792193,25,1b176034-6def-4dea-aed9-f366399ea151,38.79,23.85,29.25,32.66,13.92,24.64,15.13,21.41,17.62,13.09,19.99,11.57,16.73,37.98,23.45,68.42,18.58,37.97,0.98,27.72,28,1742.4,735.9,medium,,,12,1717,381,5,2026-04-14 06:29:41.99405+00,
Windsor,CT,Connecticut,United States,New England,2026,987000,29492,41.8526,-72.6437,25,75ca8c1a-157b-44bf-9b0a-da018d338f1a,35.5,24.95,21.6,,,23.28,23.89,,,22.48,20.77,18.84,21.49,23.74,57.49,7.66,10.96,28.42,18.4,27.71,28,271.4,166.9,small,,,36,1718,1285,28,2026-04-14 03:52:39.99366+00,
Laguna Beach,CA,California,United States,Pacific,2026,639178,23032,33.54337,-117.7618013,25,0bd9a9e8-161c-4b3e-9259-d1b891ea0114,37.87,22.2,8.72,12.2,5.66,13.17,14.52,8.7,53.48,0.82,8.26,,19.55,24.31,30.11,,,30.11,3.76,27.66,28,121.4,67.2,small,,,261,1719,1286,164,2026-04-09 07:16:40.401502+00,
Fontana,CA,California,United States,Pacific,2026,624680,208433,34.109686,-117.462888,25,895d0722-6c9c-44d5-8663-c6b3fb03b9a3,29.35,20.96,34.73,12.34,,25.91,13.3,13.05,16.09,12.16,19.33,7.81,14.4,40.92,41.19,45.22,11.36,35.14,9.98,27.63,28,882.4,411.8,medium,,,262,1720,382,89,2026-04-09 08:59:45.74468+00,
Firestone,CO,Colorado,United States,Mountain,2026,826600,16395,40.155676,-104.9486195,30,791be750-f9fe-4675-affc-85237787a8b7,31.08,31.18,18.39,,,24.79,14.25,15.91,,11.55,25.98,,18.6,28.39,44.82,18.8,,32.68,,27.62,28,103.3,194.6,small,,,45,1721,1287,34,2026-04-09 00:07:40.529961+00,
Loveland,CO,Colorado,United States,Mountain,2026,846465,76383,40.4169053,-105.0631107,25,c187cbb8-3697-4d1e-8d4b-5896dd00f0a2,33.22,26.7,24.58,,,25.64,15.33,17.27,18,10.42,19.83,16.75,16.91,37.23,44.57,31.09,8.09,30.73,6.82,27.62,28,715.2,272.1,medium,,,45,1721,383,9,2026-04-09 01:47:41.238678+00,
Muscatine,IA,Iowa,United States,Midwest,2026,1955110,23806,41.419058,-91.0679461,25,d9558cc6-2087-4274-9ed2-4ac27efffcd6,28.74,29.41,28.92,6.84,,26.37,21.27,,13.6,9.47,21.16,,17.61,27.27,44.85,22.98,5.87,27.45,,27.6,28,243.8,102.8,small,,,25,1723,1288,14,2026-04-08 21:03:40.327586+00,
Dover,NH,New Hampshire,United States,New England,2026,3318820,32734,43.1863602,-70.8836226,30,f4144411-71ec-46cc-bd6d-06733e3633bc,30.17,22.83,21.99,,,22.41,17.14,4.56,6.23,8.73,12.82,42.07,15.52,53.94,39.19,,13.04,29.13,6.15,27.59,28,73.4,323.2,small,,,18,1724,1289,17,2026-04-14 07:27:40.989273+00,
Rancho Cordova,CA,California,United States,Pacific,2026,659444,79332,38.5770789,-121.2361872,25,f7f052ad-4eee-47b0-bca5-204c91eae93b,33.96,20.72,30.81,7.04,,23.42,2.65,9.57,11.25,21.76,16.17,,11.71,38.23,38.56,14.62,11.93,23.52,8.32,27.55,28,494.4,222.8,medium,,,263,1725,384,90,2026-04-09 06:54:41.180503+00,
Winter Garden,FL,Florida,United States,South,2026,1278250,47381,28.5412165,-81.5970433,30,3e0720a7-9a2c-4896-b638-7ac595e1af93,28.61,24.29,14.27,,,19.28,16.54,13,,23.52,21.73,14.58,18.22,33.51,35,23.94,15.03,26.14,,27.55,28,54.7,291.5,small,,,47,1725,1290,28,2026-04-09 20:18:50.945891+00,
Gainesville,GA,Georgia,United States,South,2026,1331908,42406,34.2901004,-83.8291065,30,498653a0-b72c-4fe6-a49d-9f4f65bdf6bf,37.47,20.84,12.58,30.95,8.53,16.5,7.41,,10.62,9.26,15.8,,11.31,32.87,28.23,,3.91,18.88,0.13,27.55,28,100.5,476.1,small,,,47,1725,1290,39,2026-04-09 21:08:53.106844+00,
Ypsilanti,MI,Michigan,United States,Midwest,2026,2689140,20648,42.2443543,-83.6211597,25,c2e1539b-b121-4b21-b746-9e8d96442541,30.51,24.39,15.89,,48.55,26.45,20.68,8.16,6.19,15.02,13.11,6.93,12.01,60.16,46.57,,7.94,31.71,2.78,27.54,28,96.7,54.1,small,,,100,1728,1292,77,2026-04-10 03:39:40.205719+00,
Rockville,MD,Maryland,United States,Mid-Atlantic,2026,2467675,67117,39.0836661,-77.1555855,30,6cdf195e-2d58-4d9d-8382-11f7264481c5,25.33,24.6,30.27,,14.41,24.54,17.61,14.4,,13.36,32.84,33.02,24.33,40.24,54.2,30.49,3.62,33.26,6.96,27.52,28,134.2,380.3,medium,,,40,1729,385,11,2026-04-10 00:26:41.025283+00,
Newberg,OR,Oregon,United States,Pacific,2026,4152100,25362,45.3072572,-122.9601976,25,b544237c-7aa8-409c-bc20-8f460f93cbef,25.25,18.43,31.97,8.52,20.57,22.61,7.36,9.66,13.96,10.99,13.21,33.07,14.59,39.37,54.09,,16.75,39.73,,27.51,28,142.9,66.6,small,,,33,1730,1293,23,2026-04-08 01:24:40.604856+00,
Locust Grove,GA,Georgia,United States,South,2026,1347140,9061,33.348125,-84.1025459,30,0575239d-8145-49c0-97b2-e5472a6fdf75,36.84,14.08,21.2,,,17.64,,,,,12.83,,12.83,21.31,29.52,,,29.52,,27.47,27,10.9,152.9,small,,,48,1731,1294,40,2026-04-09 22:46:41.029655+00,
Jacksonville,NC,North Carolina,United States,South,2026,3734200,73049,34.7297298,-77.3936614,35,e34cd264-a659-4bc5-bd1d-f8c111030da6,36.07,22.81,17.91,17.34,,19.98,20.65,18.99,16.66,17.32,27.61,13.66,20.04,40.88,26.2,16.85,16.89,20.6,6.04,27.47,27,128.1,809.9,medium,,,24,1731,386,5,2026-04-10 09:47:40.583124+00,
Rossmoor,CA,California,United States,Pacific,2026,663050,10625,33.7886,-118.0853,25,cc78e168-4212-4ae3-8f51-c978eda9e7dd,39.31,41.49,24.46,,,32.98,29.9,,,,,,29.9,19.78,16.22,,,16.22,,27.46,27,48.5,19.9,small,,,264,1733,1295,165,2026-04-10 22:41:40.528766+00,
Frisco,TX,Texas,United States,South,2026,4827684,200509,33.1554266,-96.8225959,30,4ecdedab-eb2f-48ce-9eea-6c188f7ba1e9,23.34,22.67,28.37,7.5,16.25,21.86,18.81,19.88,11.83,19.72,21.04,13.8,17.42,35.08,38.78,28.02,9.87,27.79,,27.46,27,585.8,1622.5,medium,,,56,1733,387,5,2026-04-09 13:19:45.379398+00,
Rocklin,CA,California,United States,Pacific,2026,662364,71601,38.8068681,-121.249696,25,a6e330a0-684d-4e68-90e5-2a8be49c60af,27.83,20.52,27.47,13.83,12.47,20.67,18.65,11.39,,,18.93,7.43,15.31,29.61,51.59,,7.87,34.77,10.42,27.44,27,423.2,150.9,medium,,,265,1735,388,91,2026-04-09 08:34:40.988755+00,
Bemidji,MN,Minnesota,United States,Midwest,2026,2705068,15353,47.4870337,-94.8826902,30,678533d7-03df-4a05-a509-1d78f4a9d679,23.8,19.21,12.86,,24.5,17.92,25.26,19.95,19.6,6.36,18.84,34.37,21.47,50.72,39.49,15.21,,28.16,,27.44,27,55.8,266.5,small,,,36,1735,1296,24,2026-04-10 13:12:40.400679+00,
Pittston,PA,Pennsylvania,United States,Mid-Atlantic,2026,4261048,7591,41.3279196,-75.7856838,25,5be52430-710e-4bf6-a23f-59fba72f529b,46.6,39.44,14.77,,,27.11,,,,45.38,13.63,,22.7,26.06,16.57,,,16.57,,27.4,27,45.8,9.8,small,,,84,1737,1297,74,2026-04-10 09:45:40.112335+00,
Noblesville,IN,Indiana,United States,Midwest,2026,1854180,69889,40.0368134,-86.0050577,30,0ad4a2d5-e37c-4253-b043-fc3fa71871d1,35.08,29.76,27.21,13.73,,26.64,14.94,15.05,22.69,28.41,22.41,6.23,18.41,25.37,24.65,31.43,28.07,27.88,,27.38,27,279.5,733.6,medium,,,18,1738,389,5,2026-04-09 03:29:40.636844+00,
Newport,KY,Kentucky,United States,South,2026,2155884,14150,39.0861,-84.4869327,35,1dbf8c21-ae72-4997-b24a-57a4c5899f5e,21.55,15.62,34.36,,,24.99,5.41,5.94,5.41,9.46,25.86,16.51,12.65,46.43,36.13,,,36.13,,27.37,27,27.6,68.7,small,,,9,1739,1298,8,2026-04-08 21:16:40.774389+00,
Great Barrington,MA,Massachusetts,United States,New England,2026,2526780,2234,42.1939704,-73.361473,25,d651c317-9f2a-4a08-bcad-c34a1604ae69,26.35,26.26,,,,26.26,,,,10.25,16.69,,14.85,45.23,31.82,,19.92,27.24,,27.37,27,2.5,33.7,small,,,52,1739,1298,47,2026-04-10 23:27:40.208719+00,
Silverdale,WA,Washington,United States,Pacific,2026,5364365,20733,47.6677331,-122.6818511,25,68678d35-f0c8-47ab-b7a7-87aaa54e051e,42.81,16,35,,,25.5,13.73,1.38,22,9.26,8.45,5.76,11.19,36.09,50.68,,6.18,33.56,1.63,27.35,27,174.1,95.3,small,,,56,1741,1300,37,2026-04-09 17:58:41.561638+00,
Roseville,CA,California,United States,Pacific,2026,662938,147773,38.7702963,-121.3196342,25,c743f550-5226-4efa-8489-ee0fd9badbfe,31.53,21.62,30.66,,,26.14,13.94,17.58,8.92,19.45,16.91,18.04,15.21,35.4,52.21,11.73,10.48,27.61,8.32,27.33,27,956.8,355.8,medium,,,266,1742,390,92,2026-04-09 08:18:45.621512+00,
Reno,NV,Nevada,United States,Mountain,2026,3260600,264182,39.549097,-119.8499069,25,721b6a8e-f725-443c-ac36-5a3609b77f01,29.62,18.26,29.67,6.74,27.55,22.96,13.14,10.73,15.34,8.66,20.24,18.23,15.43,44.86,38.32,5.01,15.08,20.85,6.08,27.33,27,1443,695.8,medium,,,12,1742,390,3,2026-04-14 12:09:57.751999+00,
Gardena,CA,California,United States,Pacific,2026,628168,61027,33.8883,-118.3089,25,95f088c0-6b97-451f-9d7a-a549e2f98a9d,25.1,18.08,28.43,,,23.26,,12.66,8.95,6.26,24.53,3,12.83,65.32,22.57,,4.95,15.79,,27.31,27,155,63.2,medium,,,267,1744,392,93,2026-04-10 21:25:40.900018+00,
Hattiesburg,MS,Mississippi,United States,South,2026,2831020,48730,31.3073052,-89.3174339,25,a77ab1ce-0034-4414-9970-38ba0364a8ae,31.65,21.33,13.24,12.04,37.14,20.73,17.13,5.09,7.11,7.9,9.83,16.1,11.02,52.03,25.11,39.84,3.47,24.86,3.05,27.29,27,540.8,378.4,small,,,14,1745,1301,13,2026-04-13 21:02:53.596833+00,
Lynwood,CA,California,United States,Pacific,2026,644574,67265,33.9303,-118.2114,25,4726ed7c-ee16-480f-be11-86fb2833e2ba,26.17,21.09,43.61,,,32.35,4.86,10.45,25.69,9.82,5.44,,11.17,62.64,34.85,,18.92,28.72,1.75,27.28,27,133.9,77.7,medium,,,268,1746,393,94,2026-04-10 22:10:45.30913+00,
Azusa,CA,California,United States,Pacific,2026,603386,50000,34.1385241,-117.912253,25,e12dbd8e-2ea9-4543-b1ae-551d4d530dfd,27.13,19.35,34.88,12.48,34.48,27.12,,7.82,,4.45,9.27,,7.88,51.13,36.15,11.86,,24.81,12.17,27.24,27,140.8,72.5,medium,,,269,1747,394,95,2026-04-09 04:42:40.347517+00,
Idaho Springs,CO,Colorado,United States,Mountain,2026,838370,1785,39.7493494,-105.5037588,30,8aa607d1-9382-4ef2-8369-b94f07cbf425,33,25.37,11.61,,,18.49,17.21,,,27.35,27.35,,23.66,44.45,19.48,,,19.48,,27.24,27,30.2,38.6,small,,,47,1747,1302,35,2026-04-09 00:21:40.276506+00,
Laguna Niguel,CA,California,United States,Pacific,2026,639248,64355,33.5286538,-117.7012525,25,ce0dec3b-19e0-4e04-b0e6-2ca828188f5d,27.78,23.23,19.73,,,21.48,14.48,13.95,,19.63,22.82,34.3,21.38,31.31,47.11,22.62,17.11,31.04,8.97,27.22,27,251.7,133.3,medium,,,270,1749,395,96,2026-04-09 06:59:40.611306+00,
Shawnee,OK,Oklahoma,United States,South,2026,4066800,31284,35.369413,-96.9564079,25,5ad23a30-5096-4595-b7d7-536161ecdf26,31.78,23.32,23.39,,37.19,26.43,,14.6,25.82,5.58,8.22,,14.21,21.78,43.11,,6.41,28.99,,27.17,27,372.6,159,small,,,19,1750,1303,12,2026-04-14 06:28:40.68397+00,
Summit,NJ,New Jersey,United States,Mid-Atlantic,2026,3471430,22719,40.7156222,-74.3646841,25,3fdb84dc-050b-4582-a01b-e1aacd273fb0,30.26,22.41,32.69,,,27.55,7.5,4.29,10.34,25.78,19.37,,13.43,38.97,39.35,,8.82,27.61,27.72,27.11,27,128.9,57.4,small,,,70,1751,1304,57,2026-04-10 09:13:40.406889+00,
Alpharetta,GA,Georgia,United States,South,2026,1301696,65818,34.0708663,-84.2726498,30,b97cfdb9-f000-4d05-9610-36c1862ec62a,40.99,24.44,18.92,3.06,28.38,21.16,13.01,15.88,2.76,7.26,12.69,17.38,11.25,34.88,34.89,22.06,13.69,25.1,,27.1,27,126.9,553.7,medium,,,49,1752,396,8,2026-04-09 21:15:40.712909+00,
Coon Rapids,MN,Minnesota,United States,Midwest,2026,2713114,63605,45.1764113,-93.3114539,30,19a4f38d-7f4f-4780-b18d-797858a57b5c,28.46,25.42,12.89,23.79,,19.73,18.18,9.72,27.25,13.49,9.77,27.23,17.93,33.9,48.57,41.07,,45.07,30.78,27.09,27,219.6,538,medium,,,37,1753,397,11,2026-04-10 14:14:41.007258+00,
Washington,IL,Illinois,United States,Midwest,2026,1779033,16081,40.7063964,-89.4334633,30,aa5923ad-dbab-4181-8f3c-954e463092ba,30.99,24.65,20.2,,,22.43,30.23,,,15.91,22.48,28.8,25.11,36.05,27.89,33.24,16.4,26.89,,27.08,27,32.5,164,small,,,21,1754,1305,15,2026-04-08 23:09:40.430967+00,
Yuma,AZ,Arizona,United States,Mountain,2026,485540,96148,32.5162863,-114.521782,25,2664810f-d41f-4892-8502-24d9282d5a3c,31.04,19.5,26.36,43.81,,25.54,13.44,10.03,13.3,9.05,23.44,9.56,14.55,39.51,31.37,15.37,12.92,21.16,14.98,27.07,27,845.9,329.2,medium,,,42,1755,398,15,2026-04-08 19:39:41.506331+00,
Castro Valley,CA,California,United States,Pacific,2026,611964,66441,37.7082758,-122.0627686,25,4f687d1f-0485-4f47-aba2-a08757e13869,32.65,23.38,38.73,,,31.06,8.52,,12.03,9.88,22.27,10.49,13.6,32.64,51.72,35.57,31.1,40.91,1.46,27.06,27,293.2,106.7,medium,,,271,1756,399,97,2026-04-09 05:15:43.493822+00,
Melrose,MA,Massachusetts,United States,New England,2026,2540115,29817,42.455723,-71.0590194,25,abd4ff97-9ae2-4fb0-bd92-606e2d59b0ba,23.41,14.62,27.71,,,21.17,9.51,6.89,1.22,7.73,11.33,5.2,7.22,51.91,56.8,,,56.8,10.27,27.06,27,147.9,45,small,,,53,1756,1306,48,2026-04-10 22:45:40.941907+00,
Red Oak,TX,Texas,United States,South,2026,4861196,14321,32.5095523,-96.7839798,30,54cf878f-76e4-4772-9d5a-1b1a661bf7d8,34.03,25.41,9.59,,,17.5,,23.86,,19.43,22.01,24.13,22.42,37.54,18.09,,,18.09,,27.06,27,22.9,219.1,small,,,57,1756,1306,51,2026-04-09 11:29:40.489375+00,
Kennesaw,GA,Georgia,United States,South,2026,1343192,33282,34.027202,-84.61709,30,6c4ca539-8e91-48c1-bc07-6f3486de14aa,32.34,19.91,19.39,,,19.65,16.16,13.87,,6.76,13.5,17.04,14.03,38.81,38.49,,10.93,27.89,,27.05,27,27.3,235.4,small,,,50,1759,1308,41,2026-04-09 21:34:41.067136+00,
Indian Harbour Beach,FL,Florida,United States,South,2026,1233450,9019,28.1574681,-80.6001469,30,cbdaf65c-8615-4855-a6d7-6ac559e0314f,26.57,30.69,25.28,,,27.99,,13.45,,,9.86,15.42,12.25,39.55,34.12,,,34.12,,27.01,27,3.8,71.9,small,,,48,1760,1309,29,2026-04-09 18:47:39.84099+00,
Hayward,CA,California,United States,Pacific,2026,633000,162954,37.626826,-122.104015,25,76e2074d-947c-49e9-bd4f-86d4b83edcb8,29.64,18.01,43.33,11.94,12.77,25.22,4.72,10.66,5.66,1.49,14.76,2.69,7.38,37.63,42.7,8.62,,26.8,8.22,27,27,597.9,206.6,medium,,,272,1761,400,98,2026-04-09 06:07:45.986287+00,
Redlands,CA,California,United States,Pacific,2026,659962,73168,34.0535056,-117.1704758,25,af5d8712-55f9-4423-8363-2ef6b18ffad1,28.77,20.82,34.61,,39.85,30.41,23.1,6.59,19.05,15.41,24.87,20.12,19.87,40.97,53.67,2.16,8.22,24.28,3.99,27,27,499.3,242.1,medium,,,272,1761,400,98,2026-04-09 08:51:40.999407+00,
Whittier,CA,California,United States,Pacific,2026,685292,87306,33.9792,-118.0328,25,f3e186ea-2d1b-4a96-aa07-c958ddf75ab8,24.68,20.33,33.76,,11.74,23.64,6.28,15.81,1.92,12.83,16.02,14.54,10.69,55.19,38.07,27.46,9.21,27.14,12.27,27,27,353.4,118.2,medium,,,272,1761,400,98,2026-04-10 23:16:40.439492+00,
Fountain Hills,AZ,Arizona,United States,Mountain,2026,425300,23820,33.6077989,-111.7383981,25,4d70258b-ea6b-44b2-a9f4-d4cd4c3f1ac0,41.22,32.94,16.6,,,24.77,8.69,9.23,,13.05,13.49,19.36,12.8,29.97,22.45,19.41,7.86,17.74,,26.99,27,319,74,small,,,43,1764,1310,25,2026-04-08 19:15:41.071962+00,
Carlsbad,CA,California,United States,Pacific,2026,611194,114746,33.1292841,-117.2841831,25,1fce8398-50c4-4465-86c0-54e0dfdc5bf0,29.34,22.08,22.13,,,22.11,12.07,13.29,1.31,8.91,20.44,9.4,11.42,28.77,42.86,100,9.64,54.55,10.44,26.98,27,727.8,332,medium,,,275,1765,403,101,2026-04-09 05:51:42.140249+00,
Morrisville,NC,North Carolina,United States,South,2026,3744520,29644,35.8363558,-78.8390015,35,0cff251b-4948-4033-ac77-4825c24486a5,33.78,22.18,12.62,7.23,5.94,14.09,,14.55,0.2,16.35,24.89,,14.39,31.08,42.15,,17.82,32.79,,26.96,27,92.4,182.7,small,,,25,1766,1311,18,2026-04-10 10:13:40.988942+00,
Conroe,TX,Texas,United States,South,2026,4816432,90249,30.3287174,-95.4845996,30,ee5a0f53-b9f1-4e0d-bd4d-49f046ca335d,35.37,26.38,12.56,11.38,0,14.77,3.72,9.66,22.32,16.48,18.83,,14.74,32.62,24.29,,34.15,28.08,,26.95,27,70.1,1163.5,medium,,,58,1767,404,6,2026-04-09 11:15:41.211533+00,
Groveland,FL,Florida,United States,South,2026,1227800,19062,28.6102149,-81.8270861,30,b0e49079-4baa-4e6e-9f70-ff0ac8e03492,36.73,27.16,7.37,,,17.27,13.68,,,13.68,13.67,,13.68,12.51,16.9,,,16.9,,26.94,27,27.5,251.4,small,,,49,1768,1312,30,2026-04-09 18:49:40.68666+00,
West St. Paul,MN,Minnesota,United States,Midwest,2026,2769700,20615,44.9024142,-93.0853271,30,374c17e0-9199-4aee-b5d1-89e03c30406f,22.79,25.68,26.54,,,26.11,24.78,21.66,,7.64,14.22,,17.6,40.3,32.27,34.65,26.94,31.77,,26.93,27,35.8,137.2,small,,,38,1769,1313,25,2026-05-08 21:53:56.024361+00,
Crandall,TX,Texas,United States,South,2026,4817504,3877,32.6345064,-96.4320635,30,4f40efd5-43cc-4c9f-b255-3ef6b597b72f,38.55,37.05,25.34,,,31.2,,,,,1.62,9.18,4.46,32.39,32.3,,,32.3,,26.91,27,3.4,104,small,,,59,1770,1314,52,2026-04-09 09:07:40.849167+00,
Jacksonville,FL,Florida,United States,South,2026,1235000,949602,30.3368643,-81.6616028,30,ea8e1c23-b022-47a4-a948-69b68e394d1d,28.86,21.44,20.74,15.51,16.27,19.57,14.13,14.07,13.43,9.92,19.43,17.08,15.33,41.16,30.66,31.55,13.56,26.7,4.51,26.86,27,787.2,8992.4,large,,,50,1771,53,4,2026-04-04 11:10:50.223688+00,
Cohoes,NY,New York,United States,Mid-Atlantic,2026,3616749,18147,42.77424,-73.70012,25,983dc2b9-9d1c-4068-9179-a7bff7318cd7,25.09,23.17,23.83,,,23.5,4.45,4.4,32.7,20.06,10.59,,14.73,48.83,43.27,,3.18,27.85,,26.85,27,55.8,77,small,,,30,1772,1315,25,2026-04-14 08:23:40.417503+00,
Bastrop,TX,Texas,United States,South,2026,4805864,9688,30.1110999,-97.3181519,30,4f86aefe-914c-4925-bca9-1ca4cdf193ad,32.79,21.3,24.57,,,22.94,23.13,21.02,19.91,24.46,17.59,18.19,20.28,49.24,33.42,,6.52,23.07,12.04,26.85,27,31.8,178.5,small,,,60,1772,1315,53,2026-04-09 08:18:40.390191+00,
Buena Park,CA,California,United States,Pacific,2026,608786,84034,33.8675,-117.9981,25,84c7f0af-dacf-4a2a-88ae-220c8375d6a0,29.93,20.06,34.85,,,27.46,9.59,1,,2.28,19.08,,10.79,44.43,32.76,,8.08,23.27,8.07,26.82,27,260.1,107,medium,,,276,1774,405,102,2026-04-10 20:51:41.458269+00,
North Platte,NE,Nebraska,United States,Midwest,2026,3135000,23333,41.1249595,-100.750359,25,8e65632a-9b40-45e2-bd37-b91724851886,33.97,25.61,35.38,1.34,,26.85,,19.32,6.04,9.37,19.66,31.21,17.09,31.33,23.87,,,23.87,,26.82,27,273.6,115.9,small,,,8,1774,1317,4,2026-04-07 02:52:40.636661+00,
South Fulton,GA,Georgia,United States,South,2026,1372122,108056,33.6412,-84.556,30,0b24385e-73f4-4720-a95d-a230f4f33e87,41.56,28.22,14.58,,,21.4,18.88,5.84,10.62,11.95,11.71,15.01,12.86,21.08,21.69,,16.39,19.65,,26.81,27,30.4,1284.3,medium,,,51,1776,406,9,2026-04-14 04:04:40.506574+00,
Jefferson,GA,Georgia,United States,South,2026,1341988,13245,34.136239,-83.6021566,30,bade0850-5b36-46d9-b266-8ea1702197c4,44.76,22.55,10.69,,,16.62,9.01,14.79,,23.02,27.77,,19.27,34.81,18.85,,19.58,19.13,,26.8,27,66,199.5,small,,,52,1777,1318,42,2026-04-09 21:47:40.123772+00,
Rexburg,ID,Idaho,United States,Mountain,2026,1667420,39528,43.8228934,-111.7909875,35,00c11bca-ca7a-4bb9-be68-9debb3ed4f7e,24.46,18.92,7.07,,46.32,20.4,9.76,7.07,5.51,5.06,2.32,14.02,6.95,50.03,40.57,,,40.57,,26.8,27,53,189.9,small,,,7,1777,1318,5,2026-04-06 19:57:44.928399+00,
Barrington,RI,Rhode Island,United States,New England,2026,4405140,17153,41.7330374,-71.3196762,25,94e62940-4fe3-455e-8fc8-91bc12da3c56,29.62,21.03,21.95,,24.92,22.25,,24.67,,28.19,28.19,,27.41,24.5,36.79,33.85,,35.42,,26.78,27,181,50.9,small,,,4,1779,1320,3,2026-04-14 05:57:39.952227+00,
Avondale,AZ,Arizona,United States,Mountain,2026,404720,89441,33.3132362,-112.3289278,25,134fc09a-e75e-4d23-88a7-3faeaff64528,28.25,23.07,27.23,9.52,,23.2,12.91,7.99,11.41,13.02,16.93,20.71,14.3,33.27,37.35,0,,19.92,,26.71,27,520.4,180.3,medium,,,44,1780,407,16,2026-04-08 18:54:01.260619+00,
Abingdon,VA,Virginia,United States,South,2026,5100148,8376,36.7066646,-81.9716269,25,12dd5db5-1200-4812-b8fa-9e07786171e2,33.56,26.9,14.32,26.96,,21.4,1.91,9.01,11.89,10.48,26.81,12.82,13.33,48.62,21.36,,,21.36,,26.69,27,109.7,50.5,small,,,53,1781,1321,40,2026-04-10 10:25:40.210175+00,
Hatboro,PA,Pennsylvania,United States,Mid-Atlantic,2026,4233088,8238,40.1774401,-75.105504,25,5597fd2d-dbbc-41ae-93f3-af9ce4d6c36b,31.52,32.16,27.78,,,29.97,,,,,,,,33.02,26.01,,,26.01,11.85,26.68,27,38.6,10.2,small,,,85,1782,1322,75,2026-04-10 09:30:40.077799+00,
Amherst,MA,Massachusetts,United States,New England,2026,2501370,39263,42.3635343,-72.5072913,25,7a540093-5f3d-4f6f-bb40-3120aaf95ec8,30.23,21.38,14.47,33.31,52.36,26.35,15.91,7.91,,5.29,12.89,12.29,11.96,31.07,50.86,15.08,8.12,27.65,,26.67,27,329.5,116.6,small,,,54,1783,1323,49,2026-04-10 22:06:39.985275+00,
Tulare,CA,California,United States,Pacific,2026,680644,68896,36.2002458,-119.3397753,25,7fb7da44-9212-474b-91a7-514b6452f080,38.07,23.19,39.38,,,31.29,,,19.69,10.12,10.26,,13.66,11.35,37.17,,,37.17,,26.65,27,399.7,161.3,medium,,,277,1784,408,103,2026-04-09 09:25:40.357043+00,
Hermosa Beach,CA,California,United States,Pacific,2026,633364,19728,33.8622,-118.3995,25,078c05fa-b32d-4aea-bd71-a74df81fab1b,24.03,21.27,15.93,,,18.6,4.88,7.49,,13.03,14.97,17.15,11.68,56.47,42.75,,9.71,30.04,,26.64,27,61.3,27,small,,,278,1785,1324,166,2026-04-10 21:19:45.413519+00,
Mooresville,NC,North Carolina,United States,South,2026,3744220,50319,35.5837175,-80.827755,35,0f3ad406-c0de-400b-b20f-c5c42b56a61f,37.6,23.16,9.43,15.61,,16.21,7.43,9.99,0,19.43,19.17,8.99,10.57,32.5,26.12,,18.78,23.3,,26.64,27,148.6,450.8,medium,,,26,1785,409,6,2026-04-10 09:51:40.233129+00,
Kissimmee,FL,Florida,United States,South,2026,1236950,79238,28.3027795,-81.4178309,30,87d09677-2f8f-4b17-841e-d4cb7ce28cbe,32.27,22.23,17.25,18.93,,19.64,4.84,8.08,2.21,5.83,17.88,,8.55,24.95,28.51,29.36,16.41,25.78,10.89,26.63,27,77.2,420.8,medium,,,51,1787,410,17,2026-04-09 19:42:40.681854+00,
Charlottesville,VA,Virginia,United States,South,2026,5114968,46553,38.0376579,-78.4853806,25,872122b1-3ed0-4a28-a16a-e1ae56b1ee92,26.34,14.15,29.06,,7.83,18.54,22.32,3.19,7.9,13.09,19.58,27.79,16.74,55.06,53.66,4.13,10.96,25.65,10.82,26.61,27,297.5,101.5,small,,,54,1788,1325,41,2026-04-10 12:22:41.547478+00,
Fairport,NY,New York,United States,Mid-Atlantic,2026,3625076,5501,43.0994653,-77.4430687,20,23bcfbf0-166e-4c25-846a-d9767acb4c65,28.19,23.1,20.51,,,21.81,,,,22.96,22.96,,22.96,36.73,26.07,,,26.07,,26.59,27,6.2,43.9,small,,,31,1789,1326,26,2026-04-10 05:58:40.061465+00,
Capitola,CA,California,United States,Pacific,2026,611040,9938,36.9760826,-121.954012,25,f3a482e2-5d1d-42d3-b94e-f04e8302001b,25.67,24.89,15.76,,,20.33,16.87,,,11.09,28.17,,20.96,43.41,35.47,,,35.47,15.88,26.57,27,37.2,23.6,small,,,279,1790,1327,167,2026-04-09 05:06:40.058406+00,
Franklinton,LA,Louisiana,United States,South,2026,2227190,3662,30.8479,-90.1532,25,390af523-7bc6-409c-b9a8-d2cc6e94fc4b,43.92,23.15,36.04,,,29.6,,2.05,13.96,19.55,12.04,,12.25,26.51,,,,,,26.55,27,85.9,15.8,small,,,13,1791,1328,7,2026-04-14 05:18:40.60117+00,
Allen,TX,Texas,United States,South,2026,4801924,104627,33.1097362,-96.6730316,30,1c6e7646-0770-4faf-9a85-12ee10fabfd9,23.69,19.61,28.62,10.47,,22.41,22.25,13.9,2.93,21.64,19.54,9.18,14.85,36.66,44.1,32.85,,38.85,,26.55,27,229.3,795.9,medium,,,61,1791,411,7,2026-04-09 09:47:41.74697+00,
Roanoke,TX,Texas,United States,South,2026,4862504,9665,33.0147428,-97.2290336,30,4e06109e-4cc8-4b04-b09f-9d46c9619cac,34.68,13.96,18.55,,,16.26,18.01,14.05,3.02,8.33,10.06,10.16,10.48,41.84,47.29,,16.54,35.46,,26.55,27,73.9,58,small,,,61,1791,1328,54,2026-04-09 10:57:40.195869+00,
Severna Park,MD,Maryland,United States,Mid-Atlantic,2026,2471200,39933,39.0866332,-76.5648831,30,da8d391a-2832-479c-aa97-5ee460f494c3,30.3,24.39,30.25,,,27.32,4.78,5.15,,14.55,22.92,12.46,13.16,36.11,41.81,15.79,13.11,25.53,,26.54,27,76.2,366.7,small,,,41,1794,1330,29,2026-04-10 01:37:40.843924+00,
Cornelius,NC,North Carolina,United States,South,2026,3714700,31423,35.4812,-80.8698,35,678a7954-c792-43b4-9330-8ffbad4ff336,35.93,30.43,15.93,,,23.18,,,,4.95,14.62,,11.86,38.57,32.54,19.41,19.18,24.6,5.6,26.54,27,71.4,283.2,small,,,27,1794,1330,19,2026-04-14 06:59:40.639089+00,
Elk Grove,CA,California,United States,Pacific,2026,622020,176124,38.4146207,-121.3849614,25,06d4138b-6bc1-40a1-82dd-82564f8b05dd,29.64,22.47,27.19,,,24.83,7.68,14.03,12.09,7.56,19.89,10.7,12.69,29.63,48.66,,9.8,33.71,,26.53,27,995,306.8,medium,,,280,1796,412,104,2026-04-09 06:11:41.329417+00,
Rockwall,TX,Texas,United States,South,2026,4862828,47251,32.9180564,-96.4380497,30,b339a689-c818-4c6b-b15f-85320d62d75e,24.61,18.2,21.27,,,19.74,24.88,18.26,16.03,19.77,20.9,17.15,19.78,35.73,45.06,,9.81,31.5,,26.53,27,137.7,510,small,,,63,1796,1332,55,2026-04-09 13:06:40.23714+00,
Valley Park,MO,Missouri,United States,Midwest,2026,2975472,6896,38.5537,-90.4948,25,2aa9e165-90b0-431e-a47c-ced9061b7cd7,45.35,27.2,15.07,,,21.14,,0,,,,,0,28.77,31.85,,,31.85,,26.51,27,74.2,33.4,small,,,42,1798,1333,30,2026-04-14 04:24:40.443377+00,
Plymouth,NC,North Carolina,United States,South,2026,3753040,3320,35.8712,-76.7448,35,f5e59ba1-cf86-4b3f-a02a-fb54429343c8,26.43,27.48,26.15,,,26.82,6.73,,,17.74,12.37,12.37,11.53,47.46,25.39,,,25.39,,26.49,26,30.5,42.3,small,,,28,1799,1334,20,2026-04-14 08:36:40.641776+00,
Sanford,FL,Florida,United States,South,2026,1263650,61117,28.7894252,-81.275624,30,fc7182af-bb86-4fd0-8054-a82da8a88e22,30.43,21.26,17.11,17.48,,18.97,10.67,,27.03,9.68,10.6,12.95,14.56,27.99,31.86,15.13,,24.05,1.42,26.47,26,48.2,536.2,medium,,,52,1800,413,18,2026-04-09 19:11:40.512836+00,
Gibbsboro,NJ,New Jersey,United States,Mid-Atlantic,2026,3426070,2189,39.8312,-75.0048,25,82410244-8272-41f4-acee-b6d10de3581b,50.89,29.16,25.95,,,27.56,,,,10.92,,,10.92,17.79,30.03,,,30.03,,26.47,26,35.4,16.6,small,,,71,1800,1335,58,2026-04-14 07:15:40.565933+00,
Greenwich,CT,Connecticut,United States,New England,2026,933690,13836,41.0277731,-73.6269311,25,076ac942-80d9-4c8f-a3a6-5ee1961baf34,28.32,20.63,27.27,,,23.95,19.12,12.47,17.16,19.12,16.94,,17.24,46.18,43.71,,,43.71,1.99,26.46,26,70.7,33.5,small,,,37,1802,1336,29,2026-04-07 03:04:39.988837+00,
Lodi,CA,California,United States,Pacific,2026,642202,66348,38.1216095,-121.2907652,25,dde4a8c5-28bc-4154-8a20-de8c3ecdbc59,28.24,21.19,34.02,,,27.61,,5.66,8.87,13.51,15,,11.45,37.65,41.88,,3.98,27.3,28.36,26.45,26,322.8,129.3,medium,,,281,1803,414,105,2026-04-09 06:35:41.119578+00,
Newton,MA,Massachusetts,United States,New England,2026,2545560,88923,42.3317684,-71.2083997,25,51c2fe6d-1732-4db0-93d8-dd8582726a7f,20.53,19.88,32.71,14.07,25.59,24.93,11.9,7.77,10.43,5.78,15.41,15.46,11.99,40.09,57.38,,7.44,38.17,15.7,26.42,26,534.4,203.2,medium,,,55,1804,415,5,2026-04-11 00:45:42.753894+00,
Castle Pines,CO,Colorado,United States,Mountain,2026,812387,11036,39.4624897,-104.8705843,30,002fb9f8-38ee-4c8e-9fc6-d93c451bb6f7,37.42,33.52,21.56,,,27.54,6.42,7.46,,6.42,11.89,,8.68,9.51,34.39,,100,59.62,,26.39,26,54.5,148.9,small,,,48,1805,1337,36,2026-04-08 23:53:40.58689+00,
Erie,CO,Colorado,United States,Mountain,2026,824950,30122,40.0402866,-105.0383105,30,940ffa25-05d8-4a88-8266-a5f14b652456,35.19,28.74,22.83,,,25.79,9.21,9.38,,14.21,15.08,16.85,13.12,21.23,55.93,42.3,22.42,42.78,,26.38,26,263.3,337.4,small,,,49,1806,1338,37,2026-04-09 00:36:41.596201+00,
Santa Ana,CA,California,United States,Pacific,2026,669000,310487,33.7363317,-117.8828997,25,981d2321-73fa-4bf1-acfd-b144056c130e,25.82,14.91,42.62,3.36,7.83,22.04,12.55,16.11,9.68,9.55,24.99,3.16,13.73,44.37,35.8,30.96,4.45,26.27,2.59,26.37,26,672.1,316,large,,,282,1807,54,10,2026-03-31 01:43:46.977329+00,
Spokane Valley,WA,Washington,United States,Pacific,2026,5367167,102976,47.6633532,-117.2327795,25,9b9a6feb-ff8e-4fcb-979a-dfab1173f6eb,28.89,19.08,30.96,8.33,,22.93,14.61,18.3,14.78,16.1,13,16.77,15.08,44.37,37.33,17.58,,28.11,6.04,26.37,26,772.1,286.6,medium,,,57,1807,416,19,2026-04-09 17:56:46.223642+00,
Melbourne,FL,Florida,United States,South,2026,1243975,84696,28.110438,-80.6627169,30,d66889a7-537b-4860-b001-bf99564d3254,29.07,23.91,21.09,12.93,22.75,21.59,5,13.99,6.02,13.14,18.76,14.93,11.85,40.77,24.01,,8.94,18.21,,26.34,26,113.8,727.9,medium,,,53,1809,417,19,2026-04-09 19:11:45.70858+00,
Bel Air,MD,Maryland,United States,Mid-Atlantic,2026,2405550,10687,39.5349419,-76.346323,30,59d142c2-2c09-49f4-91bf-fe68a9806d12,28.09,10.02,22.62,,,16.32,20.82,26.5,0,,7.96,17.52,12.7,44.94,51.13,,9.91,35.28,,26.33,26,26.6,69.4,small,,,42,1810,1339,30,2026-04-09 23:53:48.955793+00,
Paoli,PA,Pennsylvania,United States,Mid-Atlantic,2026,4257816,6002,40.0420156,-75.4902937,25,07c4cc0c-708a-4f80-9328-1766bc08daf1,38.71,31.74,22.87,,,27.31,12.54,20.39,21.63,4.53,10.33,,14.01,31.34,22.55,,,22.55,27.84,26.33,26,40.4,15.3,small,,,86,1810,1339,76,2026-04-10 09:59:40.673137+00,
Chambersburg,PA,Pennsylvania,United States,Mid-Atlantic,2026,4212536,21903,39.9314328,-77.6556419,25,759107c1-1e66-451a-ba3b-f12fad90df7d,30.46,17.07,24.61,,23.05,21.33,14.43,14.68,5.28,12.07,28.58,25.05,17.52,48.94,29.43,,1.29,18.61,,26.29,26,120.7,58.5,small,,,87,1812,1341,77,2026-04-10 09:19:40.910978+00,
West Tawakoni,TX,Texas,United States,South,2026,4877896,1895,32.8996251,-96.0359185,30,80815927-1c68-436b-a507-ceb26a6f22ab,36.28,28.07,,,,28.07,,,,,,,,19.25,21.24,,,21.24,,26.29,26,1.5,54.2,small,,,64,1812,1341,56,2026-04-09 11:56:40.418882+00,
Decatur,AL,Alabama,United States,South,2026,120104,57938,34.5729952,-86.9899008,25,647972da-d2ba-4f1f-87eb-6e49ffcf6645,37.94,20.58,28.11,100,,33.8,3.98,2.03,18.49,7.47,8.35,9.13,8.9,36.82,33.8,,5.21,22.8,8.19,26.27,26,624,255.4,medium,,,27,1814,418,10,2026-04-06 23:42:45.710917+00,
Watertown,MN,Minnesota,United States,Midwest,2026,2768548,4659,44.9602138,-93.8439207,30,5069ae6c-f561-4102-8c04-a8e5369c47bf,32.49,27.01,11.72,,,19.37,,,,,25.26,,25.26,11.83,44.55,45.07,,44.79,,26.27,26,20,59.7,small,,,39,1814,1343,26,2026-04-10 14:22:40.68211+00,
Baldwin Park,CA,California,United States,Pacific,2026,603666,72176,34.0828245,-117.9712858,25,6c2df1e5-ac34-4e41-b30a-6ed9d4e9595d,27.09,18.25,39.04,,,28.65,,2.6,12.86,5.52,20.91,17.49,14.04,62.78,11.64,,1.37,7.69,16.07,26.24,26,153.8,90.5,medium,,,283,1816,419,106,2026-04-09 05:12:40.664707+00,
Casselberry,FL,Florida,United States,South,2026,1211050,28794,28.6611825,-81.3219258,30,725b9ceb-cda7-4a0c-9626-8da44ee1866a,29.13,22.41,29.08,,,25.75,21.03,,,11.58,19.93,45.86,24.61,29.06,27.51,,,27.51,,26.19,26,70.1,153.5,small,,,54,1817,1344,31,2026-04-09 17:56:40.100326+00,
Valparaiso,IN,Indiana,United States,Midwest,2026,1878326,34193,41.479812,-87.0522726,30,0499f353-abc0-4512-ae9f-380fa545a246,24.28,23.16,24.81,0.61,21.99,21.25,22.35,19.74,19.74,4.21,16.47,14.41,17.09,41.22,33.84,26.27,,30.31,,26.18,26,101.2,364.3,small,,,19,1818,1345,14,2026-04-09 04:02:40.82715+00,
Yuba City,CA,California,United States,Pacific,2026,686972,70359,39.129842,-121.6415485,25,5436a71e-d381-4175-b1b5-180dd90f09b7,34.43,24.68,15.26,,,19.97,10.91,8.42,12.09,3.03,21.23,,13,31.7,31.91,,1.22,20.11,,26.17,26,375.4,131.5,medium,,,284,1819,420,107,2026-04-09 08:59:40.426565+00,
McLean,IL,Illinois,United States,Midwest,2026,1745811,743,40.312,-88.8512,30,45ae6eed-ad1b-42d9-864f-20b74d21fbb8,38.47,35.73,31.63,,,33.68,,,,,,,,14.02,16.02,,,16.02,,26.17,26,7,22.4,small,,,22,1819,1346,16,2026-05-08 21:53:51.432535+00,
Ridgefield Park,NJ,New Jersey,United States,Mid-Atlantic,2026,3462940,13224,40.8547046,-74.0199264,25,ddf8c39a-59dc-4528-a205-2f49493d5ab6,38.8,20.36,27.81,,,24.09,,,,,,,,29.89,12.61,,,12.61,,26.17,26,29.8,31.4,small,,,72,1819,1346,59,2026-04-10 07:59:40.674271+00,
Tohatchi,NM,New Mexico,United States,Mountain,2026,3578440,785,36.2537,-108.7498,30,5c354811-befc-4f37-b487-b843345e7d3b,49.93,10.95,35.21,,,23.08,12.21,,,,,,12.21,32.33,12.11,,,12.11,,26.16,26,2.5,28.4,small,,,4,1822,1348,2,2026-04-15 18:15:40.589699+00,
Johnson City,TN,Tennessee,United States,South,2026,4738320,71050,36.3423251,-82.3809148,25,c73d69ea-7486-4906-b012-67fd68ee0031,36.62,18.69,20.8,16.71,43.35,24.16,14.59,13.3,13.8,10.07,14.14,19.24,14.44,40.73,27.59,14.58,20.24,21.2,13.3,26.16,26,767.9,314.6,medium,,,21,1822,421,10,2026-04-07 01:10:41.529446+00,
Conway,AR,Arkansas,United States,South,2026,515190,64134,35.0744041,-92.4670035,20,9efdde0e-f9f0-49ad-8e37-4babf6a7c32b,31.82,21.5,20.89,31.51,33.28,24.64,24.34,14.31,4.89,20.09,12.78,28.14,16.7,43.87,21.14,10.57,,16.21,,26.15,26,613.7,248.7,medium,,,10,1824,422,5,2026-04-07 18:12:41.988622+00,
Upper Moreland,PA,Pennsylvania,United States,Mid-Atlantic,2026,4279176,26116,40.1587,-75.0848,25,0fe74605-d631-4a40-963a-9fb5e50b7a98,37.51,23.1,15.26,,,19.18,6.27,17.52,,6.99,12.71,,10.59,45.36,35.54,,,35.54,5.71,26.15,26,151.9,60.9,small,,,88,1824,1349,78,2026-04-14 09:01:40.626272+00,
Gainesville,FL,Florida,United States,South,2026,1225175,141365,29.6795366,-82.3467929,30,d1efcf44-8caa-4cda-be8f-0dd0f536d912,27.36,19.65,15.71,29.33,48.55,25.02,14.26,24.23,21.1,10.82,22.46,7.17,17.27,40.47,31.11,6.65,16.68,18.94,1.58,26.14,26,250.7,1075.8,medium,,,55,1826,423,20,2026-04-09 22:18:49.480817+00,
Orem,UT,Utah,United States,Mountain,2026,4957300,98129,40.2980651,-111.6994451,25,084a73ea-3f52-4a7a-867a-5a444adad4c5,21.66,18.61,25.82,13.43,20.31,20.96,16.26,12.12,18.89,12.09,18.7,12.76,16.04,46.82,49.85,22.09,6.08,29.19,17.03,26.13,26,500.8,211.1,medium,,,50,1827,424,12,2026-04-11 04:18:51.486236+00,
West Jordan,UT,Utah,United States,Mountain,2026,4982950,116961,40.6026661,-112.0012548,25,e1b2ca79-532f-4646-99dc-16f33fa11ab7,30.6,19.7,30.17,4.8,,22.42,5.05,13.31,4.39,13.99,15.97,5.19,9.39,33.84,58.83,7.36,8.39,28.21,11.24,26.13,26,739.9,225.8,medium,,,50,1827,424,12,2026-04-11 03:52:51.813289+00,
Owings Mills,MD,Maryland,United States,Mid-Atlantic,2026,2459425,35674,39.4104939,-76.789371,30,21de4716-2477-4f19-aa47-dc5f43405f65,31.22,21.43,26.84,7.38,30.69,23.77,6.95,9.57,,9.8,18.59,,12.27,36.2,45.54,,,45.54,5.3,26.12,26,36.8,175.1,small,,,43,1829,1350,31,2026-04-10 01:07:41.107151+00,
Culver City,CA,California,United States,Pacific,2026,617568,40779,34.0058204,-118.3967807,25,77b63210-810c-49c7-8c64-78b9133b5b92,26.97,17.77,31.04,,,24.41,19.96,26.68,0.08,10.51,20.74,23.42,16.43,56.42,35.83,12.25,14.55,22.26,0.06,26.11,26,147.1,72.1,small,,,285,1830,1351,168,2026-04-09 05:55:41.048317+00,
Lake Oswego,OR,Oregon,United States,Pacific,2026,4140550,40791,45.413551,-122.7000072,25,d0d1c176-b2aa-498b-b2cb-5b1250dc620c,29,22.19,30.39,21.54,,25.7,15.67,18.14,,7.57,14.68,19.23,15.32,29.07,45.82,,18.33,35.25,30.32,26.09,26,265.6,97.3,small,,,34,1831,1352,24,2026-04-08 01:35:43.832988+00,
Plymouth,MA,Massachusetts,United States,New England,2026,2554275,7667,41.9583426,-70.6638002,25,bef1cea8-6299-4487-bd66-6c76f5fc70cb,25.07,15.37,17.41,,,16.39,,,,,,,,26.89,39.19,,,39.19,,26.08,26,5,66.9,small,,,56,1832,1353,50,2026-04-10 23:48:40.599635+00,
Cedar Grove,NJ,New Jersey,United States,Mid-Atlantic,2026,3411200,12980,40.8580173,-74.2297838,25,8e069600-5148-43a3-a31a-517a6693c450,31.54,25.82,20.3,,,23.06,,,10.45,13.9,17.65,10.45,13.51,40.04,40.72,22.14,17.07,28.3,,26.08,26,128.7,25.9,small,,,73,1832,1353,60,2026-04-10 07:42:40.388112+00,
Richmond,KY,Kentucky,United States,South,2026,2165226,34588,37.7291449,-84.299364,35,c831bcc0-b59e-41f6-8cc4-2fbbf975fe26,28.88,22.94,10.52,8.82,32.13,19.02,7.75,23.67,11.62,11.04,24.82,,15.94,40.64,21.54,,,21.54,,26.07,26,49.9,348.1,small,,,10,1834,1355,9,2026-04-08 21:28:40.209327+00,
Hancock,MD,Maryland,United States,Mid-Atlantic,2026,2436600,1574,39.7045782,-78.1632702,30,e7e89ca5-a81f-4b2c-a643-19850bf7a0ba,33.1,31.81,15.97,,,23.89,17,,,14.61,9.59,,13.2,39.95,25.28,,,25.28,,26.07,26,9.5,34.7,small,,,44,1834,1355,32,2026-04-10 01:22:40.757966+00,
Windsor,CO,Colorado,United States,Mountain,2026,885485,32758,40.4782726,-104.9150527,30,f61a44c8-3789-4367-903b-a2914f85e675,34.21,28.68,21.24,1.31,,22,3.49,1.84,,5.4,2.83,10.14,4.56,23.08,44.42,25.19,,35.45,,26.06,26,183.3,480.2,small,,,50,1836,1357,38,2026-04-09 01:00:41.223601+00,
Westminster,CA,California,United States,Pacific,2026,684550,90911,33.7522916,-117.9938679,25,2d96471e-bae0-44b4-b5ea-5bbcf46bcd17,21.66,18.28,25.03,,,21.66,11.01,23.17,11.06,11.16,22.15,,15.75,42.93,31.42,,,31.42,,26.04,26,265.6,125.4,medium,,,286,1837,426,108,2026-04-09 09:05:45.45659+00,
Brookings,OR,Oregon,United States,Pacific,2026,4108650,6744,42.0724082,-124.3049086,25,6c116439-bf14-4c9e-9dc7-5a16c174ab22,28.84,22.4,13.61,0.54,,15.82,16.18,,,12.97,15.92,,15.48,37.29,37.32,,,37.32,,26.03,26,62.5,32.3,small,,,35,1838,1358,25,2026-04-08 01:09:40.630935+00,
Nevada City,CA,California,United States,Pacific,2026,650874,3152,39.261,-121.0155,25,b17e5ba9-2b72-48d1-9727-45d963724a09,34.57,28.49,21.26,,,24.88,,,,18.23,19.01,,18.79,30.26,19.94,,12.54,17.09,12.64,26.01,26,45.8,23.7,small,,,287,1839,1359,169,2026-04-10 22:04:40.952202+00,
Edwardsville,IL,Illinois,United States,Midwest,2026,1722697,26834,38.7908348,-89.9886052,30,848709de-0d89-4801-9367-334df9a9f174,30.13,17.22,17.15,,33.42,20.79,9.47,11.33,,11.06,10.29,14.19,11.04,36.43,39.37,32.23,44,38.03,0.75,25.99,26,79.2,323.6,small,,,23,1840,1360,17,2026-04-08 22:06:45.238977+00,
Ashburn,VA,Virginia,United States,South,2026,5103320,46349,39.0272962,-77.4713221,25,24870c1e-26cc-4370-8d99-ba40b4a1e4ce,28.42,18.45,36.86,,0.56,21.63,6.96,8.13,,6.54,10.91,16.81,10.14,26.48,66.4,14.63,34.76,40.37,0,25.99,26,232.1,124.5,small,,,55,1840,1360,42,2026-04-10 10:51:40.591975+00,
Hampton,VA,Virginia,United States,South,2026,5135000,137148,37.0479606,-76.2972931,25,e63da770-f03a-4b98-97c0-cd81f969023a,29.95,16.94,29.73,8.77,10.8,19.37,7.06,12.17,10.68,8.7,15.34,14.7,11.68,41.72,33.3,,12.82,25.42,1.82,25.95,26,848.1,318.1,medium,,,56,1842,427,13,2026-04-10 11:33:41.239735+00,
Blaine,MN,Minnesota,United States,Midwest,2026,2706382,70222,45.1705151,-93.2060892,30,5ea29cb0-af43-4378-90f9-53fd3e7952e2,29.98,22.82,20.22,,,21.52,8.27,7.33,,9.01,15.09,22.02,12.95,27.62,44.65,36.53,,40.86,0,25.9,26,226.3,680.7,medium,,,40,1843,428,12,2026-04-10 12:06:40.363056+00,
Leavenworth,KS,Kansas,United States,Midwest,2026,2039000,37351,39.3227166,-94.9250132,30,916a798a-e731-4400-aa42-7ec239973ed3,25.42,22.34,25.56,14.43,28.46,23.9,24.3,26.83,10.34,2.22,26.9,13.65,18.61,29.28,34.06,29.49,16.71,28.12,,25.85,26,164.9,376.3,small,,,7,1844,1362,3,2026-04-09 04:26:40.291358+00,
Encinitas,CA,California,United States,Pacific,2026,622678,62007,33.0506323,-117.2636163,25,3ae391c6-330b-45f1-b822-1dab943eb7e7,26.96,21.86,22.72,14.44,,21.31,8.78,16.44,6.68,13.46,27.53,10.79,14.58,44.02,46.24,1.9,13.55,22.55,2.49,25.84,26,390.1,173,medium,,,288,1845,429,109,2026-04-09 05:56:40.514019+00,
Portsmouth,RI,Rhode Island,United States,New England,2026,4457880,17871,41.5987,-71.2598,25,e2660d79-db2e-4d7d-ba99-66f8947948b8,32.09,23.63,18.96,,,21.3,,5.76,,5.77,19.6,,13.45,22.68,24.26,29.49,100,45.03,0,25.84,26,306.2,86.6,small,,,5,1845,1363,4,2026-04-14 06:57:40.536806+00,
Peachtree Corners,GA,Georgia,United States,South,2026,1359735,42243,33.9671501,-84.2323283,30,dc7c0266-090c-432a-9168-009e49260b2a,36.72,21.21,16.42,,,18.82,16.4,,7.34,7.5,13.84,8.61,11.39,34.24,28.16,,13.62,22.57,,25.83,26,42.8,319,small,,,53,1847,1364,43,2026-04-09 22:24:40.775695+00,
Ormond Beach,FL,Florida,United States,South,2026,1253150,43133,29.2932763,-81.1014474,30,1d799c66-ee3b-4f8a-8233-be65bd581ee3,32.76,23.99,10.88,16.22,,17.28,9,9.45,16.22,20.01,22.83,2.16,14.02,25.48,26.65,,6.67,18.97,,25.82,26,22.4,518.7,small,,,56,1848,1365,32,2026-04-09 19:16:40.814594+00,
Garden Grove,CA,California,United States,Pacific,2026,629000,171931,33.7787816,-117.9604719,25,197048cb-ce22-4cce-a9bb-ed72c531e001,22.17,17.1,38.84,4.22,1.05,20.21,11.85,6.96,12.54,8.61,21.21,40.56,17.82,46.39,27,,2.27,17.49,,25.8,26,463.1,177.2,medium,,,289,1849,430,110,2026-04-09 06:24:41.702928+00,
Marrero,LA,Louisiana,United States,South,2026,2248785,32382,29.8857263,-90.1132208,25,a992f46f-9e73-4d73-a8bc-71d1a8b5d5be,35.55,22.18,38.19,,,30.19,,12.44,3.42,5.93,15.08,,9.68,21.31,25.41,,,25.41,,25.79,26,199.9,57.9,small,,,14,1850,1366,8,2026-04-14 05:27:40.516283+00,
Lanesboro,MN,Minnesota,United States,Midwest,2026,2735450,724,43.7151224,-91.9701969,30,27564ad4-d321-40bb-b6ce-4d4239f9959f,32.89,26.75,13.26,,,20.01,,,,,,,,29.97,22.17,,,22.17,,25.78,26,3.8,21.6,small,,,41,1851,1367,27,2026-04-10 14:20:40.671375+00,
Chino,CA,California,United States,Pacific,2026,613210,91403,33.9780368,-117.6577189,25,bf372684-2787-4b3e-855e-1cae909756a7,27.61,18.74,25.46,27.34,,22.76,7.51,9.77,1.4,7.11,19.55,,9.83,35.97,38.83,,19.97,31.58,,25.77,26,374.1,230.3,medium,,,290,1852,431,111,2026-04-09 05:30:40.416105+00,
South El Monte,CA,California,United States,Pacific,2026,672996,19567,34.0503775,-118.048384,25,273628d1-090e-4daa-a1d7-dc5751368042,26.98,21.08,22.93,,,22.01,,,4.48,15.29,22.18,,14.49,55.38,11.94,,,11.94,,25.75,26,50.8,35.3,small,,,291,1853,1368,170,2026-04-09 08:57:40.804074+00,
Gulfport,MS,Mississippi,United States,South,2026,2829700,72926,30.4194872,-89.069022,25,7eb519d7-e2ff-4448-bb1f-5e1ddfb728f4,43.47,25.65,15.06,17.05,,19.94,15.12,40.65,21.02,13.95,4.55,,16.27,30.72,23.71,3.35,5.62,12.06,12.85,25.75,26,898.5,266.4,medium,,,15,1853,432,2,2026-04-13 21:06:41.037993+00,
Clemson,SC,South Carolina,United States,South,2026,4514950,17724,34.683564,-82.8105751,30,7de8d00d-7345-4a4f-ac67-02fdc4a0384d,32.17,29.77,8.54,,,19.16,30.12,21.35,,21.79,23.16,28.84,25.57,42.32,16.99,,8.17,13.6,28.01,25.75,26,12.9,196,small,,,10,1853,1368,9,2026-04-13 20:50:40.39893+00,
Castle Rock,CO,Colorado,United States,Mountain,2026,812415,73158,39.3761937,-104.8529224,30,498ff952-6d17-4727-9b40-699c6c3b3d9f,31.94,24.64,26.68,4.16,,22.97,7.11,13.66,4.16,8.02,13.48,5.51,8.62,25.1,46.5,28.47,34.98,37.31,,25.74,26,339.3,657.7,medium,,,51,1856,433,10,2026-04-09 00:37:41.140143+00,
Buffalo Grove,IL,Illinois,United States,Midwest,2026,1709447,43177,42.1659808,-87.9618258,30,9ae50558-e4aa-4ba8-b014-aa77685d1ead,26.81,27.76,21.18,,,24.47,10.02,28.63,,7.68,18.23,12.89,15.16,30.14,48.53,20.75,12.95,29.91,22.16,25.74,26,84.2,276,small,,,24,1856,1370,18,2026-04-08 21:53:40.704976+00,
Cary,IL,Illinois,United States,Midwest,2026,1711592,17826,42.2121439,-88.2496274,30,e92a6d98-807e-4c9d-9cf7-76c4c06742c0,31.11,29.69,23.38,,,26.54,,,,11.98,10.57,2.26,8.36,23.78,53.3,21.84,,38.62,13.06,25.73,26,51.1,133.9,small,,,25,1858,1371,19,2026-04-08 22:01:40.938594+00,
Thomasville,GA,Georgia,United States,South,2026,1376224,18881,30.8394221,-83.9787807,30,13ae9f14-1c45-4709-9dcc-9a4be5bfa154,30.38,19.31,18.03,5.18,18.83,17.35,19.16,9.86,10.78,8.8,4.36,11.21,10.63,41.19,34.04,,21.55,29.24,,25.72,26,198.4,140.5,small,,,54,1859,1372,44,2026-04-09 22:32:44.416557+00,
San Gabriel,CA,California,United States,Pacific,2026,667042,39568,34.0946359,-118.0984687,25,17403c5b-cb48-4b3f-a144-f27a58464c14,22.77,20.68,31.94,,,26.31,6.61,25.94,12.47,13.92,31.62,11.51,17.43,53.96,11.14,,2.79,7.93,,25.71,26,106.8,57.4,small,,,292,1860,1373,171,2026-04-09 08:34:40.75817+00,
Rockledge,FL,Florida,United States,South,2026,1261500,27678,28.3213624,-80.737823,30,d91b46e5-e505-4c4d-905c-a8d5d8fb3bc7,27.8,24.51,19.56,,,22.04,,,,14.15,17.39,,16.46,42.74,23.42,,,23.42,,25.69,26,28.6,269.2,small,,,57,1861,1374,33,2026-04-09 19:09:40.922829+00,
Waynesboro,VA,Virginia,United States,South,2026,5183680,22196,38.0671571,-78.9014197,25,703998d9-f924-4f08-a1a8-44f8e9826626,29.21,22.57,24.06,,,23.32,17.6,,,16.87,19.83,,18.48,42.89,21.76,,19.29,20.81,,25.69,26,209.4,86.4,small,,,57,1861,1374,43,2026-04-10 12:18:40.666844+00,
Rio Vista,TX,Texas,United States,South,2026,4862240,1018,32.2345451,-97.3748347,30,9bbd7564-3a23-47ae-850f-e7afa60797e6,45.87,16.51,19.66,,,18.09,,,,,,,,32.61,8.81,,,8.81,,25.68,26,,27,small,,,65,1863,1376,57,2026-04-09 12:57:40.431828+00,
Port Orange,FL,Florida,United States,South,2026,1258575,62608,29.1134441,-81.0132233,30,8f692bcd-f896-447e-a206-ad423f31b42b,29.99,22.35,19.33,14.37,14.37,18.9,13.5,13.71,10.01,9.44,23.17,8.01,14.01,38.92,27.55,,,27.55,,25.67,26,67,577.5,medium,,,58,1864,434,21,2026-04-09 20:02:40.663995+00,
Riverside,CA,California,United States,Pacific,2026,662000,314991,33.9381433,-117.3931676,25,6a70a856-afcb-4a1c-85a8-d8594b00955f,25.06,18.37,31.94,5.79,24.9,23.17,10.63,8.81,12.23,12.7,21.91,8.19,13.43,45.54,36.49,22.72,15.03,26.31,3.49,25.66,26,1458.9,631,large,,,293,1865,55,11,2026-03-31 03:59:46.125334+00,
Burlington,MA,Massachusetts,United States,New England,2026,2509875,26377,42.5051,-71.1956,25,4aa64692-3e65-4bd0-99e7-43905067c06e,24.64,11.31,17.54,,4.15,12.14,9.35,9.87,4.28,7.18,13.77,0.77,7.99,37.21,51.55,,,51.55,,25.64,26,68.2,252.5,small,,,57,1866,1377,51,2026-04-14 02:37:40.644232+00,
West Palm Beach,FL,Florida,United States,South,2026,1276600,117323,26.7451143,-80.1270377,30,d2e615c7-e0f1-4290-b2ac-4173b2fa9dea,28.43,23.75,16.63,,18.72,19.86,12.36,22.66,6.19,10.61,20.01,4.22,12.67,29.34,33.05,16.12,11.05,21.62,3.65,25.61,26,175.6,660.6,medium,,,59,1867,435,22,2026-04-09 21:46:47.24429+00,
San Leandro,CA,California,United States,Pacific,2026,668084,91008,37.7033683,-122.163036,25,4982b9a1-0bcd-4ff4-ae7c-963515e6aefe,31.16,12.19,37.65,,,24.92,2.39,8.31,6.38,9.26,12.09,9.06,7.89,44.24,42.83,,7.14,29.1,1.28,25.59,26,339.7,121.3,medium,,,294,1868,436,112,2026-04-09 07:26:42.548209+00,
Lexington,KY,Kentucky,United States,South,2026,2146027,322570,38.0406777,-84.4582721,25,30ce5128-faf3-40e0-8b52-14e45a86a6b5,29.31,18.9,22.38,13.44,33.28,22.45,12.22,12.06,20.11,14.78,18.81,14.66,16.05,38.57,37.56,23.17,18.73,27.82,8.86,25.58,26,2601,1059.8,large,,,11,1869,56,1,2026-03-31 13:31:08.943833+00,
Troy,TN,Tennessee,United States,South,2026,4775240,1423,36.3418127,-89.158398,25,a10cd03d-58a4-4fbb-bb68-5c0b6db5e414,38.38,30.66,13.15,,,21.91,20.03,,,,14.27,,16.83,35.99,19.75,,17.64,18.94,,25.58,26,25.7,16,small,,,22,1869,1378,11,2026-04-07 00:56:40.482243+00,
Shrewsbury,MA,Massachusetts,United States,New England,2026,2561800,38325,42.2847672,-71.7142277,25,4711feba-5ac4-4b3f-87da-acc1f4591fcf,22.81,19.96,20.62,,,20.29,9.87,7.63,,8.44,22.52,,14.17,26.54,49.81,,,49.81,,25.52,26,51.7,385.8,small,,,58,1871,1379,52,2026-04-11 00:06:42.782109+00,
Concord,NH,New Hampshire,United States,New England,2026,3314200,43976,43.2324926,-71.5612523,30,6b6b5131-73a6-4192-8ea3-523e14fdd075,32.82,20.73,21.3,,3.62,17.15,10.47,5.6,16.55,8.78,10.84,18.54,12.33,39.95,43.8,20.89,11.42,27.69,0.35,25.52,26,335.6,485.2,small,,,19,1871,1379,18,2026-04-14 08:49:40.930226+00,
Berlin,MD,Maryland,United States,Mid-Atlantic,2026,2406800,5026,38.3315325,-75.2154337,30,275ba2c0-668b-4fc7-b577-0bdd3d8a7283,32.33,19.72,21.25,,,20.49,9.73,3.73,11.67,4.07,8.54,28.54,11.48,41.89,27.6,,,27.6,,25.5,26,3.5,57,small,,,45,1873,1381,33,2026-04-09 23:56:40.83033+00,
Matthews,NC,North Carolina,United States,South,2026,3741960,29435,35.1197881,-80.7096931,35,e077dfa8-4581-41d5-9219-aed535549018,39.81,20.11,16.3,1.76,,16.15,6.34,12.44,10.33,13.36,13.16,12.03,11.01,30.69,36.52,,6.57,25,,25.5,26,57,309.1,small,,,29,1873,1381,21,2026-04-10 08:50:40.697576+00,
Mabank,TX,Texas,United States,South,2026,4845324,4053,32.3718617,-96.1095043,30,c1d206a3-e7df-4380-b768-cf2e46ed868b,35.07,23.05,20.8,,,21.93,,,,21.56,21.56,,21.56,19.99,19.62,,,19.62,,25.49,25,2.8,129.3,small,,,66,1875,1383,58,2026-04-09 12:10:42.263659+00,
Stoneham,MA,Massachusetts,United States,New England,2026,2567700,23244,42.4742082,-71.0976654,25,48069479-0fd4-4acf-abe0-110594600597,25.2,20.99,24.88,,,22.94,3.54,11.9,,18.5,4.81,5.26,7.17,37.53,40.66,,,40.66,,25.47,25,164.3,55,small,,,59,1876,1384,53,2026-04-11 01:46:40.21133+00,
Seminole,FL,Florida,United States,South,2026,1264975,19373,27.8427352,-82.7853042,30,a54804fd-9c30-4293-bd06-2c211ae2b30a,28.64,22.95,10.8,9.67,,15.97,26.04,3.99,11.4,12.84,21.8,,17.2,41.78,16.9,,,16.9,,25.43,25,16.6,148.9,small,,,60,1877,1385,34,2026-04-09 19:57:40.342422+00,
Summerville,SC,South Carolina,United States,South,2026,4570270,51033,33.0058363,-80.1793065,30,b218f9d6-0e55-4da6-9214-b03a1883a840,35.05,27.35,8.12,96.48,,27.58,10.77,7.86,38.79,20.67,20.34,5.62,18.69,24.36,13.38,28.12,,20.26,,25.43,25,63.3,479,medium,,,11,1877,437,2,2026-04-13 21:25:41.376602+00,
Altamonte Springs,FL,Florida,United States,South,2026,1200950,46325,28.6610215,-81.3946805,30,2020b160-c764-43f9-bdc2-9a6b3316407d,27.34,22.31,11.24,18.48,,16.99,19.57,12.54,17.83,14.05,16.8,25.56,18.17,47.96,19.88,25.56,,22.53,0.06,25.42,25,41,233.6,small,,,61,1879,1386,35,2026-04-09 18:25:40.958107+00,
Bartlett,TN,Tennessee,United States,South,2026,4703440,57786,35.2341691,-89.8202657,25,1b8eb8e2-76d9-4d42-aa21-c2b87e5adc6c,35.27,23.67,22.08,,,22.88,9.37,14.94,11.65,5.08,17.41,,12.42,17.26,36.98,,9.14,26.27,,25.4,25,490.2,165.3,medium,,,23,1880,438,11,2026-04-07 01:16:50.668264+00,
Hastings,MN,Minnesota,United States,Midwest,2026,2727530,22154,44.7317802,-92.8545118,30,3faf10b2-26f4-4c7f-b3e1-d4fa57c58882,23.04,23.81,7.48,,,15.65,,7.5,15.74,1.36,21.23,,14.37,33.34,43.67,43.09,,43.4,,25.39,25,62.6,230.9,small,,,42,1881,1387,28,2026-04-10 13:27:42.110193+00,
Fresno,CA,California,United States,Pacific,2026,627000,542404,36.7826843,-119.7933595,25,2f134d4b-10be-4bed-b060-4cef7b266aeb,25.7,19.92,32.63,12.15,25.72,24.75,12.38,14.46,14.61,10.37,20.73,13.58,15.1,40.98,23.8,25.79,8.02,20.55,0.37,25.36,25,2777.5,1045.7,large,,,295,1882,57,12,2026-03-31 11:30:07.82208+00,
San Dimas,CA,California,United States,Pacific,2026,666070,34924,34.1067,-117.8067,25,738c7834-ac08-42c2-a919-d40de32b683e,33.2,19.35,15.59,,6.33,14.99,,5.6,21.11,6.81,16.06,,14.58,37.81,32.79,16.66,,25.26,6.29,25.36,25,234.5,97.5,small,,,295,1882,1388,172,2026-04-10 21:50:40.325006+00,
Gardner,MA,Massachusetts,United States,New England,2026,2525485,21287,42.5842062,-71.9887369,25,cbb40725-9424-4d0a-9fde-2c8372d2d5da,20.32,16.84,16.64,9.89,,15.88,8.49,9.77,11.7,7.45,4.4,8.72,8.17,46.23,41.2,,,41.2,,25.34,25,37.3,238.4,small,,,60,1884,1389,54,2026-04-10 22:58:40.22032+00,
Scarsdale,NY,New York,United States,Mid-Atlantic,2026,3665431,18253,40.989,-73.7846,25,e2c265ce-be9b-4297-ac60-e0b0e0e6545c,41.24,25.99,25.22,,,25.61,1.59,,15.66,4.68,,,7.84,9.19,41.77,,,41.77,5.99,25.34,25,150.5,58.4,small,,,32,1884,1389,27,2026-04-10 06:55:40.735055+00,
Corona,CA,California,United States,Pacific,2026,616350,157136,33.8619689,-117.5654945,25,ac9b0f46-8eb4-462b-8cd0-bc5184973315,27.49,18.24,30.93,10.16,,22.78,12.74,15.81,9.27,8.76,24.95,,15.41,29.37,44.55,18.75,6.97,26.13,0.91,25.33,25,772,350.8,medium,,,297,1886,439,113,2026-04-09 06:28:42.179128+00,
Riverview,FL,Florida,United States,South,2026,1260950,107378,27.8242746,-82.3044864,30,f3473135-d6ce-4a41-847b-13847b4dd65a,29.39,26.78,21.6,6.59,,21.99,10.15,24.19,17.95,19.62,20.68,12.77,17.09,31.83,27.26,16.74,13.29,20.09,,25.32,25,93.3,805,medium,,,62,1887,440,23,2026-04-09 19:20:40.65378+00,
Millbury,MA,Massachusetts,United States,New England,2026,2541340,13831,42.1922464,-71.777649,25,457beeda-b3c4-448f-8147-500fb4df3777,36.72,28.77,22.43,,,25.6,8.79,,,6.09,16.31,,11.72,19.89,32.62,15.88,,24.81,,25.3,25,50.2,200.7,small,,,61,1888,1391,55,2026-04-10 23:05:40.110563+00,
Midvale,UT,Utah,United States,Mountain,2026,4949710,36028,40.614723,-111.8928225,25,daf407ef-7349-4bd6-af74-1ee51d4f8189,27.85,18.67,18.01,,,18.34,11.96,11.66,,7.33,18.02,24.52,15.59,46.2,39.06,,9.16,27.56,16.3,25.3,25,162.5,60,small,,,52,1888,1391,39,2026-04-11 01:35:41.220874+00,
Lewiston,ME,Maine,United States,New England,2026,2338740,37121,44.0895127,-70.172095,25,f236b521-bd0b-408e-bf03-97e54d905869,26.9,21.17,26.7,19.71,,23.41,11.86,,15.7,6,9.64,12.59,11.57,40.67,48.02,44.99,12.42,38.06,4.54,25.29,25,302.8,141,small,,,34,1890,1393,33,2026-04-14 05:59:40.282374+00,
Gresham,OR,Oregon,United States,Pacific,2026,4131250,114258,45.502319,-122.4416088,25,ff962bd5-c133-4c8c-bfde-bd64ded0f22f,22.62,17.33,30.64,12.1,,22.5,11.61,9.51,11.18,12.64,17.42,30.02,15.63,46.75,42.25,23.93,0.7,25.45,11.7,25.29,25,486.8,190.6,medium,,,36,1890,441,10,2026-04-08 01:26:41.419119+00,
North Charleston,SC,South Carolina,United States,South,2026,4550875,114987,32.9178812,-80.065,30,1098247c-34a4-4223-ba3d-e7b0d30fbbd1,32.32,18.19,20.34,15.52,13.53,17.74,12.18,4.81,10.63,7.39,14.83,11.67,11.24,42.06,32.5,,20.27,27.8,7.02,25.28,25,148.7,1109.8,medium,,,12,1892,442,3,2026-04-13 22:23:42.577898+00,
Southborough,MA,Massachusetts,United States,New England,2026,2563165,10450,42.3037,-71.5248,25,ab78ce48-33cb-4807-996c-03e525506ac6,32.74,23.35,19.31,,,21.33,7.97,,,11.12,,,9.02,17.18,43.16,,,43.16,3.75,25.27,25,37.6,173.4,small,,,62,1893,1394,56,2026-04-14 03:35:39.962969+00,
Severance,CO,Colorado,United States,Mountain,2026,869150,7705,40.5059438,-104.8634755,30,a757818e-ff19-4f59-8291-f62c424bac30,31.68,28.9,16.46,,,22.68,,4.26,,,,,4.26,20.47,41.99,15.13,,29.46,,25.26,25,37.5,161.9,small,,,52,1894,1395,39,2026-04-09 01:10:40.293983+00,
Federal Heights,CO,Colorado,United States,Mountain,2026,826270,14410,39.8649728,-105.0153397,30,2470df1c-6ccb-487d-a206-ba759296c959,23.04,27.89,10.85,,,19.37,,24.1,,20.87,20.34,,21.29,45.99,21.15,,,21.15,,25.25,25,8.9,63.8,small,,,53,1895,1396,40,2026-04-09 00:08:41.399063+00,
Mount Dora,FL,Florida,United States,South,2026,1247050,17012,28.8133494,-81.6334105,30,c5f03b87-ca9c-462d-9077-1300014b1ea5,36.69,24.56,15.96,,,20.26,13.73,5.81,,6.66,15.44,2.13,10.22,30.9,16.89,,3.94,11.91,,25.25,25,9.2,203.9,small,,,63,1895,1396,36,2026-04-09 19:40:40.329315+00,
Plainfield,IL,Illinois,United States,Midwest,2026,1760287,44758,41.6303006,-88.2452822,30,f2d0b4bb-824f-4984-8b94-f0d6bc8c13c3,28.3,21.9,20.22,,,21.06,26.63,17.52,30.87,15.91,23.71,11.08,22.43,26.46,40.18,17.66,,29.67,,25.24,25,137.2,455.5,small,,,26,1897,1398,20,2026-04-08 23:19:41.021114+00,
Olive Hill,KY,Kentucky,United States,South,2026,2157918,1581,38.3058391,-83.168204,35,d61ff218-9a6e-4015-a2e5-2f3136ca8e0c,42.23,37.64,,,,37.64,,,,27.88,11.82,,16.41,34.08,11.14,,,11.14,,25.24,25,0.8,51.1,small,,,12,1897,1398,10,2026-04-08 21:27:40.502129+00,
Glen Burnie,MD,Maryland,United States,Mid-Atlantic,2026,2432650,72891,39.1562712,-76.6069956,30,6b20ebff-cf85-4cc0-b787-7475bde89163,24.77,21.95,24.91,,,23.43,14.36,14.55,10.57,11.55,21.45,19.92,15.95,38.51,33.11,15.88,15.99,22.8,,25.22,25,77.3,433.6,medium,,,46,1899,443,12,2026-04-10 00:39:40.603064+00,
Coventry,RI,Rhode Island,United States,New England,2026,4418640,35688,41.6987,-71.6248,25,e40bc869-0dad-48ff-847a-67d935d1717e,33.92,25.52,14.62,,,20.07,,4.9,,2.99,16.5,,10.92,30.97,21.99,20.61,,21.35,,25.22,25,427.3,176.2,small,,,6,1899,1400,5,2026-04-14 06:51:40.498744+00,
Ellijay,GA,Georgia,United States,South,2026,1327092,1858,34.691438,-84.4834903,30,b06fba93-a1f4-4a1d-8a08-3d32fa3c3df7,45.19,22.09,11.28,,,16.69,,,,,,10.57,10.57,36.86,12.6,,,12.6,,25.21,25,15.7,66.3,small,,,55,1901,1401,45,2026-04-09 21:54:40.187199+00,
College Station,TX,Texas,United States,South,2026,4815976,120511,30.5851598,-96.2963598,30,a69bd29a-79e5-4ec6-855b-94fe25e6e138,24.85,15.79,9.76,,42.14,19.3,8.32,5.35,8.68,13.07,9.07,10.01,9.01,45.83,44.02,22.67,11.82,28.5,,25.19,25,175.7,823.2,medium,,,67,1902,444,8,2026-04-09 09:24:44.774878+00,
Alvord,TX,Texas,United States,South,2026,4802284,1351,33.356968,-97.6960256,30,11b3b165-3693-4717-95c1-09ff799a375d,27.36,23.67,18.47,,,21.07,,,,,,,,22.66,31.01,,,31.01,,25.18,25,2,34.1,small,,,68,1903,1402,59,2026-04-09 09:37:40.334063+00,
Cartersville,GA,Georgia,United States,South,2026,1313688,23197,34.1651,-84.7996,30,93712bd8-39e0-4a22-874d-c30a6b7f67c7,30.62,19.62,7.69,,,13.66,15.05,6.18,,11.7,4.62,10.13,9.34,35.53,24.13,,14.08,20.26,,25.17,25,59.7,326.3,small,,,56,1904,1403,46,2026-04-14 04:00:40.184019+00,
Macomb,MI,Michigan,United States,Midwest,2026,2650480,91663,42.6740307,-82.9167655,25,02f3414f-9b74-4167-a572-f788513f36c3,39.79,29.18,29.99,,,29.59,10.28,,10,14,18.53,32.17,16.57,28.26,10.78,,16.48,12.97,,25.17,25,706.3,129.1,medium,,,101,1904,445,23,2026-04-10 04:05:41.559393+00,
Brunswick,MD,Maryland,United States,Mid-Atlantic,2026,2410900,7762,39.3179898,-77.6252798,30,8a45c01c-612a-4925-a035-fe75c46edbee,30.9,29.07,13.15,,,21.11,24.18,,,21.17,6.22,7.43,13.75,42.28,51.41,,17.74,38.46,5.79,25.16,25,20.2,73.5,small,,,47,1906,1404,34,2026-04-09 23:57:40.907163+00,
West Rancho Dominguez,CA,California,United States,Pacific,2026,684780,24347,33.9106,-118.2631,25,6492725d-c66d-40cf-bf43-a9a156f09475,27.46,17.8,18.68,,,18.24,,,,7.97,8.15,6.93,7.75,45.74,18.95,,16.23,17.9,,25.14,25,83,41.7,small,,,298,1907,1405,173,2026-04-10 22:53:40.269763+00,
Shorewood,IL,Illinois,United States,Midwest,2026,1769758,18186,41.517527,-88.2151545,30,13dfc7eb-1d91-42c7-b9a4-cbfc95ae75a9,28.3,22.03,24.92,,,23.48,4.2,,,17.49,15.66,,11.83,28.76,37.15,29.15,,33.42,,25.14,25,50.7,167.7,small,,,27,1907,1405,21,2026-04-08 23:03:41.297203+00,
Kearney,NE,Nebraska,United States,Midwest,2026,3125055,33790,40.7017453,-99.0823123,25,4dc38a9e-f6c2-4b51-b423-06787a9dbc3d,28.28,21.19,19.04,4.19,24.64,19.43,9.95,11.26,7.21,7.16,16.33,14.81,11.58,48.88,27.61,16.69,,22.51,,25.14,25,319,141.4,small,,,9,1907,1405,5,2026-04-07 02:39:40.660705+00,
Granbury,TX,Texas,United States,South,2026,4830416,11178,32.4328053,-97.7751486,30,e016e723-e678-4a6a-a6c2-5519ce7b889c,38.5,20.58,14.83,,,17.71,7.06,,6.13,11.59,16.55,24.44,12.89,40.03,20.1,,7.09,15.1,,25.1,25,21.6,237,small,,,69,1910,1408,60,2026-04-09 11:52:40.330877+00,
Sweet Home,OR,Oregon,United States,Pacific,2026,4171950,9844,44.3987,-122.7348,25,2bb5ed3e-e18f-45b1-b8d4-f31dcc02a39e,31.56,25.77,17.31,,,21.54,,,,,12.88,,12.88,30.67,29.13,,,29.13,,25.09,25,71.2,32,small,,,37,1911,1409,26,2026-04-14 09:17:40.519657+00,
Angola,IN,Indiana,United States,Midwest,2026,1801666,9324,41.64109,-85.0109731,30,22848034-7d4d-4e9f-af82-486a0f7d6560,31.12,25.94,25.68,,29.5,26.63,6.88,6.88,21.14,,24.98,,16.72,35.18,16.08,,17.19,16.51,,25.08,25,21.6,109.8,small,,,20,1912,1410,15,2026-04-09 03:06:40.486637+00,
Creedmoor,NC,North Carolina,United States,South,2026,3715320,4866,36.1250255,-78.6779551,35,a600b488-7b2a-424d-999e-0a8d01cb196f,52.78,31.69,10.02,,,20.86,,5.41,,8.87,6.19,,6.61,26.8,30.04,,17.86,25.36,,25.07,25,2.6,63.5,small,,,30,1913,1411,22,2026-04-10 09:42:40.830759+00,
Durham,NC,North Carolina,United States,South,2026,3719000,284031,35.9779278,-78.8981088,35,22c837a3-4993-42eb-86e3-19c9903c31f0,29.56,20.47,19.7,7.9,20.89,19.03,13.46,13.26,15.89,10.85,16.95,8.71,13.83,37.43,35.92,20.75,14.1,25.16,7.34,25.04,25,613.5,2222,medium,,,31,1914,446,7,2026-04-10 17:28:53.281274+00,
Boyd,TX,Texas,United States,South,2026,4809748,1416,33.084347,-97.5632084,30,680f0810-dd8f-4ace-9ff9-a6b0fe772c6d,40.41,30.94,24.3,,,27.62,,14.08,,20.91,2.92,,9.4,19.69,37.01,,24.82,32.32,,25.02,25,4.2,34.7,small,,,70,1915,1412,61,2026-04-09 10:35:40.367116+00,
Pasadena,CA,California,United States,Pacific,2026,656000,138699,34.1606016,-118.1379537,25,aeb36cf2-eed6-4d40-a8bd-dde9b5450b7f,24.13,17.83,32.85,15.67,16.33,22.57,15.07,8.7,5.85,8.19,20.03,24.22,14.51,54.52,28.96,,12.51,22.63,4.52,25,25,488.7,292.2,medium,,,299,1916,447,114,2026-04-09 08:26:46.089268+00,
Timnath,CO,Colorado,United States,Mountain,2026,877510,6490,40.5332095,-104.9645011,30,b0c5b1c9-9263-4ea2-abc9-158c0080441b,38.48,29.71,6.62,,,18.17,5.46,5.46,,,3.17,,4.42,14.46,37.94,23.94,11.72,26.49,,25,25,36.3,140.1,small,,,54,1916,1413,41,2026-04-09 01:12:40.183667+00,
Whitehouse,TX,Texas,United States,South,2026,4878388,8257,32.2216774,-95.2206759,30,a4ff6017-5ea8-4668-adc7-098836300e7e,36.18,26.2,32.06,,,29.13,23.55,,,16.04,18.41,,19.85,29.09,13.42,,,13.42,,25,25,3,95.7,small,,,71,1916,1413,62,2026-04-09 11:46:40.537892+00,
Altadena,CA,California,United States,Pacific,2026,601290,42846,34.1922117,-118.1355893,25,2ceefe9b-5286-4717-827b-77b1a0976982,30.8,26.19,27.93,,,27.06,5.88,10.19,7.97,19.56,15.86,12.17,11.54,40.24,22.04,,7.24,16.35,,24.98,25,196.1,59.8,small,,,300,1919,1415,174,2026-04-09 04:37:40.913154+00,
Wall,NJ,New Jersey,United States,Mid-Atlantic,2026,3476460,26525,40.1658273,-74.0979898,25,90eae952-fc0a-41b3-801c-778cdf3c8932,33.32,25.34,18.11,12.49,,20.57,9.49,4.59,,17.98,15.94,8.58,11.78,35.95,21.35,30.64,,25.69,,24.98,25,339.4,190.8,small,,,74,1919,1415,61,2026-04-10 08:17:40.138659+00,
Menifee,CA,California,United States,Pacific,2026,646842,102527,33.6898575,-117.1843827,25,49605b59-cd81-40a9-a443-e91863e8e1cc,34.45,23.18,23,18.66,,22.54,2.77,3.34,12.28,6.56,13.95,5.44,8.3,24.46,46.03,3.82,17.53,24.13,,24.97,25,810.4,273.8,medium,,,301,1921,448,115,2026-04-09 06:47:40.651172+00,
Rancho Santa Margarita,CA,California,United States,Pacific,2026,659587,47949,33.6323319,-117.5990075,25,648e96de-56f7-44f1-8eed-d73c0b83256b,30.82,19.57,24.21,,,21.89,4.74,2.8,4.08,14.1,16.82,,9.01,24.06,36.07,9.21,,23.54,,24.97,25,170.9,82.6,small,,,301,1921,1417,175,2026-04-09 07:14:41.227752+00,
Honolulu,HI,Hawaii,United States,Pacific,2026,1571550,350835,21.324347,-157.8476402,25,cf21bcb8-88f0-4e9d-b773-1e1a34616835,22.44,13.55,30.42,10.74,7.54,17.97,11.99,12.32,11.31,13.9,29.47,18.72,17.46,46.09,45.85,19.43,10.73,27.82,3.73,24.96,25,743,458.7,large,,,9,1923,58,1,2026-03-31 02:24:47.107275+00,
Upland,CA,California,United States,Pacific,2026,681344,79040,34.1160732,-117.6599224,25,8e665882-c8bb-46f5-a24f-fb2a5cd32d75,23.55,19.9,24.38,,9.18,19.26,23.94,30.93,11.3,17.24,27.62,,22.08,47.13,24.05,20.74,7.4,18.73,6.06,24.95,25,342.6,150.6,medium,,,303,1924,449,116,2026-04-09 08:23:41.109342+00,
Cedar Park,TX,Texas,United States,South,2026,4813552,77595,30.5052,-97.8203,30,b6903cb7-8d8a-4213-a48f-42a52d0fb2ef,25.63,21,21.96,7.35,,19.71,13.37,17.79,9.85,16.94,22.05,11.95,15.42,38.25,43.51,20.64,12.62,27.78,19.03,24.93,25,147.9,565.9,medium,,,72,1925,450,9,2026-04-14 09:48:44.438214+00,
La Verne,CA,California,United States,Pacific,2026,640830,31334,34.1205212,-117.7699278,25,570ede35-d698-4e79-a094-f31e68e04135,27.24,20.96,27.04,,10.9,21.09,2.24,3.27,,8.34,18.68,14.58,10.58,36.17,36.67,23.24,2.38,23.4,5.9,24.92,25,150.5,62.3,small,,,304,1926,1418,176,2026-04-09 06:16:39.925329+00,
McMinnville,OR,Oregon,United States,Pacific,2026,4145000,34319,45.2110474,-123.1918216,25,ae111005-8593-43ec-9a97-e7a1711d4fac,29.25,22.72,26.75,50.2,18.84,26.1,10,14.41,47.12,7.95,15.49,31.01,22.18,30.29,46.6,,9.61,32.37,0.31,24.88,25,223.8,79.2,small,,,38,1927,1419,27,2026-05-08 21:54:00.564299+00,
Silvis,IL,Illinois,United States,Midwest,2026,1769979,8003,41.4976604,-90.4101388,30,a721f719-f0ff-454b-ad51-73d00b49f087,26.07,24.45,14.67,,,19.56,,,15.04,,21.66,15.04,17.8,35.41,43.03,,5.15,28.46,,24.87,25,14.8,68.5,small,,,28,1928,1420,22,2026-04-08 23:04:40.387736+00,
Albany,OR,Oregon,United States,Pacific,2026,4101000,56476,44.6269277,-123.0967414,25,4ff6b0a3-0d7d-4ef2-8ccf-d7ac89b0aa4d,31.52,20.76,28.41,26.57,,24.83,10.46,12.89,29.54,5.41,7.36,9.12,13.04,36.74,37.83,,26.5,33.47,2.2,24.87,25,358,140.8,medium,,,39,1928,451,11,2026-04-08 01:29:40.946074+00,
Red Wing,MN,Minnesota,United States,Midwest,2026,2753620,16547,44.5812646,-92.6050111,30,813f8bea-9dec-46ed-86d7-9978ee69cf41,31.94,22.03,19.17,33.35,,22.19,,,10.47,12.34,11.48,34.37,16.22,32.62,34.31,19.07,3.98,21.39,0.58,24.85,25,68.1,276.3,small,,,43,1930,1421,29,2026-04-10 14:11:41.202362+00,
Cicero,IL,Illinois,United States,Midwest,2026,1714351,85268,41.8445373,-87.7592899,30,55ebbff2-3a52-4d10-b1b8-4b991912a738,22.37,17.92,32.79,5.03,,22.81,2.89,6.9,,5.77,24.96,,12.44,49.05,26.7,,26.24,26.52,17.26,24.84,25,73,101.9,medium,,,29,1931,452,7,2026-04-08 22:41:41.075571+00,
Woburn,MA,Massachusetts,United States,New England,2026,2581035,40876,42.4887033,-71.1543831,25,aad0df90-033b-4690-ab3c-111108f3fe37,21.05,13.59,18.92,,22.33,17.61,6.78,14.23,11.12,11.83,11.46,18.37,11.81,43.75,47.09,,,47.09,2.3,24.84,25,48.7,307.1,small,,,63,1931,1422,57,2026-04-11 00:19:40.203767+00,
El Cajon,CA,California,United States,Pacific,2026,621712,106215,32.7948,-116.9625,25,ea16323a-968a-42f5-a2a3-26e9be47fc25,21.44,15.86,29.37,4.24,,20.32,8.63,13.7,,9.68,39.03,,21.26,55.76,19.68,,4.65,13.9,5.11,24.83,25,267.9,179.6,medium,,,305,1933,453,117,2026-04-10 21:38:41.060005+00,
Forest Heights,MD,Maryland,United States,Mid-Atlantic,2026,2428725,2658,38.8037759,-77.0116912,30,b40cd519-7101-4cb1-bc11-216641714048,44.5,22.86,21.73,,,22.3,,,,,,,,7.74,100,,,100,0,24.81,25,10.2,30.5,small,,,48,1934,1423,35,2026-04-10 00:24:40.853248+00,
Middletown,RI,Rhode Island,United States,New England,2026,4445460,17075,41.5201518,-71.2801985,25,307b0bb8-db54-4df2-aedc-f706bdce6221,26.67,17.72,24.53,,,21.13,8.82,6.02,,7.47,17.55,,11.54,35.68,36.21,2.11,,20.3,,24.81,25,170.5,78.6,small,,,7,1934,1423,6,2026-04-14 07:23:40.347655+00,
Stonecrest,GA,Georgia,United States,South,2026,1373784,59194,33.6806667,-84.1452502,30,f425b85c-b900-4c73-b7bd-c681d6eab892,38.95,21.47,20.05,,1.41,16.46,53.93,,13.68,11.7,9.5,,22.76,22.52,25.55,27.59,12.2,22.93,,24.79,25,52.2,517.4,medium,,,57,1936,454,10,2026-04-09 22:29:40.169624+00,
Greenfield,MA,Massachusetts,United States,New England,2026,2527060,17768,42.6146712,-72.5970627,25,5db8d0b3-10fb-4829-a418-844b854f8ecb,25.58,21.66,25.59,11.43,,22.1,2.86,,10.65,8.34,17.61,8.39,10.22,44.52,44.38,23,5.64,27.21,16.18,24.77,25,196.3,129.1,small,,,64,1937,1425,58,2026-04-10 22:42:40.042242+00,
Eagle,ID,Idaho,United States,Mountain,2026,1623410,31157,43.6957,-116.3533,35,baa930ee-fd45-42c2-933c-91372ade18fe,32.13,25.07,21.1,,,23.09,13.09,15.59,5.77,8.78,5.82,17.52,10.29,28.94,43.68,22.68,23.63,31.32,,24.74,25,230,432.7,small,,,8,1938,1426,6,2026-04-14 05:16:40.933221+00,
Placerville,CA,California,United States,Pacific,2026,657540,10747,38.7311162,-120.7976774,25,5b986b1a-fa63-4c4a-930a-b2c583ad61ed,31.46,20.53,15.67,,,18.1,13.59,11.46,29.03,22.06,4.06,22.89,16.32,38.7,21.14,,,21.14,,24.7,25,108,52.5,small,,,306,1939,1427,177,2026-04-09 07:55:40.753385+00,
Frederick,CO,Colorado,United States,Mountain,2026,828360,14513,40.105907,-104.974497,30,7ea89bf3-3d2c-4efd-a149-5ff55061d757,37.52,23.6,18.47,,,21.04,,2.22,,6.17,4.67,,4.46,17.11,45.58,3.62,18.92,24.23,,24.7,25,71.3,215.9,small,,,55,1939,1427,42,2026-04-09 00:22:40.781688+00,
Meriden,CT,Connecticut,United States,New England,2026,946450,60850,41.5367771,-72.7945433,25,636de3c7-ffb7-45bd-b188-ac5179a1398d,24.93,19.4,29.36,,,24.38,7.69,15.48,4.38,14.52,19.11,21.31,13.39,48.39,40.11,36.25,12.95,31.97,0.61,24.65,25,384,166.6,medium,,,38,1941,455,9,2026-04-07 03:17:41.158353+00,
Granger,IN,Indiana,United States,Midwest,2026,1828800,30322,41.737729,-86.1343821,30,08a1d5c1-942c-4fe7-afad-93b12edfbc76,35.78,29.84,14.6,,,22.22,14.97,17.97,4.07,16.47,8.14,25.52,13.12,26.74,21.29,31.63,,26.12,,24.62,25,26,405.6,small,,,21,1942,1429,16,2026-04-09 03:16:40.469196+00,
Maryville,TN,Tennessee,United States,South,2026,4746380,31967,35.7478102,-83.9802342,25,e440c201-b446-4b17-a0a8-775b4c762329,40.74,22.84,15.74,11.93,11.56,17.01,9.64,0.21,7.88,13.9,10.42,26.19,11.45,31.71,36.97,,10.74,26.88,0.57,24.61,25,328.8,110.8,small,,,24,1943,1430,12,2026-04-07 00:41:40.814575+00,
Rosemead,CA,California,United States,Pacific,2026,662896,51185,34.0803,-118.0828,25,af1b74e3-1d76-4a4e-be2e-aaffa4fc39c1,21.74,21.4,28.43,,3.33,20.12,3.66,3.66,7.26,4.84,19.42,6.03,8.79,62.23,17.13,,3.07,11.72,,24.59,25,113.7,68.4,medium,,,307,1944,456,118,2026-04-10 21:23:40.715029+00,
Milford,DE,Delaware,United States,Mid-Atlantic,2026,1047420,11190,38.9097867,-75.4223006,25,1e59b4fa-599c-4b7f-a607-bd560d247877,33.73,21.07,15.26,,,18.17,9.42,10.65,31.9,9.39,18.25,7.93,16.02,38.27,42.16,,,42.16,2.43,24.57,25,115.8,66.9,small,,,13,1945,1431,12,2026-04-07 02:50:40.690205+00,
Chula Vista,CA,California,United States,Pacific,2026,613392,275487,32.6276701,-117.0151696,25,09594429-6b3f-4b47-a844-2bd1317344ac,22.49,19.83,32.52,10.75,15.49,22.5,10.85,9.92,8.22,12.94,22.03,9.86,13.09,39.82,42.41,15.14,10.66,24.93,17.29,24.56,25,884.2,469.4,medium,,,308,1946,457,119,2026-04-09 13:00:51.478075+00,
Glen Rose,TX,Texas,United States,South,2026,4829876,2653,32.2468241,-97.748052,30,d3a968ca-59eb-4ff8-8f1d-0675cadfc5e6,27.01,23.35,9.18,,,16.27,14.91,,7.93,5.76,10.3,29.69,13.53,50.78,22.36,,17.13,20.35,,24.51,25,17.3,70.2,small,,,73,1947,1432,63,2026-04-09 09:34:40.368906+00,
Athens,TN,Tennessee,United States,South,2026,4702320,14084,35.4568086,-84.604522,25,5ec84366-20f2-46a4-80b6-9baa29bb9d6e,33.17,23.83,23.54,,22.48,23.42,9.87,5.6,8.69,15.08,17.68,,12,30.94,25.98,,,25.98,,24.47,24,226.9,81.2,small,,,25,1948,1433,13,2026-04-07 00:29:53.564069+00,
Streamwood,IL,Illinois,United States,Midwest,2026,1773157,39577,42.0205861,-88.1777706,30,5b6c83d9-382f-4bf4-afdb-ca521d11209c,23.63,20.18,28.05,,,24.12,6.9,9.55,1.84,6.03,4.42,4.2,5.04,32.77,53.29,,13.18,37.86,,24.46,24,61.2,189.3,small,,,30,1949,1434,23,2026-04-08 22:44:40.823739+00,
Akron,NY,New York,United States,Mid-Atlantic,2026,3600441,2888,43.017986,-78.4978244,20,9b4c7e06-c57e-467b-9ee4-bc3c732fa7ba,35.42,42.9,23.49,,,33.2,,13.3,,9.49,19.98,,16.16,12.26,25.03,,,25.03,,24.45,24,2.7,33.6,small,,,33,1950,1435,28,2026-04-10 05:57:40.496014+00,
Pearl City,HI,Hawaii,United States,Pacific,2026,1562600,45295,21.4026091,-157.9569068,25,141c14a4-d529-4405-ad9d-bbe6f4b18f8c,27.19,19.24,24.65,,,21.95,5.68,12.27,,7.95,16.44,14.77,11.85,29.51,52.05,,13.44,37.2,6.06,24.44,24,129.9,66.5,small,,,10,1951,1436,8,2026-04-08 20:15:40.188339+00,
Northbridge,MA,Massachusetts,United States,New England,2026,2546925,16335,42.1289365,-71.6557872,25,2a5d8fc6-290b-452e-a8c1-73dc3e808a6a,30.73,24.04,19.51,,,21.78,9.29,,,8.14,7.29,27.63,12.34,18.14,38.29,,,38.29,,24.44,24,87.4,187.1,small,,,65,1951,1436,59,2026-04-10 23:31:40.051939+00,
McKinney,TX,Texas,United States,South,2026,4845744,195327,33.2011245,-96.6641609,30,aaf533aa-21aa-4475-9f27-193b1faeeca9,20.85,21.34,22.92,11.02,,20.74,18.52,18.2,15.45,15.89,17.59,24.03,18.21,35.83,34.84,29.11,11,26.87,,24.43,24,346.2,1562.6,medium,,,74,1953,458,10,2026-05-08 21:54:03.64612+00,
Dacono,CO,Colorado,United States,Mountain,2026,819080,6298,40.0635207,-104.9468043,30,d1b8e848-7f62-4096-963f-3daf2afd35c5,44.66,31.79,32.54,,,32.17,,,0.69,,5.76,,3.51,18.31,31.43,,,31.43,,24.41,24,23.6,94.4,small,,,56,1954,1438,43,2026-04-09 00:03:40.413428+00,
Durango,CO,Colorado,United States,Mountain,2026,822035,19145,37.2645342,-107.8741239,30,98e10b48-5924-48ec-b182-d25e4f336aff,30.13,17.64,21.03,29.21,,20.57,9.73,17.01,38.78,5.01,5.6,7.85,14.48,34.61,44.4,29.01,10.54,30.55,5.1,24.39,24,267.2,207.1,small,,,57,1955,1439,44,2026-04-09 00:01:40.738445+00,
Foxborough,MA,Massachusetts,United States,New England,2026,2524855,6227,42.0640242,-71.2484011,25,013b19c8-7e03-4998-a23d-0b84a599ac05,37.01,21.52,26.18,,,23.85,,10.37,,4.8,,,7.59,21.52,37.74,,,37.74,,24.39,24,9.4,51.1,small,,,66,1955,1439,60,2026-04-11 00:43:40.007882+00,
Las Vegas,NV,Nevada,United States,Mountain,2026,3240000,641911,36.2334989,-115.2640367,25,89817244-14c1-4914-8125-a6672d92afa6,23.27,17.4,26.36,6.75,6.5,17.29,14.28,13.14,7.18,13.03,19.28,13.68,13.78,40.3,32.38,22.97,13.06,24.26,8.46,24.39,24,3009,1281.4,large,,,13,1955,59,2,2026-04-01 00:26:37.102344+00,
Roseburg,OR,Oregon,United States,Pacific,2026,4163650,23683,43.2236037,-123.352037,25,bd32d706-c66f-45ba-97a1-2bed937b576e,31.95,17.92,31.55,,,24.74,7.13,5.94,11.47,6.35,9.9,7.88,8.61,39.77,34.81,,4.74,23.24,1.07,24.39,24,190.1,97,small,,,40,1955,1439,28,2026-04-08 01:22:41.197617+00,
Hartford,CT,Connecticut,United States,New England,2026,937000,121054,41.7659331,-72.6815789,25,d0c467f3-c9dc-4f23-90fa-ed8d7f0c2c86,21.31,11.74,42.12,1.25,23.34,23.64,14.2,4.25,15.41,3.07,8.57,30.33,13.35,42.91,46.97,,14.12,34.34,4.36,24.38,24,305.4,229.3,medium,,,39,1959,459,10,2026-04-07 04:44:49.82081+00,
Takoma Park,MD,Maryland,United States,Mid-Atlantic,2026,2476650,17629,38.9803056,-77.0023262,30,3d78b05b-6cf2-4c6d-b43e-923fdc88e7ab,19.72,19.22,19.67,,13.13,18.04,,13.36,,6.88,13.75,,12.14,33.65,44.55,,,44.55,,24.38,24,12.7,78.1,small,,,49,1959,1442,36,2026-04-10 00:20:40.442899+00,
Santee,CA,California,United States,Pacific,2026,670224,60037,32.8549903,-116.9860556,25,b1f715c8-a47e-4f68-87d1-d41df7455c37,32.92,21.38,24.06,22.77,,22.73,6.39,6,,10.39,15.56,17.41,11.77,27.54,35.67,20.49,17.41,25.79,10.09,24.37,24,337.3,108,medium,,,309,1961,460,120,2026-04-09 08:54:45.26774+00,
Vista,CA,California,United States,Pacific,2026,682996,98707,33.189528,-117.2385824,25,2a2804c7-1302-4e86-8acb-011c85521029,23.54,18.51,29.5,,,24.01,5.43,8.03,,16.12,26.26,5.43,13.6,46.34,20.76,,,20.76,10.29,24.37,24,325.4,212.6,medium,,,309,1961,460,120,2026-04-09 07:57:41.149798+00,
Saluda,NC,North Carolina,United States,South,2026,3758920,631,35.2375231,-82.3469084,35,d000425f-5c01-4b6a-93f7-b4081d5edc34,37.98,35.99,23.14,,,29.57,5.06,,,,,19.97,11.45,24.88,20.44,,,20.44,,24.33,24,8,26.3,small,,,32,1963,1443,23,2026-04-10 08:56:41.08838+00,
Mansfield,OH,Ohio,United States,Midwest,2026,3947138,47534,40.76672,-82.5308195,25,7ee6becd-de72-46ee-babd-b7e5e0375c07,34.97,26.13,23.1,40,12.26,23.68,12.8,13.04,21.32,8.1,11.01,5.81,12.56,39.66,27.1,24.4,0.8,19.58,0.34,24.33,24,368.2,192.6,small,,,85,1963,1443,70,2026-04-10 11:38:40.329742+00,
Blackstone,MA,Massachusetts,United States,New England,2026,2506015,9208,42.0195,-71.5309,25,dc21bef5-0c1a-4fa0-b16e-7857c4cd0031,34.93,31.13,13.7,,,22.42,,,,27.56,14.72,,18.39,14.17,21.15,,,21.15,,24.32,24,35.1,105.9,small,,,67,1965,1445,61,2026-04-14 03:01:40.98313+00,
Krugerville,TX,Texas,United States,South,2026,4839916,1766,33.2775468,-96.9897863,30,53c15979-8ae3-42dc-9d26-6fc51a9dbbdf,44.7,24.91,,,,24.91,,,,,,,,5.83,22.42,,,22.42,,24.32,24,0,37,small,,,75,1965,1445,64,2026-04-09 10:03:39.659459+00,
Tustin,CA,California,United States,Pacific,2026,680854,80016,33.7309198,-117.810599,25,a1a486aa-e817-4234-b73f-27d01fa747a9,28.26,12.69,28.87,,0.07,16.18,5.13,16.44,14.63,7.06,22.37,3.95,12.49,39.73,38.35,,3.57,24.97,6.07,24.28,24,211.2,153,medium,,,311,1967,462,122,2026-04-09 08:02:40.261962+00,
Hammonton,NJ,New Jersey,United States,Mid-Atlantic,2026,3429430,14711,39.66078,-74.7670212,25,73383a6d-654d-4a9f-bf95-48ec24ece25a,31.68,26.97,21.27,,,24.12,7.31,,,4.26,13.6,5.1,8.65,44.2,22.56,0,,12.03,16.14,24.28,24,189,104.4,small,,,75,1967,1447,62,2026-04-10 07:40:40.520596+00,
Blooming Grove,NY,New York,United States,Mid-Atlantic,2026,3607003,18811,41.4087,-74.1848,20,92ce091d-c27a-4cb4-8318-3299a9bffd4d,33.48,26.54,7.41,,,16.98,11.6,,,4.55,9.85,,9.52,21.67,22.53,60.46,,40.23,20.08,24.28,24,30,302.3,small,,,34,1967,1447,29,2026-04-14 08:28:39.877922+00,
Fort Myers,FL,Florida,United States,South,2026,1224125,86428,26.6198203,-81.8316728,30,73b5a3e3-d871-4c12-a4f1-af2d8c7c5014,27.07,23.25,16.34,16.75,34.19,22.37,12.26,12.33,13.98,8.63,12.31,,12.26,29.74,33.28,26.87,12.29,25.79,0,24.27,24,126,745.4,medium,,,64,1970,463,24,2026-04-09 18:51:41.509414+00,
South Charleston,WV,West Virginia,United States,South,2026,5475292,13737,38.3687,-81.6998,25,67897dc8-b8ea-49cd-92b0-b9903ea3d68d,42.13,21.3,15.96,2.73,,16.64,6.25,1.52,23.97,11.41,6.3,17.43,11.53,32.95,22.64,,12.21,18.63,,24.26,24,182.3,66.4,small,,,15,1971,1449,15,2026-04-15 18:06:41.489904+00,
Andover,MA,Massachusetts,United States,New England,2026,2501430,9735,42.655672,-71.1422439,25,cc0b8b93-4d9d-4216-ad11-c5a9f2d9bc2b,30.68,29.06,16.1,30.37,,23.55,,20.16,,14.39,9.36,25.91,16.14,21.91,65.32,,20.97,48.26,7.78,24.25,24,67.7,33.7,small,,,68,1972,1450,62,2026-04-10 22:10:40.525104+00,
Titusville,FL,Florida,United States,South,2026,1271900,48789,28.573368,-80.8194043,30,0be9c93a-0047-424f-84d0-2d4380000c91,23.69,20.02,17.93,,,18.98,5.22,13.36,7.59,14.93,20.87,12.26,12.45,46.08,20.19,,,20.19,,24.22,24,83.9,525.9,small,,,65,1973,1451,37,2026-04-09 19:32:40.338477+00,
Grapevine,TX,Texas,United States,South,2026,4830644,50627,32.9349687,-97.0759115,30,ecfff497-9299-4900-aa69-fec842fed733,33.35,16.82,20.63,,,18.73,10.4,5.71,9.45,11.84,8.53,,9.24,39.35,34.67,24.04,,29.71,9.25,24.21,24,181,515.9,medium,,,76,1974,464,11,2026-04-09 12:07:44.698443+00,
Kenner,LA,Louisiana,United States,South,2026,2239475,66448,30.0102272,-90.2548196,25,6d3f42a3-41ae-423b-b98a-38e3253b176a,29.6,21,27.39,,,24.2,16.63,10.7,8.14,15.54,16.37,8.57,12.96,41.78,23.16,24.02,,23.56,5.96,24.19,24,427.2,95.9,medium,,,15,1975,465,6,2026-04-14 05:21:40.696468+00,
Temple City,CA,California,United States,Pacific,2026,678148,36494,34.1067,-118.0567,25,f25a5359-8897-4209-b9c6-a05a9c092248,25.54,24.55,12.81,,,18.68,6.45,6.88,,4.66,11.57,26.93,11.72,45.96,17.29,,,17.29,,24.18,24,89.8,56.1,small,,,312,1976,1452,178,2026-04-10 21:49:40.673897+00,
Apopka,FL,Florida,United States,South,2026,1201700,54911,28.7017011,-81.5318249,30,3f1e13bd-e969-4cb3-9221-d155cdae053a,35.33,24.39,21.42,,,22.91,1.01,18.33,17.27,12.5,12.34,,11.56,26.22,24.72,14.48,,19.94,1.19,24.18,24,41.1,617.8,medium,,,66,1976,466,25,2026-04-09 18:04:40.76815+00,
Athens,PA,Pennsylvania,United States,Mid-Atlantic,2026,4203392,3267,41.9374615,-76.5139612,25,586a062d-cc35-4619-9fd7-35aa05f9e13f,43.08,38.11,19.28,,,28.7,11.39,,,,,,11.39,23.17,17.32,,,17.32,,24.18,24,26.7,9.5,small,,,89,1976,1452,79,2026-04-10 09:11:40.553527+00,
Beckley,WV,West Virginia,United States,South,2026,5405332,17286,37.773148,-81.1615501,25,d17136f4-3efd-4b9c-86ce-09a0dd458cb4,31.24,26.13,17.61,4.1,21.44,20.01,4.74,4.59,20.82,12.43,16.37,8.43,12.17,27.66,32.31,34.89,,33.51,,24.13,24,211,71.1,small,,,16,1979,1454,16,2026-03-31 04:03:40.127648+00,
Minneola,FL,Florida,United States,South,2026,1245900,13871,28.6023238,-81.7294524,30,cd87ce0e-87b8-4250-a013-852877fb49f3,31.71,25.24,11.36,,,18.3,,,,26.03,20.16,,21.84,26.2,25.92,20.44,,23.36,,24.11,24,35.6,212.4,small,,,67,1980,1455,38,2026-04-09 18:38:40.542505+00,
Naperville,IL,Illinois,United States,Midwest,2026,1751622,149540,41.7491725,-88.162019,30,320cf6de-f618-4e59-84fd-a2a72eb30fe9,24.59,17.86,22.86,9.93,9.84,17.21,17.06,12.32,3.56,8.11,12.13,19.51,12.13,36.12,47.08,14.37,4.95,25.1,7.75,24.09,24,465.3,935.2,medium,,,31,1981,467,8,2026-04-09 04:21:49.598238+00,
Willow Park,TX,Texas,United States,South,2026,4879492,4936,32.7539417,-97.6501716,30,d7038a34-c3c1-4d25-b4e7-9558b751b35b,43.37,25.84,3.1,,,14.47,,,5.66,15.95,15.95,,12.21,16.53,11.96,,,11.96,,24.09,24,7.8,108.7,small,,,77,1981,1456,65,2026-04-09 12:13:40.965013+00,
Indio,CA,California,United States,Pacific,2026,636448,89137,33.7316388,-116.2359705,25,a1919146-1a19-4c3f-a1ba-ff3f50b13268,28.02,20.92,24.89,0.5,,20.1,9.58,8.43,13.96,8.63,14,8.53,11.19,31.92,25.67,11.01,4.26,15.19,0.11,24.08,24,382.5,185.8,medium,,,313,1983,468,123,2026-04-09 06:08:40.276801+00,
Miramar,FL,Florida,United States,South,2026,1245975,134721,25.9725289,-80.3385818,30,a34cbb12-4c05-430e-a368-f823804270b4,20.78,15.13,20.84,1.15,0.77,12.86,16.02,12.25,17.42,9.93,24.63,,17.72,24.94,29.43,,,29.43,,24.08,24,28.3,490,medium,,,68,1983,468,26,2026-04-09 19:52:41.090427+00,
Lake Forest,IL,Illinois,United States,Midwest,2026,1741105,19367,42.2353499,-87.857305,30,25b46e2c-0c85-4c07-aad8-66a2dc7b38bf,29.22,22.53,18.65,,27.94,22.22,23.39,7.69,17.45,1.91,26.86,28.29,20.09,22.47,36.93,21.83,11.76,25.35,25.07,24.07,24,102.9,299,small,,,32,1985,1457,24,2026-04-08 22:15:40.915513+00,
Bartlett,IL,Illinois,United States,Midwest,2026,1704013,41122,41.9606372,-88.1777472,30,a339dd5b-3851-4370-834f-55eb1e1c1dca,28.78,23.22,15.75,,,19.49,2.9,7.89,,18.03,16.29,,11.15,30.21,41.14,26.41,9.21,28,8,24.06,24,70.2,327,small,,,33,1986,1458,25,2026-04-08 21:38:40.186975+00,
Grandview,TX,Texas,United States,South,2026,4830512,1883,32.2683831,-97.1789485,30,198b9156-5ab4-4a61-b623-de8a310cf80c,33.5,32.08,22.01,,,27.05,10.99,20.32,,,6.61,20.76,12.85,36.95,17.85,,4.35,12.66,,24.06,24,1.1,41.2,small,,,78,1986,1458,66,2026-04-09 09:30:44.175019+00,
Milliken,CO,Colorado,United States,Mountain,2026,850480,8386,40.3105095,-104.8584124,30,4e88f9a2-3599-4670-b1fd-23d7f30b6911,28.38,20.47,7.92,,,14.2,,,,,,,,19.36,29.68,,,29.68,,24.04,24,38.6,82.2,small,,,58,1988,1460,45,2026-04-09 00:31:40.431781+00,
Oregon City,OR,Oregon,United States,Pacific,2026,4155200,37597,45.3413145,-122.5923267,25,11b5602b-6e9b-418b-8ad0-1c1f790ba782,27.23,17.61,24.03,27.88,,21.7,10.46,15.42,5.61,9.46,18,21.21,13.38,34.94,45.26,,23.45,36.87,0.51,24.04,24,238.3,101.7,small,,,41,1988,1460,29,2026-04-08 01:36:41.027913+00,
League City,TX,Texas,United States,South,2026,4841980,114392,29.4900638,-95.1090929,30,91099432-81e6-4dca-9c35-4a816995ea48,27.57,19.91,22.48,,,21.2,18.65,13.15,8.31,9.69,12.55,,12.72,30.58,30.92,30.69,14.94,26.84,,24.02,24,218.5,934.6,medium,,,79,1990,470,12,2026-04-09 10:53:40.925459+00,
Camarillo,CA,California,United States,Pacific,2026,610046,70741,34.2218233,-119.0321535,25,7379a8a7-2e03-4803-bedb-ddae193b5814,29.45,17.79,24.72,17.61,,20.8,3.82,8.69,2.18,10.22,17.95,,8.92,28.38,44.44,20.17,100,49.84,3.73,24.01,24,400.9,143.8,medium,,,314,1991,471,124,2026-04-09 05:24:40.374246+00,
Round Rock,TX,Texas,United States,South,2026,4863500,119509,30.5261465,-97.6635324,30,55d46df3-f8a9-4570-b9d4-ec507603e789,24.6,18.64,20.47,7.98,10.46,16.58,16.72,11.66,12.18,18.14,11.61,17.42,14.28,33,39.62,,3.64,25.78,0.42,24.01,24,122.9,888.5,medium,,,80,1991,471,13,2026-04-09 11:06:40.810639+00,
Riverhead,NY,New York,United States,Mid-Atlantic,2026,3661973,14993,40.9187,-72.6623,20,0950067d-4ef4-4ec5-b29a-41f62503cb23,25.82,22.53,9.99,,20.99,17.31,26.16,11.13,25.35,10.31,21.59,15.42,20.16,55.55,25.67,,4.31,17.45,0.76,24,24,59.5,162,small,,,35,1993,1462,30,2026-04-14 08:42:40.376209+00,
New Braunfels,TX,Texas,United States,South,2026,4850820,90369,29.6993064,-98.1151266,30,33d618d8-a873-4276-96c2-92b4efe84c8c,28.68,20.08,23.19,,,21.64,13.48,14.17,19.17,10.72,14.8,19.43,15.63,33.27,25.42,,0.37,15.79,3.15,24,24,70.6,938.6,medium,,,81,1993,473,14,2026-04-09 10:43:44.979734+00,
Meridian,ID,Idaho,United States,Mountain,2026,1652120,117904,43.61149,-116.4006622,35,0b5cb981-a3e7-4f36-b7a3-4733bb3677e4,20.73,16.18,27.45,0.09,,19.1,10.81,12.63,7.62,11.85,11.57,14.11,11.14,33.08,51.16,10.51,20.98,29.39,,23.99,24,528.8,933.5,medium,,,9,1995,474,3,2026-04-07 00:01:58.976438+00,
Detroit Lakes,MN,Minnesota,United States,Midwest,2026,2715832,10010,46.807582,-95.8466124,30,bb533c2d-f127-40be-8a86-c0cf36f41790,29.32,22.29,6.85,25.84,,15.98,4.79,16.26,15.83,9.86,16.37,32.48,15.7,49.68,32.28,15.1,6.89,19.92,0.7,23.98,24,58.9,184.2,small,,,44,1996,1463,30,2026-04-10 12:59:40.601239+00,
Boerne,TX,Texas,United States,South,2026,4809160,17845,29.7849385,-98.7279487,30,997df7c8-6cac-4f90-b35a-9b9d603f87c2,31.39,17.18,23.86,,,20.52,4.44,7.84,31.41,2.72,5.94,25.57,13.55,30.21,27.87,,,27.87,,23.98,24,17.6,213,small,,,82,1996,1463,67,2026-04-09 09:51:40.099711+00,
Los Osos,CA,California,United States,Pacific,2026,644182,14465,35.3097,-120.8253,25,2204ead1-edda-4ffe-969c-41234c1dd0c3,31.6,28.29,5.95,,,17.12,,,,18.63,23.57,,22.16,30.27,29.41,19.35,8.18,20.58,,23.96,24,149.4,38.8,small,,,315,1998,1465,179,2026-04-10 21:42:40.790162+00,
Eagle,CO,Colorado,United States,Mountain,2026,822200,7516,39.6432205,-106.8213438,30,7602fd25-c1f6-4e34-8d2b-f596234800f7,32.13,26.62,19.38,,,23,9.51,5.15,,2.2,0,25.54,8.09,17.92,38.07,46,21.23,36.64,,23.94,24,58.1,93.1,small,,,59,1999,1466,46,2026-04-09 00:18:40.409651+00,
Mascoutah,IL,Illinois,United States,Midwest,2026,1747423,8759,38.5181149,-89.800041,30,0d051ba3-c4f4-45be-a0ef-b7922ee2d9f3,27.94,25.2,16.23,,,20.72,15.04,14.51,,14.81,10.44,34.22,17.1,36.47,17.48,,,17.48,,23.91,24,37.6,106.4,small,,,34,2000,1467,26,2026-04-08 22:19:40.222797+00,
Old Fort,NC,North Carolina,United States,South,2026,3748920,811,35.6312,-82.1698,35,58333a42-084f-402d-98b1-4fe89a0bdde1,40.8,25.93,19.85,,,22.89,,,,25.4,4.69,,10.61,46.2,3.51,,,3.51,,23.86,24,4.5,26.5,small,,,33,2001,1468,24,2026-04-14 06:53:40.490192+00,
Manteca,CA,California,United States,Pacific,2026,645484,83612,37.7904975,-121.2306255,25,024ea766-7f95-4f66-b5f5-aa0b21e08ef6,22.93,15.3,23.37,,,19.34,7.33,1.65,9.29,15.87,10.34,14.5,9.84,37.11,54.51,10.58,10.78,28.2,,23.85,24,476.6,197.9,medium,,,316,2002,475,125,2026-04-09 06:34:40.317495+00,
Rochester,NH,New Hampshire,United States,New England,2026,3365140,32492,43.2984927,-70.9770055,30,6217a554-6cd4-4d82-b1a8-a38c088f2921,27.43,22.79,18.63,1.48,,18.31,,10.18,6.65,11.45,15.2,8.38,10.69,36.61,29.22,7.7,,19.18,,23.85,24,80.1,415.3,small,,,20,2002,1469,19,2026-04-14 06:04:40.355268+00,
Stamford,CT,Connecticut,United States,New England,2026,973000,135470,41.0796114,-73.5460803,25,010ecf12-539c-48e7-942b-4a99b4fe8c8a,24.83,19.13,30.69,2.42,6.99,19.08,5.48,9.26,8.96,7.12,17.05,4.58,9.48,36.31,43.96,,6.58,29.58,2.6,23.81,24,614.2,185.3,medium,,,40,2004,476,11,2026-04-07 03:59:49.568898+00,
Franklin Town,MA,Massachusetts,United States,New England,2026,2525172,33261,42.0848585,-71.4105714,25,9afbde14-fad7-4b1a-9337-247e0e2f29e4,29.75,23.3,14.94,11.04,,18.11,14.42,,,15.65,13.25,18.62,15.08,21.32,45.37,,,45.37,7.94,23.78,24,91.9,380.1,small,,,69,2005,1470,63,2026-04-10 22:56:40.811074+00,
Frederick,MD,Maryland,United States,Mid-Atlantic,2026,2430325,78171,39.4340892,-77.4145385,30,5a3ea994-977b-4cde-89c3-19960e5c989e,23.42,15.94,19.32,13.29,3.57,14.38,10.09,10.72,1.19,14.45,16.08,6.17,9.72,37.9,41.51,,2.17,26.38,4.02,23.76,24,136.3,506.6,medium,,,50,2006,477,13,2026-04-10 01:03:40.874451+00,
Westborough,MA,Massachusetts,United States,New England,2026,2575050,4255,42.2674406,-71.6174916,25,7d6d0010-012b-47b0-8f3c-1c16f88f337b,28.19,24.4,23.08,,,23.74,13.16,,,10.6,13.16,,12.69,30.84,27.01,,,27.01,,23.76,24,4.4,35.1,small,,,70,2006,1471,64,2026-04-10 23:59:40.247813+00,
Urbana,IL,Illinois,United States,Midwest,2026,1777005,38336,40.1101258,-88.1973232,30,620d1e94-b701-4bf8-a774-4f48d20c5d42,18.83,14.94,19.42,,,17.18,18.08,18.11,21.47,0.99,13.59,20.95,16.36,37.93,37.72,32.39,5.76,27.86,,23.73,24,121.6,278.7,small,,,35,2008,1472,27,2026-04-08 23:30:42.284149+00,
Margate,FL,Florida,United States,South,2026,1243125,58712,26.2480374,-80.211169,30,e74e7b09-df04-486c-ba28-dc58dcc505fe,30.91,21.2,16.34,,,18.77,,6.03,14.97,16.19,12.34,5.2,11.35,22.37,25.27,,,25.27,,23.71,24,217.1,91.2,medium,,,69,2009,478,27,2026-04-09 18:20:41.419932+00,
Chamblee,GA,Georgia,United States,South,2026,1315172,30164,33.8811344,-84.3016544,30,43b4beb5-1a54-434a-9961-8f172c609849,37.11,20.36,9.07,0.13,,12.89,1.26,4.76,,10.75,19.03,13.23,10.68,39.22,25.06,,4.44,17.13,7.85,23.7,24,39.9,169.7,small,,,58,2010,1473,47,2026-04-09 21:14:39.834823+00,
Columbus,NE,Nebraska,United States,Midwest,2026,3110110,24033,41.4370659,-97.3573509,25,8609ea2e-5c6d-421b-831d-fbfa74fe3f94,27.26,19.78,27.94,,,23.86,15.75,8.5,10.47,7.7,17.23,,13.14,27.34,32.12,,,32.12,,23.69,24,256.5,71,small,,,10,2011,1474,6,2026-04-07 02:45:40.334807+00,
Clermont,FL,Florida,United States,South,2026,1212925,43022,28.5240155,-81.723029,30,73de75f1-858a-4dc7-8e53-d9bc0d260f77,29.5,23.21,13.44,15.17,,17.93,7.74,10.84,15.61,11.34,13.82,0.73,10.45,24.06,18.86,13.63,10.55,14.95,,23.67,24,98.9,338.1,small,,,70,2012,1475,39,2026-04-09 18:12:40.466703+00,
Lakewood,CA,California,United States,Pacific,2026,639892,82496,33.8536,-118.1339,25,6ca62f66-a44a-4d8c-b2a4-28fe2e8654d2,23.21,19.96,22.66,,,21.31,14.53,12.21,6.55,9.56,12.83,8.7,10.91,51.21,19.07,,12.13,16.4,,23.65,24,297.5,93.2,medium,,,317,2013,479,126,2026-04-10 22:12:40.622727+00,
Venice,FL,Florida,United States,South,2026,1273900,25490,27.1169735,-82.4151896,30,15516ed9-6367-48aa-bb77-ae8603f522ae,33.51,22.67,9.88,,,16.28,8.51,2.91,13.86,6.86,11.34,14.35,10.44,30.54,26.87,8.72,19.43,18.66,5.17,23.65,24,85.6,351.6,small,,,71,2013,1476,40,2026-04-09 20:04:40.971492+00,
Willowbrook,CA,California,United States,Pacific,2026,685614,24315,33.9217,-118.2469,25,7ea7d727-4217-4fac-895e-5c5ff6fcb9d1,29.91,19.57,26.09,,12.16,20.46,9.63,,10.59,,11.77,,10.75,46.74,23.82,,,23.82,14.01,23.64,24,44.8,26.4,small,,,318,2015,1477,180,2026-04-10 22:49:40.37573+00,
Watkinsville,GA,Georgia,United States,South,2026,1380788,2896,33.8596657,-83.4047876,30,05731711-16c4-4f8b-9d06-795c545b3285,35.23,19.16,8.02,,,13.59,21.08,,,,,27.17,23.69,15.91,30.9,,,30.9,,23.64,24,24.1,53.3,small,,,59,2015,1477,48,2026-04-09 22:34:40.252714+00,
San Bernardino,CA,California,United States,Pacific,2026,665000,222101,34.1411402,-117.2946349,25,71366858-8ed1-4a9a-a5f4-caaed5b42f4a,26.45,18.35,31.51,8.2,32.45,24.76,11.64,9.06,12.09,9.09,18.72,9.04,12.6,37.01,23.91,9.81,10.55,15.64,2.27,23.62,24,887.2,493.7,medium,,,319,2017,480,127,2026-04-09 09:22:43.805645+00,
Cranston,RI,Rhode Island,United States,New England,2026,4419180,82934,41.7697341,-71.4850489,25,18af1be4-435b-496e-8eb5-55bb84041caf,30.9,21.07,30.25,,25.1,25.54,0.82,6.08,3.85,5.94,16.77,9.02,7.68,33.29,21.83,13.31,,17.85,,23.62,24,596.2,188.8,medium,,,8,2017,480,2,2026-04-14 06:18:44.876414+00,
Parker,CO,Colorado,United States,Mountain,2026,857630,58521,39.5059455,-104.7758278,30,c1e8847a-7a2b-437a-87c5-c64a430ebe60,24.01,18.37,20.28,,5.93,16.35,15.22,17.09,9.99,9.59,14.27,14.99,13.53,23.76,55.77,21.81,15.94,33.93,0.93,23.59,24,256.7,503.3,medium,,,60,2019,482,11,2026-04-09 02:38:47.718218+00,
Bell,CA,California,United States,Pacific,2026,604870,33559,33.9775,-118.187,25,ec23d618-ca15-405e-8155-5c67a224a97c,20.97,18.32,19.51,,,18.92,,2.17,,,14.88,6.87,9.94,62.58,10.82,,,10.82,,23.58,24,49.7,41.4,small,,,320,2020,1479,181,2026-04-10 20:39:41.415336+00,
Visalia,CA,California,United States,Pacific,2026,682954,141609,36.3280297,-119.3285195,25,bda35ec7-e111-4946-bd41-16ded1c27471,23.83,17.18,25.46,2.1,,18.92,11.45,9.1,12.41,7.97,21.46,12.16,13.67,36.68,37.23,3.9,13.65,19.67,14.52,23.57,24,863,319.9,medium,,,321,2021,483,128,2026-04-09 09:30:41.380909+00,
Aspen Hill,MD,Maryland,United States,Mid-Atlantic,2026,2402825,51063,39.0936349,-77.0819852,30,ba62eeb8-cbf7-473a-9cdc-fd3dc67e0110,24.13,21.67,19.66,,,20.67,,14.7,,10.77,20.78,26.57,19.55,25.6,39.89,10.21,13.41,22.88,,23.57,24,44.2,256.5,medium,,,51,2021,483,14,2026-04-10 00:13:40.768304+00,
Carnegie,PA,Pennsylvania,United States,Mid-Atlantic,2026,4211336,8134,40.4037,-80.0848,25,6695b70d-9e78-4a07-b57f-a6494310d410,43.03,28.11,16.4,,,22.26,6.39,,,0.63,,26.91,11.95,27.06,38.13,,18.69,30.65,10.76,23.56,24,59,15,small,,,90,2023,1480,80,2026-04-14 09:53:40.859897+00,
South Whittier,CA,California,United States,Pacific,2026,673430,56415,33.9278,-118.0203,25,09b3e2b4-2aa2-4b3b-8352-85f7c8cce4b6,24.35,20.18,38.51,7.23,,26.58,8.09,9.28,,12.34,8.6,,9.12,46.5,12.68,,10.36,11.79,,23.55,24,150.3,58.7,medium,,,322,2024,485,129,2026-04-10 23:26:40.896764+00,
Mankato,MN,Minnesota,United States,Midwest,2026,2739878,44500,44.1711219,-93.97638,30,0a6e3e3c-75dc-411d-b7ff-17401e911f62,22.96,18.22,16.11,,36.13,21.38,7.12,11.43,4.35,11.73,5.99,19.34,9.01,34.26,37.01,39.78,4.47,29.84,,23.53,24,108,464.6,small,,,45,2025,1481,31,2026-04-10 12:46:46.525035+00,
Saugerties,NY,New York,United States,Mid-Atlantic,2026,3665288,3899,42.0741879,-73.9418533,20,536d0c21-543f-4939-8d75-f23ab0421250,26.99,23.72,14.65,,,19.19,,,4.73,,12.21,8.76,8.85,33.51,35.35,,,35.35,,23.53,24,1.7,37,small,,,36,2025,1481,31,2026-04-10 07:11:40.801232+00,
Kennewick,WA,Washington,United States,Pacific,2026,5335275,83960,46.1976218,-119.1759227,25,b932db32-1fdf-49b2-b7ad-90c3caecb8ff,23.24,15.12,24.3,1.78,1.47,14.27,9.71,14.76,3.47,4.08,15.73,11.43,10.17,43.51,38.94,1.53,10.44,18.72,2.77,23.53,24,605.5,259.9,medium,,,58,2025,486,20,2026-04-09 17:44:41.474957+00,
Bensalem,PA,Pennsylvania,United States,Mid-Atlantic,2026,4205616,62707,40.1061962,-74.9436889,25,49c13e75-13f9-4c83-a67d-4363ecbd4b10,32.06,20.32,22.54,,,21.43,6.11,3.36,5.04,4.28,18,25.97,11.39,28.52,33.57,,,33.57,9.7,23.48,23,362,144.4,medium,,,91,2028,487,9,2026-04-10 09:07:40.379742+00,
San Marcos,TX,Texas,United States,South,2026,4865600,67758,29.8736097,-97.9367249,30,29e8c434-5581-45e9-8710-189871d5ff38,30.72,16.96,16.62,,37.35,21.36,12.29,14.04,25.15,9.98,2.51,4.97,11.26,39.78,27.38,100,11.14,48.74,2.91,23.45,23,118.8,602.7,medium,,,83,2029,488,15,2026-04-09 11:36:40.322101+00,
Wayland,MA,Massachusetts,United States,New England,2026,2573790,13943,42.3604268,-71.3610994,25,3ea1d13a-4d15-48a5-9ad5-648a891bfbb4,29.47,22.75,13.8,,,18.28,,5.44,,6.02,12.94,,9.74,15.52,54.35,13.44,,35.26,,23.43,23,44.8,205.4,small,,,71,2030,1483,65,2026-04-11 00:29:39.87948+00,
Fountain Valley,CA,California,United States,Pacific,2026,625380,57047,33.7105823,-117.951129,25,9728a9fb-b569-415a-ac1f-607419383248,21.65,13.31,24.77,,,19.04,6.57,6.68,11.09,6.1,18.91,11.29,11.23,42.28,33.85,,8.74,24.19,,23.42,23,265.8,84.1,medium,,,323,2031,489,130,2026-04-09 06:12:40.744261+00,
Agawam Town,MA,Massachusetts,United States,New England,2026,2500840,28692,42.0638908,-72.6529587,25,2030776c-fb37-4645-b604-0ff856bff6bb,30.42,21.73,15.52,,,18.63,8.75,,,11.24,12.7,,11,26.03,33.62,3.43,,19.53,,23.41,23,98.9,317.3,small,,,72,2032,1484,66,2026-04-10 22:08:40.101478+00,
Shawnee,KS,Kansas,United States,Midwest,2026,2064500,67311,39.0174878,-94.8058011,30,a91716b9-9186-453a-9187-ad54f8d649b5,24.46,21.4,24.85,,,23.13,14.23,15.59,8.29,9,16.58,16.37,13.56,32.43,38.85,20.89,7.66,24.77,,23.4,23,227.6,657.5,medium,,,8,2033,490,5,2026-04-09 04:28:42.807452+00,
Keene,NH,New Hampshire,United States,New England,2026,3339300,23047,42.9538419,-72.3068747,30,4c908c0f-867f-4def-9f10-c8453ae4e533,22.24,19.93,21.59,11.36,17.82,19.23,11.26,17.21,15.11,8.72,11.97,23.03,14.31,37.85,44.69,9.61,2.92,21.97,,23.4,23,134.2,313.6,small,,,21,2033,1485,20,2026-04-14 08:54:40.868353+00,
Highland,CA,California,United States,Pacific,2026,633588,56999,34.1134731,-117.1657294,25,fb7bfc6e-a6fc-49e3-b5ca-a351850ff447,28.77,24.39,25.3,,,24.85,8.93,,,5.91,13.94,,10.66,33.32,18.36,33.92,,25.62,,23.39,23,268.7,94.4,medium,,,324,2035,491,131,2026-04-09 06:03:40.446912+00,
Athens,GA,Georgia,United States,South,2026,1303440,127364,33.9495967,-83.3700882,30,75453b93-ed74-47f6-a784-e5c4ed683691,26.13,18.12,15.43,7.43,31.05,18.7,15.01,9.63,4.97,9.62,16.36,17.65,12.66,43.67,29.87,12.46,7.82,18.26,4.98,23.39,23,311.8,1323.6,medium,,,60,2035,491,11,2026-04-09 22:43:43.273198+00,
Wooster,OH,Ohio,United States,Midwest,2026,3986548,27255,40.8190598,-81.9315568,25,fbbf6e49-d77d-4f04-9564-e207669e45a6,26.96,22.03,19.79,30.12,20.09,21.67,17.63,,15.19,26.79,26.16,,21.04,29.7,27.96,18.21,9.57,19.95,,23.39,23,217.7,111.5,small,,,86,2035,1486,71,2026-04-10 13:24:40.126696+00,
Myrtle Beach,SC,South Carolina,United States,South,2026,4549075,35693,33.7103895,-78.8860241,30,ac68fae4-bb53-4b2b-8694-6ac3c93f4fc3,28.79,18.71,19.21,,32.7,22.01,6.33,7.55,7.4,8.86,17.88,14,10.96,33.87,30.95,21.03,21.67,25.16,1.03,23.38,23,129,563.6,small,,,13,2038,1487,10,2026-04-13 21:22:44.972043+00,
Lyons,CO,Colorado,United States,Mountain,2026,847070,2209,40.2230503,-105.2686649,30,11d13dd4-c879-4a70-baaa-b5285e916c2e,42.1,33.79,15.82,,,24.81,11.42,,,,,,11.42,26.31,15.54,,,15.54,,23.36,23,11.9,24.9,small,,,61,2039,1488,47,2026-04-09 00:29:40.715828+00,
St. Joseph,IL,Illinois,United States,Midwest,2026,1766950,3810,40.1147128,-88.0356201,30,8f28d472-8b71-47e0-8edf-ac79b052493a,35.04,31.67,6.7,,,19.19,,12.52,,,10.31,,10.94,31.58,25.46,,,25.46,,23.34,23,7.9,52.3,small,,,36,2040,1489,28,2026-05-08 21:53:52.614838+00,
Orange,CA,California,United States,Pacific,2026,653980,139911,33.7869711,-117.8612654,25,62d2c8f3-92c7-4c6a-b19a-f21aff7c103b,24.2,17.59,25.08,7.8,17.22,19.16,7.34,16.71,13.41,9.11,19.15,9.59,12.96,42.98,29.37,10.49,14.85,19.13,13.88,23.33,23,540.2,268.4,medium,,,325,2041,493,132,2026-04-09 07:40:41.221962+00,
Ithaca,NY,New York,United States,Mid-Atlantic,2026,3638077,32108,42.444,-76.5019,25,d2938bca-bf90-4abc-bc7a-0cb9c71c6dd2,21.45,13.53,18.48,,1.54,12.79,17.77,4.74,,9.48,29.96,12.75,17.97,52.02,42.62,18.21,22.04,28.93,0.48,23.3,23,126.8,77.3,small,,,37,2042,1490,32,2026-04-10 07:20:45.300404+00,
Cushing,OK,Oklahoma,United States,South,2026,4018850,8327,35.9837,-96.7648,25,fb8e251a-adc7-472c-8a6c-4ef275f83c8f,28.06,25.49,5.09,,,15.29,,,1.52,,0.15,,0.76,5.09,4.86,,,4.86,,23.29,23,0.7,168.4,small,,,20,2043,1491,13,2026-04-14 06:24:40.511621+00,
Green Cove Springs,FL,Florida,United States,South,2026,1227400,9786,29.9853117,-81.6809794,30,9de804ca-0003-4425-9c6d-0a26bbbdf8d8,39.53,20.15,4.67,,,12.41,,,8.28,11.93,,,9.5,6.06,22.76,,,22.76,,23.28,23,14.5,129.5,small,,,72,2044,1492,41,2026-04-09 18:20:40.506584+00,
Vero Beach,FL,Florida,United States,South,2026,1274150,16354,27.6472203,-80.3931364,30,8091dd63-fdff-4b0d-ae92-6c7cde87894e,25.3,17.39,11.06,,,14.23,19.19,11.23,,14.24,19.71,12.22,16.43,36.61,31.84,,0.54,19.8,2.87,23.27,23,126.8,153.3,small,,,73,2045,1493,42,2026-04-09 20:29:41.716018+00,
Oxford,MA,Massachusetts,United States,New England,2026,2551790,5928,42.1158809,-71.8700944,25,3eca264c-15af-4278-b4a2-78f36c020b2b,31.15,21.28,19.78,,,20.53,,,,14.54,,,14.54,21.4,32.44,,,32.44,,23.25,23,13.8,70.9,small,,,73,2046,1494,67,2026-04-10 23:39:41.135585+00,
Steamboat,CO,Colorado,United States,Mountain,2026,873825,13224,40.485,-106.8317,30,dbe8a55d-b0fc-4e10-b9ae-cde2b7c5e8f0,34.04,20.38,10.71,,,15.55,6.39,,14.22,3.25,4.55,,7.45,25.59,42.43,9.24,22.57,25.85,,23.23,23,88.1,205,small,,,62,2047,1495,48,2026-04-14 03:34:39.632666+00,
Steamboat Springs,CO,Colorado,United States,Mountain,2026,873825,13224,40.4755779,-106.8229188,30,d7ed8a24-0fd6-4ca0-8189-dbec21ba5889,34.04,20.38,10.71,,,15.55,6.39,,14.22,3.25,4.55,,7.45,25.59,42.43,9.24,22.57,25.85,,23.23,23,88.1,205,small,,,62,2047,1495,48,2026-04-09 00:42:40.522636+00,
North Augusta,SC,South Carolina,United States,South,2026,4550695,24394,33.5233028,-81.956566,30,93ccb073-abdd-4c1d-84ac-b793957a67cf,31.47,22.41,10.86,,,16.64,14.84,4.97,,3.88,19.83,,13.55,33.88,29.65,13.16,18.04,20.98,,23.21,23,58.3,375.7,small,,,14,2049,1497,11,2026-04-13 21:22:40.766774+00,
Champaign,IL,Illinois,United States,Midwest,2026,1712385,88302,40.1140991,-88.274619,30,667962aa-dceb-49b4-aa43-15ef03708ace,27.44,24.44,15.88,15.95,21.31,19.97,17.44,6.49,1.37,12.98,28.54,17.29,15.44,41.67,36.09,,1.37,22.74,0.38,23.2,23,202.3,614,medium,,,37,2050,494,9,2026-04-09 00:27:45.300352+00,
Norcross,GA,Georgia,United States,South,2026,1355776,17209,33.9373937,-84.2056338,30,7530e8bc-24dc-4f9a-8626-4f4cb9b8df66,41.21,22.57,24.49,,,23.53,,,,0.87,,,0.87,21.9,20.71,,,20.71,,23.19,23,17.7,142.8,small,,,61,2051,1498,49,2026-04-09 21:49:40.067682+00,
Mason City,IA,Iowa,United States,Midwest,2026,1950160,27338,43.1477617,-93.2004035,25,dda1cdf3-6b82-4315-85ce-aebdd2a253bc,25.47,20.13,20.77,69.19,,26.54,20.59,5.27,8.71,16.79,18.36,,14.89,30.88,43.41,26.04,,35.3,0.35,23.19,23,308.7,129.4,small,,,26,2051,1498,15,2026-04-08 20:49:41.05113+00,
Moreno Valley,CA,California,United States,Pacific,2026,649270,208614,33.9232527,-117.2056845,25,dfb5be23-8f09-468c-9d98-aa1b226f9966,24.5,17.27,31.93,25.44,,24.71,4.92,1.25,10.69,7.31,14.25,,8.87,30.43,28.79,44.62,7.62,29.04,,23.18,23,832.1,351.3,medium,,,326,2053,495,133,2026-04-09 07:23:41.263024+00,
Niles,IL,Illinois,United States,Midwest,2026,1753000,30912,42.0278623,-87.8099725,30,e1cf2e40-e632-4e9d-8f1e-1cadb83533f2,19.89,21.28,16.63,,,18.96,9.69,1.58,,4.88,16.8,25.79,13.32,41.21,27.19,17.36,5.62,18.36,,23.16,23,28.3,165.4,small,,,38,2054,1500,29,2026-04-08 23:28:40.751793+00,
Sunrise,FL,Florida,United States,South,2026,1269700,97335,26.171601,-80.2616325,30,1f6fd05d-c143-4bac-ac18-e42a09e23b7b,25.67,14.13,21.43,,,17.78,12.38,,,10.5,25.06,,17.8,30.18,27.36,22.8,9.69,21.35,,23.15,23,217.8,297.7,medium,,,74,2055,496,28,2026-04-09 19:46:40.3226+00,
Morrow,GA,Georgia,United States,South,2026,1353004,6900,33.5782968,-84.3355539,30,094ce0ae-d6aa-4fee-b78d-e56684d5a44f,28.59,20.27,18.28,,13.65,18.03,12.77,,,,10.54,0,8.65,32.16,25.47,,,25.47,,23.1,23,15.1,70.6,small,,,62,2056,1501,50,2026-04-09 21:01:41.160954+00,
Searcy,AR,Arkansas,United States,South,2026,563020,22937,35.2411343,-91.7352233,30,a562c4f7-b452-4ddf-8350-80dcad9585f6,21.68,13.89,14.42,16.81,18.84,15.36,12.04,6.25,20.11,0.49,4.23,25.39,11.97,47.71,30.93,,3.42,20.35,,23.09,23,37.1,317.9,small,,,11,2057,1502,6,2026-04-07 18:28:41.481136+00,
Anaheim,CA,California,United States,Pacific,2026,602000,346842,33.8555018,-117.7586572,25,8bc353db-1e4d-41c1-812a-ba2ba391c3e7,22.21,15.17,27.24,14.29,2.73,16.82,7.62,9.57,9.37,8.55,14.13,8.06,9.95,42.68,28.07,8.21,7.21,15.9,11.44,23.09,23,968.6,498,large,,,327,2057,60,13,2026-03-31 01:49:44.184935+00,
Livermore,CA,California,United States,Pacific,2026,641992,87955,37.6869767,-121.7597808,25,a00236a0-c838-448b-8484-6b383925ca79,26.44,16.1,28.61,64.52,,27.63,3.65,16.69,0,3.38,14.53,12.96,8.31,34.97,52.71,26.68,14.72,34.1,3.99,23.08,23,593.9,237.2,medium,,,328,2059,497,134,2026-04-09 06:56:46.2051+00,
Bridgeton,NJ,New Jersey,United States,Mid-Atlantic,2026,3407600,27263,39.429192,-75.2285951,25,75fd80a6-b287-4a8f-a4c6-93212c039726,30.76,20.98,30.48,10.55,,23.83,4.89,4.74,,5.32,11.01,,7.29,43.49,22.53,,7.66,16.81,,23.07,23,104,48.7,small,,,76,2060,1503,63,2026-04-10 07:24:41.066118+00,
Arcadia,CA,California,United States,Pacific,2026,602462,56681,34.1326887,-118.0363467,25,c0b009a4-746d-41b8-8bd2-d0267398a9bf,24.64,19.13,22.05,,,20.59,11.74,17.79,2.39,2.21,24.12,3.97,11.45,47.27,33.04,27.37,2.56,23.44,0.93,23.05,23,217.9,118.6,medium,,,329,2061,498,135,2026-04-09 05:03:40.4973+00,
Bridgeport,CT,Connecticut,United States,New England,2026,908000,148654,41.1873933,-73.1957567,25,0f9e7093-324d-41ea-a3a7-a1c53cd3dc0f,21.32,14.35,38.71,5.42,9.98,21.11,14.88,10.85,8.55,9.9,10.49,17.44,12,48.66,34.44,,4.08,22.76,0.08,23.05,23,414.7,200.8,medium,,,41,2061,498,12,2026-04-07 03:34:40.647675+00,
Greenville,NC,North Carolina,United States,South,2026,3728080,87628,35.5964312,-77.3752557,35,5c8b4a52-8cd0-4efe-9fc0-78abf6eaaba3,28.07,17.68,11.22,,12.68,14.06,16.14,14.44,5.07,12.15,22.67,11.34,14.27,34.29,22.82,,,22.82,0.7,23.05,23,226.5,667.5,medium,,,34,2061,498,8,2026-04-10 09:09:41.162773+00,
Westminster,CO,Colorado,United States,Mountain,2026,883835,116516,39.8801223,-105.0615135,30,63fc115a-25c5-4063-bf5b-e8ee49396108,22.61,21.37,20.27,15.65,,20.17,11.44,10.59,12.66,8.26,16.92,9.71,12.39,32.91,45.69,27.26,6.08,29.34,15.96,23.04,23,461.9,787.5,medium,,,64,2064,501,12,2026-04-09 02:32:45.237762+00,
Yorba Linda,CA,California,United States,Pacific,2026,686832,68336,33.8890375,-117.7720695,25,36d13de5-e406-42d7-8d02-ac0e2eab42f4,27.92,20.85,22.04,,,21.45,11.05,4.8,,7.17,14.28,,10.73,20.06,38.12,11.85,12.49,22.52,,23.01,23,447.3,140.9,medium,,,330,2065,502,136,2026-04-09 09:01:40.454032+00,
La Plata,MD,Maryland,United States,Mid-Atlantic,2026,2445750,10196,38.5434666,-76.9697903,30,2effdebe-8d2b-4fe2-909b-ee2e14b00e2d,33.95,22.82,24.66,,,23.74,,6.25,11.19,16.02,9.82,,10.65,30.82,18.81,,,18.81,,22.97,23,24.3,139.9,small,,,52,2066,1504,37,2026-04-10 00:21:40.533385+00,
Windsor,CA,California,United States,Pacific,2026,685922,26344,38.5474,-122.8158,25,56280407-23e5-4ac6-9d45-5accaedf3b40,29.59,18.27,18.04,0.23,,15.91,,4.93,,12.8,11.85,20.09,12.92,25.82,37.02,,,37.02,19.59,22.96,23,177.4,51.8,small,,,331,2067,1505,182,2026-04-10 22:22:40.234744+00,
Carpinteria,CA,California,United States,Pacific,2026,611446,13264,34.385234,-119.5007588,25,647f8ac5-437a-4e2b-97cf-2af208c1479b,30.48,20.02,23.85,,,21.94,,,,13.68,13.76,29.15,18.36,27.19,39.11,,6.81,26.69,13.79,22.94,23,67,34.6,small,,,332,2068,1506,183,2026-04-09 04:44:40.728281+00,
Italy,TX,Texas,United States,South,2026,4837072,1926,32.1864636,-96.8857885,30,1e4e3df6-01bf-433b-8487-45871e84f3fd,33.09,34.61,22.7,,,28.66,8.2,,,,24.97,6.73,14.82,22,17.05,,,17.05,,22.94,23,1.4,50.4,small,,,84,2068,1506,68,2026-04-09 10:02:40.057841+00,
Wilmer,TX,Texas,United States,South,2026,4879576,5760,32.5990154,-96.6815853,30,7c799590-7b1b-4031-8a18-000dc4163c2f,32.74,18.17,19.09,,,18.63,,,,,,,,18.39,16.82,,,16.82,,22.91,23,6,122.1,small,,,85,2070,1508,69,2026-04-09 11:40:40.135783+00,
Speedway,IN,Indiana,United States,Midwest,2026,1871828,13952,39.7936983,-86.2475418,30,93479360-b596-462d-99b6-ac6d1e978b1a,21.93,18.22,27.46,,,22.84,5.03,9.09,,,22.27,,13.6,35.03,26.88,,11.26,20.87,,22.89,23,43.3,89.6,small,,,22,2071,1509,17,2026-04-09 03:58:40.415982+00,
Mamaroneck,NY,New York,United States,Mid-Atlantic,2026,3644831,20151,40.94871,-73.73263,25,ed8c3310-84bb-4a65-8fae-ad3e1a4aff59,20.93,20.46,17.68,,,19.07,9.92,13.42,,8.39,13.49,,11.6,53.9,36.75,,10.74,26.75,9.39,22.88,23,86.1,29.1,small,,,38,2072,1510,33,2026-04-14 08:41:40.049751+00,
Barnstable,MA,Massachusetts,United States,New England,2026,2503690,48896,41.661478,-70.3569515,25,56463a00-5344-435c-a7cf-6badea9125a3,23.97,18.99,16.73,10,,16.88,14.01,4.74,2.39,16.85,9.63,19.12,10.71,28.74,52.12,15.48,17.61,30.67,5.01,22.86,23,305.8,959,small,,,74,2073,1511,68,2026-04-11 00:21:40.937591+00,
Naples,FL,Florida,United States,South,2026,1247625,19115,26.1504852,-81.795299,30,a936f2d4-196e-4917-a55a-5336e64eb25b,33.08,18.93,8.94,,,13.94,19.46,15.31,9.55,9.35,7.01,5.37,10.83,38.58,29.83,,4.7,20.16,,22.83,23,82.4,256.8,small,,,75,2074,1512,43,2026-04-09 18:39:45.576833+00,
Waipahu,HI,Hawaii,United States,Pacific,2026,1579700,43485,21.3849378,-158.0109928,25,c9266188-5fd8-4de9-8580-76fd951f96da,26.08,22.31,26.3,,,24.31,,9.24,,16.57,26.26,13.33,18.58,38.54,30.21,,6.85,21.23,9.32,22.83,23,72.6,32.3,small,,,11,2074,1512,9,2026-04-08 20:18:40.842432+00,
Havre de Grace,MD,Maryland,United States,Mid-Atlantic,2026,2437600,14807,39.5465719,-76.1135762,30,037e0c8e-ccec-424b-bc16-6b7db90566b2,29.71,21.28,6.06,,,13.67,6.11,5.29,,6.99,8.88,1.92,6.2,24.96,30.01,,15.86,24.57,,22.83,23,21.2,108,small,,,53,2074,1512,38,2026-05-08 21:53:53.261561+00,
Norwalk,CA,California,United States,Pacific,2026,652526,102773,33.9022,-118.0817,25,af7974b5-ed19-403a-8485-b173ab97b77c,21.97,15.18,37.08,12.04,,24.37,5.19,10,11.1,6.91,5.26,9.94,7.76,55.08,18.67,12.3,,15.7,10.15,22.82,23,296.4,125,medium,,,333,2077,503,137,2026-04-10 21:26:41.323267+00,
Vallejo,CA,California,United States,Pacific,2026,681666,126086,38.1069086,-122.2623386,25,a823828b-4e4b-47a8-97ee-c726fd39ce76,29,18.62,25.9,12.23,20.12,20.83,4.97,3.96,9.23,5.75,19.38,11.91,10.44,39.7,34.04,3.18,9.04,16.99,3.65,22.81,23,633.5,257.8,medium,,,334,2078,504,138,2026-04-09 09:12:45.206584+00,
Hobe Sound,FL,Florida,United States,South,2026,1230975,13163,27.0726627,-80.1423675,30,7ee37d8d-2ee4-49bf-8624-af21241eaaf0,33.63,29.83,16.64,9.11,,21.47,36.52,,,1.22,10.86,,18.44,26.42,17.09,,,17.09,,22.78,23,9.5,173.4,small,,,76,2079,1515,44,2026-04-09 18:28:41.178634+00,
Aliso Viejo,CA,California,United States,Pacific,2026,600947,52176,33.57921,-117.7288978,25,2cf2a9b3-2454-4ba5-81ff-d7018f1eff54,27.79,16.3,18.69,,30.56,20.4,10.47,9.94,,6.26,11.71,,10.22,18.03,48.2,11.63,10.29,25.92,,22.77,23,136.1,81.9,medium,,,335,2080,505,139,2026-04-09 04:11:40.982048+00,
Pittsfield,MA,Massachusetts,United States,New England,2026,2553960,43927,42.4518397,-73.2606845,25,d1cb105e-bf83-464b-93b4-2c94fd4ec72f,22.48,19.74,22.14,21.1,,20.96,16.99,16.6,19.7,11.45,4.85,20.57,14.44,33.73,40.36,,9.22,28.38,8.68,22.75,23,447.7,169.3,small,,,75,2081,1516,69,2026-04-10 23:31:45.416658+00,
Uxbridge,MA,Massachusetts,United States,New England,2026,2571620,14162,42.0611658,-71.6436275,25,b2e783e9-9c5e-4362-98f6-bf6374c2a06f,31.76,22.88,9.75,,,16.32,,13.9,,2.05,11.31,6.42,8.98,24.83,31.81,16.27,,24.56,,22.74,23,54.2,274.1,small,,,76,2082,1517,70,2026-04-10 23:43:40.639267+00,
Bethlehem,NY,New York,United States,Mid-Atlantic,2026,3606354,35034,42.585447,-73.827417,20,81237eca-e25d-424e-9599-6cccae246387,26.04,25.73,17.21,,,21.47,19.56,12.72,,12.39,15.12,3.8,13.47,29.62,30.04,20.18,,25.44,8.01,22.72,23,90.8,514.6,small,,,39,2083,1518,34,2026-04-10 05:51:40.872996+00,
Warwick,RI,Rhode Island,United States,New England,2026,4474300,82823,41.7030847,-71.4203098,25,5cf51a85-98b9-4ba7-8c4a-b0d6586a6654,31.28,18.73,27.5,4.26,,20.76,9.28,2.15,4.08,4.49,4.72,16.25,6.95,34.72,18.21,,44.19,28.2,0.98,22.71,23,737.6,218.6,medium,,,9,2084,506,3,2026-04-14 06:20:40.715738+00,
Goshen,IN,Indiana,United States,Midwest,2026,1828386,34566,41.5738842,-85.8299858,30,4a1cc768-6fab-4bdf-bfa2-f566c41e320b,25.5,14.27,16.48,33.13,,17.59,13.48,11.31,21.67,5.68,8.87,10.36,12.5,38.79,41.58,9.04,8.7,21.97,,22.69,23,79.5,349.8,small,,,23,2085,1519,18,2026-04-09 03:30:40.201793+00,
Ontario,CA,California,United States,Pacific,2026,653896,175265,34.0376483,-117.6044326,25,e0db9327-e860-4263-89cc-d9a95e4cef1a,25.79,16.36,32.8,13.01,,23.13,9.01,17.56,10.2,11.52,14.67,,12.26,35.24,28.43,,15.32,23.39,2.31,22.67,23,671,493.8,medium,,,336,2086,507,140,2026-04-09 07:51:41.969911+00,
Georgetown,TX,Texas,United States,South,2026,4829336,66975,30.6681363,-97.6987438,30,1f3ef7b7-e71c-49db-aa80-fd569b9ec001,28.3,15.32,14.63,,8.53,13.54,19.53,14.08,4.29,8.1,8.1,20.78,12.12,31.43,37.08,28.46,12.46,27.91,1.56,22.67,23,216.8,1057.3,medium,,,86,2086,507,16,2026-04-09 10:00:42.13824+00,
Salem,MA,Massachusetts,United States,New England,2026,2559105,44480,42.4992484,-70.8982037,25,e2c09e46-e61e-4c4a-872f-c12ae59f9b0f,19.91,13.6,22.87,,27.92,20.39,7.02,10.76,8.27,8.53,12.76,7.93,9.37,52.54,51.62,7.17,7.11,24.94,9.77,22.65,23,194.6,68,small,,,77,2088,1520,71,2026-04-11 00:16:40.612788+00,
West Springfield Town,MA,Massachusetts,United States,New England,2026,2577890,28835,42.1254511,-72.6497341,25,b96675f4-7576-4891-997a-bfb7f76704d0,24.21,16.78,25.61,,,21.2,2.73,,,6.26,8.18,19.47,8.77,26.12,35.94,,,35.94,,22.62,23,96.4,286.6,small,,,78,2089,1521,72,2026-04-11 00:00:39.892802+00,
Escondido,CA,California,United States,Pacific,2026,622804,151058,33.1330533,-117.074043,25,ff6cd4f7-08e0-49ad-a607-a832a97866ea,22.92,17.62,24.13,12.36,,19.81,8.08,11.05,3.06,12.98,26.02,22.61,14.53,36.34,33.55,11.81,12.25,20.62,6.2,22.61,23,594.1,288.1,medium,,,337,2090,509,141,2026-04-09 07:21:44.773559+00,
Shiloh,IL,Illinois,United States,Midwest,2026,1769524,14191,38.5492436,-89.9130992,30,3f08a99d-feef-48ab-9a25-b3545d3aa72b,37.04,24.68,19.78,,,22.23,16.64,29.44,0.22,13.32,16.94,,13.98,8.14,33.26,23.82,4.52,22.77,18.26,22.58,23,22,181.9,small,,,39,2091,1522,30,2026-04-08 23:05:40.513749+00,
Lafayette,LA,Louisiana,United States,South,2026,2240735,121401,30.2056,-92.028058,25,090440e4-cc84-43c6-bcd1-f5ad3077fe69,29.89,19.7,23.47,14.03,17.88,20.09,10.15,13.49,17.79,8.53,16.11,22.91,15.25,34.02,21.06,,12.18,17.64,7.74,22.57,23,1116.1,428.3,medium,,,16,2092,510,7,2026-04-14 05:55:45.76142+00,
Pantego,TX,Texas,United States,South,2026,4855020,2568,32.7148839,-97.1538818,30,9f9d01d2-fc78-4271-97cc-9abf6a86a87c,49.43,17.19,0.74,,,8.97,,,,23.09,2.38,,8.3,20.93,34.5,,,34.5,,22.57,23,0.7,32.6,small,,,87,2092,1523,70,2026-04-09 10:36:40.485569+00,
Tybee Island,GA,Georgia,United States,South,2026,1378036,3114,32.0102157,-80.8559039,30,3d595e60-f851-4212-aa53-c78b75196767,25.49,22.29,,,,22.29,,,,,4.29,,4.29,43.36,15.01,,22.85,18.03,,22.56,23,18.6,62.8,small,,,63,2094,1524,51,2026-04-09 21:17:40.371481+00,
College Park,GA,Georgia,United States,South,2026,1317776,13930,33.6414499,-84.463489,30,58d2e216-903d-4ac5-9a63-ce43a86ae697,35.5,10.72,19.97,,,15.35,0.17,,19.24,2.6,2.42,,6.33,31.85,23.12,,,23.12,2.45,22.55,23,22.8,226.7,small,,,64,2095,1525,52,2026-04-09 21:38:40.608662+00,
New Bern,NC,North Carolina,United States,South,2026,3746340,31308,35.1087,-77.0448,35,f0989c1d-c1df-4767-9e81-d04be8ae2333,30.29,20.8,12.64,,13.08,15.91,7.35,12.09,6.27,6.77,17.39,7.86,10.14,35.8,19.2,,,19.2,,22.55,23,71.9,447.1,small,,,35,2095,1525,25,2026-04-14 08:45:39.918564+00,
Silver Spring,MD,Maryland,United States,Mid-Atlantic,2026,2472450,81015,39.0024409,-77.0207908,30,b5f374cc-a321-4b62-938f-0e48d27b3380,18.91,18.97,20.29,,7.16,16.86,3.04,5.55,,6.48,20.21,2.69,9.08,38.7,47.07,,12.34,33.71,6.73,22.54,23,62.4,260.5,medium,,,54,2097,511,15,2026-04-10 01:21:41.193285+00,
Apache Junction,AZ,Arizona,United States,Mountain,2026,402830,38511,33.4151,-111.5496,25,a4b16602-cefe-4935-b0d5-f69fcfde53cf,24.42,13.85,10.47,11.79,,12.11,17.93,3.7,12.9,5.4,4.27,19.26,11.03,48.36,28.18,0.26,3.78,12.31,3.78,22.53,23,352.7,173.8,small,,,45,2098,1527,26,2026-04-14 03:11:40.243684+00,
Rancho Cucamonga,CA,California,United States,Pacific,2026,659451,174570,34.1303055,-117.5660665,25,e3e64658-d909-43f8-a635-d89b67656c9e,22.25,16.16,28.85,5.18,,20.34,12.04,12.71,0.13,12.71,20.7,5.24,10.94,36.81,34.26,17.61,10.43,22.48,7.49,22.53,23,832.8,369.4,medium,,,338,2098,512,142,2026-04-09 08:17:42.130848+00,
Vernal,UT,Utah,United States,Mountain,2026,4980090,10079,40.4553,-109.5287,25,f5052918-8ddc-49a9-a5e9-4808833f8ee5,25.35,18.09,13.77,,,15.93,,,9.45,13.93,9.8,11.61,10.68,47.82,20.32,,19.2,19.89,,22.53,23,72.2,42.3,small,,,53,2098,1527,40,2026-04-11 00:40:40.236416+00,
Bayfield,CO,Colorado,United States,Mountain,2026,805265,2859,37.2278,-107.5966,30,b1eb9855-508a-4116-951b-301781ffb87e,38.31,34.13,12.68,,,23.41,,,,,16.5,,16.5,25.15,10.93,,,10.93,,22.52,23,1,39.7,small,,,65,2101,1529,50,2026-04-14 04:51:40.312117+00,
Spring,TX,Texas,United States,South,2026,4869596,62559,30.0621687,-95.3839657,30,b8322769-8cb5-4522-ad7a-658b3783a6a2,28.23,23.42,16.71,,,20.07,,,,,23.98,,23.98,19.2,25.24,19.22,9.78,19.27,,22.5,23,41.4,456.3,medium,,,88,2102,513,17,2026-04-09 11:11:40.02692+00,
Edina,MN,Minnesota,United States,Midwest,2026,2718188,53494,44.8911226,-93.3597516,30,f9709f31-0bbd-4623-9690-3de81fc1a6ae,26.19,16.74,12.32,,,14.53,18.51,5.8,9.19,4.87,17.11,16.36,13.34,26.47,48.13,23.59,15.37,31.35,1.89,22.47,22,149.8,397.9,medium,,,46,2103,514,13,2026-04-10 12:19:44.530867+00,
Sandusky,OH,Ohio,United States,Midwest,2026,3970380,25095,41.4558849,-82.7144356,25,6a9e64ab-71d0-4675-ab2a-00a50203d1f3,24.94,21.24,25.51,,,23.38,6.82,2.09,14.01,4.25,3.95,16.55,8.27,41.82,35.75,,8.09,25.11,7.55,22.47,22,169.2,94.4,small,,,87,2103,1530,72,2026-04-10 13:11:40.780804+00,
Stirling,NJ,New Jersey,United States,Mid-Atlantic,2026,3470920,2555,40.6804228,-74.4889152,25,e83c438f-75bc-4975-b9aa-220e985eb3d1,46.27,26.68,30.99,,,28.84,,,,5.35,6.17,,5.94,16.39,,,,,18.55,22.46,22,25.1,11.5,small,,,77,2105,1531,64,2026-04-10 08:38:40.579637+00,
Midlothian,TX,Texas,United States,South,2026,4848096,35133,32.4694363,-96.9906701,30,3325e35d-5ffa-40ef-9ca9-acc72d73fc4f,35.24,28.05,13.83,,,20.94,8.71,7.98,7.08,12.86,16.17,,10.92,19.03,18.83,,2.71,12.63,,22.45,22,10.6,728.9,small,,,89,2106,1532,71,2026-04-09 12:53:45.018935+00,
Austin,MN,Minnesota,United States,Midwest,2026,2702908,26189,43.6720977,-92.9778634,30,e6338420-2124-4966-90b5-02aeec048399,28.74,12.38,22.64,30.83,,19.18,,,3.31,14.59,3.43,19.63,8.46,35.89,45.18,30,,38.1,4.69,22.4,22,103.7,249.6,small,,,47,2107,1533,32,2026-04-10 13:52:40.762667+00,
Fort Dodge,IA,Iowa,United States,Midwest,2026,1928515,24871,42.5098634,-94.1756747,25,680cdea7-e09c-415b-a45c-bf5d3238ffec,35.41,19,30.83,19.18,,24.2,17.11,12.64,28.35,0,1.54,,12.64,15.56,42.9,22.28,,33.28,12.69,22.39,22,248.7,113.2,small,,,27,2108,1534,16,2026-04-08 20:47:40.581444+00,
Signal Hill,CA,California,United States,Pacific,2026,671876,11848,33.8047,-118.1681,25,760aaad4-ab28-46d2-90f3-6818e688e785,25.73,11.02,12.91,,4.7,10.35,4.86,,,,12.77,8.13,8.97,52.2,26.45,,18.24,23.29,,22.37,22,35.1,39.2,small,,,339,2109,1535,184,2026-04-10 23:02:40.082692+00,
Lockhart,FL,Florida,United States,South,2026,1241025,14058,28.6271028,-81.4337836,30,4656ea6b-ba28-44d9-86b0-738a05657130,38.3,21.42,24.8,,,23.11,,,,1.39,,,1.39,25.02,20.39,,,20.39,,22.37,22,6.1,112.2,small,,,77,2109,1535,45,2026-04-09 18:48:40.811419+00,
International Falls,MN,Minnesota,United States,Midwest,2026,2731040,5799,48.586353,-93.4077435,30,2ccfbc8b-4ff1-4848-81a6-4ec75ccf8878,20.27,21.89,15.51,13.72,,18.08,,8.22,10.37,15.33,14.94,,12.56,39.6,36,,15.02,27.93,,22.36,22,19.8,108.2,small,,,48,2111,1537,33,2026-04-10 12:25:40.502103+00,
Denton,TX,Texas,United States,South,2026,4819972,139877,33.2174488,-97.1413455,30,ea5bb46e-9025-479e-9bc7-cad6bbcd067a,22.32,18.51,17.01,,20.29,18.32,18.77,16.17,13.22,14.66,13.46,10.4,14.41,38.58,32.74,15.83,11.54,21.52,10.32,22.36,22,321.5,1383.2,medium,,,90,2111,515,18,2026-04-09 13:29:43.319815+00,
Lake Placid,NY,New York,United States,Mid-Atlantic,2026,3640761,2205,44.2798,-73.9826,20,726df388-a2e3-4f19-a506-8a67d1f6cce3,27.01,22.56,12.94,,,17.75,15.47,14.22,,8.05,,,13.3,43.87,14.62,,,14.62,,22.34,22,3.5,39.7,small,,,40,2113,1538,35,2026-04-14 08:38:40.29107+00,
Grand Rapids,MN,Minnesota,United States,Midwest,2026,2725118,11126,47.2385178,-93.5325705,30,39d4b033-8757-4d7a-a2d7-18ae944d71b1,28.03,20.33,17.49,,3.77,15.55,6.03,,30.15,1.38,9.17,,12.89,23.2,37.91,23.71,,31.28,,22.33,22,61.3,230.4,small,,,49,2114,1539,34,2026-04-10 14:12:40.59509+00,
Richardson,TX,Texas,United States,South,2026,4861796,119469,32.9722914,-96.7080688,30,e8bbb806-cb0c-4a73-b990-8c56fb98dce8,22.58,20.38,18.03,0,32.96,20.04,8.7,13.18,1.59,14.56,18.58,3.79,10.05,35.49,31.91,30.46,4.46,24.54,19.98,22.32,22,292,818,medium,,,91,2115,516,19,2026-04-09 12:55:43.181717+00,
Hyattsville,MD,Maryland,United States,Mid-Atlantic,2026,2441250,21187,38.9612045,-76.9549346,30,056652c3-f1eb-481d-8a87-d0ce3050412e,18.65,15.26,28.7,,,21.98,12.92,12.66,,7.11,13.61,4.37,10.77,39.79,41.38,,5.68,27.65,17.46,22.28,22,35.6,77.5,small,,,55,2116,1540,39,2026-04-10 00:03:41.030158+00,
Dana Point,CA,California,United States,Pacific,2026,617946,33107,33.475452,-117.6930873,25,919da5d3-0605-4a0c-835e-b8c6423960c7,23.66,19.51,11.15,,,15.33,6.15,,,10.14,16.77,,11.7,27.44,31.69,,8.16,22.64,,22.23,22,123.1,77.2,small,,,340,2117,1541,185,2026-04-09 05:35:40.251563+00,
Northfield,MN,Minnesota,United States,Midwest,2026,2746924,20790,44.4556445,-93.1703111,30,b4486a44-1204-40e5-b6d3-f1dcebe9a95e,29.07,18.43,21.97,30.04,,21.43,12.27,13.74,6.38,6.25,12.61,8.87,10.21,25.14,54.08,16.98,1.01,27.83,,22.22,22,90.1,171.1,small,,,50,2118,1542,35,2026-04-10 14:02:40.484331+00,
Cutler Bay,FL,Florida,United States,South,2026,1215968,45425,25.5761485,-80.3340066,30,bea98c6e-2c14-40f0-bf30-3f0e02f5eb25,21.13,17.61,26.6,,,22.11,11.1,1.8,13.43,15.63,15.48,,12.38,22.64,24,26.67,2.52,19.56,1.82,22.18,22,35.5,250.3,small,,,78,2119,1543,46,2026-04-09 18:52:40.448193+00,
Marshall,AR,Arkansas,United States,South,2026,544300,1340,35.9087,-92.6343,30,392f4d20-7ba8-4a97-a57b-783954f0f543,38.52,33.11,15.87,,,24.49,,,,,20.76,,20.76,11.44,16.14,,18.01,16.86,,22.16,22,3.7,47.5,small,,,12,2120,1544,7,2026-04-14 03:28:39.979794+00,
Libertyville,IL,Illinois,United States,Midwest,2026,1743250,20579,42.2846669,-87.9665026,30,13df73c6-b463-48f5-b120-40d6ca4eafa8,20.36,18.12,23.33,,6.76,17.62,12.9,13.77,22.64,15.41,11.82,,15.27,41.12,40.46,16.83,,29.43,4.67,22.15,22,35.5,189.7,small,,,40,2121,1545,31,2026-04-08 22:38:41.049866+00,
Hopewell,VA,Virginia,United States,South,2026,5138424,23025,37.2910098,-77.2989443,25,4ef87cb6-a867-4d4d-9f7e-2c9a74cd7a8f,30.51,18.75,28.04,,,23.4,2.72,4.44,14.3,5.02,3.76,2.71,5.7,23.99,39.14,,3.54,25.45,,22.15,22,231.8,60.6,small,,,58,2121,1545,44,2026-04-10 10:31:40.344983+00,
Littleton,CO,Colorado,United States,Mountain,2026,845255,45652,39.5903751,-105.0200838,30,10361eef-0794-4d4f-a952-597fb5a96da4,22.65,19.57,17.46,2.81,,16.55,9.51,4.98,17.86,2.55,16.07,5.61,11.09,32.71,39,25.93,3.69,25.6,11.85,22.14,22,130.6,361.5,small,,,66,2123,1547,51,2026-04-09 01:09:45.000142+00,
Danvers,MA,Massachusetts,United States,New England,2026,2516285,28087,42.5751,-70.9301,25,7091d4f3-ffaa-4bf0-a621-056359a1af72,20.07,17.96,22.68,7.93,,18.77,7.04,1.59,23.78,6.74,10.07,10.94,11.16,32.9,46.38,15.42,,31.93,,22.14,22,35.5,270.6,small,,,79,2123,1547,73,2026-04-14 02:56:40.300828+00,
Radcliff,KY,Kentucky,United States,South,2026,2163912,23042,37.8200577,-85.9363705,35,24d4e3eb-fd1c-4696-902d-441d0bb26c9a,26.1,18.6,8.1,,,13.35,8.15,6.01,,11.95,15.76,,11.33,43.64,22.88,,6.57,16.61,,22.13,22,11.7,255.7,small,,,13,2125,1549,11,2026-04-08 20:59:40.200655+00,
Collierville,TN,Tennessee,United States,South,2026,4716420,51324,35.0489249,-89.6970764,25,bdcef54e-6702-440c-ac96-98239b52a444,35.18,22.18,15.41,,,18.8,6.98,4.24,16.4,8.94,4.24,10.84,8.68,20.13,28.88,,15.18,23.61,,22.11,22,509.7,175.3,medium,,,26,2126,517,12,2026-04-07 00:45:41.178194+00,
Clarksville,IN,Indiana,United States,Midwest,2026,1812934,22333,38.3220818,-85.7675764,30,f00a69f6-6346-4a4f-97ee-18bb27fac4c4,26.16,22.13,17.92,,,20.03,5.14,,9.11,4.56,8.59,,7.27,16.04,22.58,10.95,8.74,15.05,,22.06,22,36.4,248.1,small,,,24,2127,1550,19,2026-04-09 03:32:40.801481+00,
West Chester,PA,Pennsylvania,United States,Mid-Atlantic,2026,4282704,18671,39.9598829,-75.6054217,25,07efbd8d-50dd-441c-82f0-883f63892035,25.53,16.34,11.74,,25.25,16.53,11.32,11.4,12.93,1.33,11.91,22.91,12.54,39.68,41.89,,11.87,30.34,12.7,22.05,22,39.1,23.9,small,,,92,2128,1551,81,2026-04-10 11:34:40.238167+00,
Marblehead,MA,Massachusetts,United States,New England,2026,2538435,20441,42.4956288,-70.8358197,25,eaecd706-4fe4-4749-85f6-d08952b37e10,23.62,19.95,29.17,,,24.56,,7.18,,2.72,4.43,,4.66,22,50.1,32.19,20.25,36.37,,22.04,22,139.1,41.9,small,,,80,2129,1552,74,2026-04-10 23:24:40.162918+00,
Columbus,IN,Indiana,United States,Midwest,2026,1814734,50474,39.208684,-85.9190595,30,258e83b6-fedc-48bb-b697-c9cbffd460fe,27.78,19.99,15.48,,41.47,23.01,11.17,4.12,10.79,5.19,17.66,17.22,12.32,32.34,25.5,30.82,11.46,23.85,0.75,22.03,22,200.5,540.5,medium,,,25,2130,518,6,2026-04-09 04:06:45.385121+00,
Jackson,MS,Mississippi,United States,South,2026,2836000,153701,32.315834,-90.2128502,25,92e171e6-2c14-460f-944c-ab2227799f5c,36.64,18.6,25.2,31.83,20.13,22.54,9.74,68.19,23.33,0.44,4.69,7.22,15.73,17.06,15.14,,,15.14,1.42,22.02,22,1585.9,644.6,medium,,,16,2131,519,3,2026-04-13 21:47:42.286548+00,
Grants Pass,OR,Oregon,United States,Pacific,2026,4130550,39189,42.4323131,-123.3317724,25,6ff03ac4-2aa7-4ab5-b3e3-540f1cfac577,26.16,17.21,19.89,,,18.55,3.65,4.45,2.41,10.05,14.05,,7.26,39.19,30.79,8.43,5.14,16.55,,22.01,22,236.3,128.8,small,,,42,2132,1553,30,2026-04-08 01:15:40.77923+00,
Venus,TX,Texas,United States,South,2026,4875236,4341,32.4262167,-97.1021768,30,7e32329c-b0a9-43b7-81ea-c5dc0b59666c,32.87,8.41,13.01,,,10.71,,,,,4.64,,4.64,17.24,26.97,,,26.97,,22,22,1.2,88.8,small,,,92,2133,1554,72,2026-04-09 13:11:40.349726+00,
Little Falls,NJ,New Jersey,United States,Mid-Atlantic,2026,3440620,13360,40.8787,-74.2173,25,feafb283-00f1-49ea-bbaa-cac5fb038207,24.76,15.62,12.19,,,13.91,11.21,12.52,,10.15,8.44,,10.18,39.41,38.04,,,38.04,10.37,21.99,22,64.4,29.2,small,,,78,2134,1555,65,2026-04-14 08:07:39.959635+00,
Ovilla,TX,Texas,United States,South,2026,4854444,4304,32.5412875,-96.8834667,30,ef2f4e4a-80b1-421c-87a0-8d6f3d73c32a,47.32,19.98,3.04,,,11.51,,,,,,,,9.89,5.12,,,5.12,,21.98,22,,82.4,small,,,93,2135,1556,73,2026-04-09 11:02:40.256488+00,
Daytona Beach,FL,Florida,United States,South,2026,1216525,72734,29.1907103,-81.0970829,30,56d1bb8f-0224-438c-a53b-4a19a8f38477,27.08,17.79,10.47,0.8,15.85,13.14,17.62,8.72,9.9,11.18,15.13,21.59,14.52,36.06,20.8,,1.03,13.2,0.96,21.84,22,110.6,798.7,medium,,,79,2136,520,29,2026-04-09 18:36:41.415321+00,
Cascade,ID,Idaho,United States,Mountain,2026,1613150,1005,44.5087608,-116.0436271,35,73ddf7ed-b51c-4589-a4c3-40d64fd8d319,27.86,22.53,29.52,,,26.03,,,13.37,4.18,1.01,,6.08,19.61,6.26,,,6.26,,21.83,22,2.3,46,small,,,10,2137,1557,7,2026-04-06 19:55:40.514535+00,
Beech Grove,IN,Indiana,United States,Midwest,2026,1804204,14717,39.7156688,-86.0870184,30,7d9293e0-c252-4add-89bc-2c9bc4769785,25.15,21.49,10.3,,,15.9,,,,7.02,13.81,,11.87,36.81,30.71,,8.04,21.99,,21.8,22,29.5,92.5,small,,,26,2138,1558,20,2026-04-09 03:03:44.567105+00,
Allegan,MI,Michigan,United States,Midwest,2026,2601260,5222,42.531075,-85.8392358,25,750ef253-c986-423f-b461-4bd588487b84,27.65,20.24,14.6,,,17.42,,,9.69,,16.27,,13.35,14.25,39.97,,,39.97,,21.69,22,44.3,26.5,small,,,102,2139,1559,78,2026-04-10 02:50:40.656445+00,
Justin,TX,Texas,United States,South,2026,4838332,4381,33.0818374,-97.314234,30,6c8da8f5-b743-4ede-bdf8-e51b4a1d4764,31.3,24.9,15.06,,,19.98,19.02,,,,18.28,,18.61,19.02,21.84,,,21.84,,21.67,22,2.4,99.2,small,,,94,2140,1560,74,2026-04-09 10:11:40.263522+00,
Burnham,PA,Pennsylvania,United States,Mid-Atlantic,2026,4210256,1991,40.6342925,-77.562995,25,d371bfc9-ad68-4b57-b566-afe4ebc23b20,60.81,55.17,,,,55.17,,,,3.01,,,3.01,6.48,22.52,,,22.52,,21.65,22,18.5,8.4,small,,,93,2141,1561,82,2026-04-10 09:12:40.309976+00,
Reading,PA,Pennsylvania,United States,Mid-Atlantic,2026,4263624,95112,40.33922,-75.9262773,25,90229746-15cd-45de-a361-0eabbd1b24c5,30.68,14.95,41.28,23.14,2.04,22.4,1.37,,2.14,1.08,0.38,7.47,2.25,35.78,49.91,37.65,16,37.14,1.3,21.65,22,284.9,102.8,medium,,,93,2141,521,10,2026-04-10 10:31:46.60981+00,
Milledgeville,GA,Georgia,United States,South,2026,1351492,17070,33.0879449,-83.2406135,30,7ee05f8b-c1f7-4aa0-9d2f-62095a147d46,35.59,25.32,15.37,0.34,20.13,18.3,10.33,7.35,5.78,4.42,9.57,7.21,7.87,26.66,8.69,,2.7,6.39,,21.64,22,36.9,259.1,small,,,65,2143,1562,53,2026-04-09 21:56:40.032181+00,
Peabody,MA,Massachusetts,United States,New England,2026,2552490,54481,42.53431,-70.9694427,25,0417e920-f0f0-4d69-9cd9-87056fcedd6f,22.35,17.07,17.58,,,17.33,,24.64,8.22,4.08,11.5,,11.37,24.14,37.49,7.39,,23.44,,21.64,22,64.4,389.4,medium,,,81,2143,522,6,2026-04-10 02:10:40.778532+00,
Chelmsford,MA,Massachusetts,United States,New England,2026,2513135,36392,42.5970548,-71.3696996,25,620a38ab-8f89-437a-a33d-fe92a6d250da,24.34,21.1,24.27,,,22.69,8.67,8.35,,9.84,12.02,5.69,9.26,24.24,33.63,9.22,,22.24,,21.61,22,78.5,458.1,small,,,82,2145,1563,75,2026-04-10 22:52:42.835372+00,
Willmar,MN,Minnesota,United States,Midwest,2026,2770420,21015,45.1210292,-95.0587343,30,3ae2e09b-c45d-4b9c-b497-609bd044f7f8,21.02,13.41,17.27,,24.7,17.42,12.51,5.51,3.75,17.14,22.98,,13.25,30.97,37.52,23.4,5.57,24.59,,21.56,22,77.8,259,small,,,51,2146,1564,36,2026-04-10 12:57:40.204743+00,
Winder,GA,Georgia,United States,South,2026,1383420,18355,33.9915682,-83.7235542,30,f858740d-d6a9-466a-b25e-52b3a8c0012b,31.44,17.1,6.99,,,12.05,21.55,44.81,29.37,0.93,16.7,74.92,30.17,34.12,13.45,2.19,,8.2,,21.53,22,79.8,223.1,small,,,66,2147,1565,54,2026-04-09 22:53:40.96617+00,
Braintree,MA,Massachusetts,United States,New England,2026,2507740,39143,42.2061879,-71.0023199,25,b9f8d079-dbfe-464e-bfb2-3b5ffb1ab3fb,24.4,16.51,26.71,,,21.61,2.03,0.52,10.5,4.34,6.19,,5.34,28.83,43.49,,,43.49,3.13,21.51,22,241.4,104.7,small,,,83,2148,1566,76,2026-04-10 22:17:40.510339+00,
Monterey Park,CA,California,United States,Pacific,2026,648914,61096,34.0483796,-118.1331646,25,b66abb2e-6b3b-46c0-84b4-6336822b8853,20.58,15.59,16.33,10.6,,15.29,7.42,5.47,5.34,10.26,17.87,7.42,9.71,45.3,22.68,,,22.68,,21.5,22,156.1,107.6,medium,,,341,2149,523,143,2026-04-09 06:56:40.879702+00,
Pinehurst,NC,North Carolina,United States,South,2026,3751940,17581,35.191065,-79.4698132,35,bdb59909-3f05-4e6b-8e16-4f0ac75b14f7,34.58,17.28,2.96,,,10.12,,,3.07,,,,3.07,8.16,17.18,,,17.18,,21.5,22,18.9,351.2,small,,,36,2149,1567,26,2026-04-10 09:52:39.772666+00,
St. Augustine,FL,Florida,United States,South,2026,1262500,14317,29.8961515,-81.3111278,30,20d142a8-d1c9-4513-b538-1b2b3f86cc5c,27.24,15.75,10.01,13.91,,13.01,3.43,3.33,100,11.58,6.6,14.33,25.98,37.18,28.16,,5.72,19.53,3.06,21.48,21,9.9,192.3,small,,,80,2151,1568,47,2026-05-08 21:53:47.216724+00,
Whitesburg,KY,Kentucky,United States,South,2026,2182776,1773,37.1177536,-82.8230169,35,df6a95f6-db2b-41d2-94a5-6bd59cc92adb,32.89,26.25,19.73,,,22.99,3.47,13.19,23.87,,5.16,18.12,11.99,24.93,14.38,,27.69,19.5,,21.47,21,6,45.1,small,,,14,2152,1569,12,2026-04-08 21:30:40.845823+00,
Glen Alpine,NC,North Carolina,United States,South,2026,3726200,1529,35.7307398,-81.7825765,35,a0047e76-2bf2-49fe-9c67-3fd93ac1d432,39.97,28.37,12.62,,,20.5,14.14,,,13.68,,,13.99,23.43,12.03,,,12.03,,21.42,21,13.9,25.1,small,,,37,2153,1570,27,2026-04-10 08:15:40.412453+00,
Farmers Branch,TX,Texas,United States,South,2026,4825452,35991,32.9277892,-96.8785391,30,1ac224b3-54e7-4b35-8da0-a834734274a7,26.69,16.96,15.42,23.26,4.13,14.49,3.35,2.27,2.98,6.11,5.9,,4.21,29.31,30.37,,6.11,21.04,7.33,21.42,21,125.3,284.7,small,,,95,2153,1570,75,2026-04-09 12:01:40.148884+00,
South Elgin,IL,Illinois,United States,Midwest,2026,1770720,23865,42.0014,-88.2942,30,4d28718b-c1bc-4d9f-9d3b-6159139b5635,23.64,18.42,21.82,,,20.12,5.41,,,5.17,13.82,31.27,13.92,28.39,34.8,4.13,,20.49,,21.39,21,31.5,181.5,small,,,41,2155,1572,32,2026-04-14 04:45:40.57548+00,
Darien,CT,Connecticut,United States,New England,2026,918850,21499,41.0521498,-73.4797138,25,4209e8a9-69c6-4e58-bc98-f04680558fc7,33.64,20.28,21.72,,,21,8.56,,,0.79,6.1,1.74,5.11,30.17,41.19,,2.82,26.43,2.49,21.38,21,200.2,71.4,small,,,42,2156,1573,30,2026-04-07 03:27:40.063821+00,
Grand Junction,CO,Colorado,United States,Mountain,2026,831660,66255,39.0890618,-108.567452,30,00747ead-5a48-412f-8a06-dd73951826d9,22.45,17.9,17.8,8.8,11.17,15.61,17.16,17.83,12.61,6.02,12.85,36.5,17.03,36.69,26.19,10.91,2.4,14.89,4.77,21.35,21,442.2,787.7,medium,,,67,2157,524,13,2026-04-09 02:53:48.610611+00,
Fridley,MN,Minnesota,United States,Midwest,2026,2722814,29584,45.0842457,-93.2600499,30,abf17c00-c608-48d9-a03d-33d81cfedd75,22.69,21.2,10.77,,,15.99,,,13.34,12.45,7.62,23.81,13.41,23.99,45.37,44.41,17.15,37.98,12.29,21.33,21,80.8,275.2,small,,,52,2158,1574,37,2026-04-10 13:16:40.653489+00,
Cypress,CA,California,United States,Pacific,2026,617750,50151,33.8169,-118.0373,25,88b60250-374a-49c7-a50a-593e77914874,22.18,12.56,22.71,9.05,,16.56,25.03,7.74,,,8.83,,14.52,35.83,31.72,,7.25,22.31,,21.31,21,161.8,63.4,medium,,,342,2159,525,144,2026-04-10 21:03:40.64287+00,
Arlington Heights,IL,Illinois,United States,Midwest,2026,1702154,77724,42.0973621,-87.9816706,30,27a7a2ce-89ba-4b2e-99a5-05be2d62b43c,20.4,15.05,18.05,,34.35,20.51,7.16,11.04,6.3,11.24,15.83,6.04,9.78,31.45,35.17,,24.89,31.22,17.35,21.28,21,112.8,473.4,medium,,,42,2160,526,10,2026-04-08 22:08:40.769556+00,
St. Charles,IL,Illinois,United States,Midwest,2026,1766703,33087,41.9194474,-88.3107429,30,efcaa789-5de0-4a62-a3ef-061e3597d964,21.98,12.67,20.83,,,16.75,6.34,9.65,,7.77,11.68,,9.12,35.62,37.6,12.34,0.73,19.54,,21.23,21,65.6,338.1,small,,,43,2161,1575,33,2026-05-08 21:53:52.313872+00,
Sandy Springs,GA,Georgia,United States,South,2026,1368516,108104,33.931501,-84.3688861,30,8ce99f4a-6a44-4667-9047-14aa69de4c59,24.75,17.76,15.28,,,16.52,15.97,12.1,7.96,11.81,18.95,9.57,13.35,38.58,19.06,,2.67,12.76,7.16,21.2,21,107.6,731.5,medium,,,67,2162,527,12,2026-04-09 22:23:40.412658+00,
Downey,CA,California,United States,Pacific,2026,619766,114334,33.9382375,-118.1308561,25,031d6e98-142e-453b-be41-83bee10bfaae,18.09,12.36,20.76,,,16.56,7.66,12.08,3.43,5.87,17.15,9.23,9.69,54.53,20.05,6.23,5.38,11.55,8.71,21.19,21,327,146.7,medium,,,343,2163,528,145,2026-04-09 05:44:41.100007+00,
Hutchins,TX,Texas,United States,South,2026,4835612,5613,32.6433922,-96.7098325,30,adc7656e-c405-4d2a-b91e-dfa1bc7abadf,37.75,14.16,16.1,,,15.13,,,,,,26.9,26.9,13.8,20.21,,2.93,13.56,,21.18,21,5.7,103.9,small,,,96,2164,1576,76,2026-04-09 10:01:40.766497+00,
Taos,NM,New Mexico,United States,Mountain,2026,3576200,6474,36.3871499,-105.5803862,30,e913788b-7444-4f9d-8760-0ac60928e60c,22.22,19.63,17.31,,8.43,16.24,5.63,,31.32,12.6,20.37,,18.32,43.12,7.91,,13.77,10.16,,21.12,21,13.5,134.4,small,,,5,2165,1577,3,2026-04-11 01:14:40.651123+00,
Alvarado,TX,Texas,United States,South,2026,4802260,5498,32.4093787,-97.2107857,30,75fd25da-8739-4ac8-90b8-584855aced1b,28.03,16.94,19.55,,,18.25,0.42,,,1.38,21.86,4.03,8.99,41.85,19.03,,1.15,12.15,,21.08,21,0.5,135.4,small,,,97,2166,1578,77,2026-04-09 08:59:39.907509+00,
Mount Kisco,NY,New York,United States,Mid-Atlantic,2026,3648890,10959,41.2016956,-73.7282581,20,c9d3625a-afd6-4761-bf87-cffc18900e82,27.6,24.03,10.09,,,17.06,24.01,,15.11,19.86,9.61,,16.28,29.39,19.72,,,19.72,14.59,21.05,21,5,65.4,small,,,41,2167,1579,36,2026-04-10 06:03:40.662183+00,
Hercules,CA,California,United States,Pacific,2026,633308,26016,37.9988,-122.2891,25,0be5aca7-2130-46a8-a7e1-a5142c7cf367,28.73,23.57,17.39,,,20.48,,,,14.58,16.51,,15.96,18.96,41.32,,20.08,33.15,8.03,21.04,21,113.1,52.6,small,,,344,2168,1580,186,2026-04-10 21:30:40.294902+00,
St. Petersburg,FL,Florida,United States,South,2026,1263000,258305,27.7627269,-82.6441305,30,480dec89-e6f8-42a9-9d6a-ade775b81b8c,20.62,16.51,18.92,2.44,20.36,16.72,14.06,7.99,6.07,11.53,14.71,8.58,10.94,34.3,30.7,21.09,4.82,20.87,1.59,21.04,21,987.7,1347.9,medium,,,81,2168,529,30,2026-05-08 21:53:47.873766+00,
Weatherford,TX,Texas,United States,South,2026,4876864,30883,32.7531898,-97.7719438,30,17bb7c85-cb0a-479f-a74c-3c62abe7e09f,25.47,15.46,12.5,7.98,,13.23,7.08,4.87,2.75,4.14,4.94,0.94,4.24,32.48,20.35,0,4.65,9.3,,21.04,21,36.4,500.7,small,,,98,2168,1580,78,2026-04-09 13:27:40.513536+00,
Passaic,NJ,New Jersey,United States,Mid-Atlantic,2026,3456550,70537,40.8575524,-74.1290888,25,7e7c355e-6327-4ca7-bdd8-9b5718174946,25.07,15.82,36.72,0.96,,23.11,8.93,,18.24,9.15,17.03,,14.14,24.3,28.52,,,28.52,11.06,21.02,21,89.3,51.9,medium,,,79,2171,530,13,2026-04-10 08:04:40.423574+00,
Northport,NY,New York,United States,Mid-Atlantic,2026,3653396,7347,40.9040451,-73.3449678,20,e0a27c04-040e-4493-945f-92cba41598ab,23.01,23.34,11.37,,,17.36,,,,14.16,8.07,,9.81,38.12,21.32,,,21.32,,21.02,21,3,73,small,,,42,2171,1582,37,2026-04-10 06:57:40.135967+00,
Charleston,SC,South Carolina,United States,South,2026,4513330,150362,32.828017,-79.9728961,30,31fef150-957f-4d4f-9e93-92be44d50f0e,24.92,19.82,12.4,23.53,8.83,15.4,14.04,9.36,8.47,12.43,16.15,11.95,12.51,31.46,27.25,8.89,7.08,15.78,1.95,21.01,21,187.5,1380.8,medium,,,15,2173,531,4,2026-04-13 23:34:52.838637+00,
Forney,TX,Texas,United States,South,2026,4826604,23455,32.7426013,-96.4528828,30,3025b64e-40a9-416e-a8a9-edd38e875861,27.41,17.31,19.97,,,18.64,,11.7,8.63,14.56,18.26,10.04,13.03,30.91,22.65,,16.44,20.26,,21,21,40.1,313.6,small,,,99,2174,1583,79,2026-04-09 09:36:40.988055+00,
Augusta,GA,Georgia,United States,South,2026,1304204,202072,33.3655309,-82.0734218,30,ec20e60b-fdde-4911-a530-5f9987ba765b,27.81,20.41,16.95,5.12,8.07,15.2,6.01,8.99,10.74,7.38,13.59,14.4,10.54,33.14,15.97,1.41,11.89,9.85,1.29,20.95,21,384.7,2518.5,medium,,,68,2175,532,13,2026-04-09 22:03:46.19392+00,
Annapolis,MD,Maryland,United States,Mid-Atlantic,2026,2401600,40795,38.9721517,-76.5053318,30,538ad947-1cfa-4e28-821d-a0089d97bbb8,18.39,12.38,25.65,,7.44,16.44,4.06,7.3,,8.43,14.88,6.7,8.89,37.35,31.55,,13.4,24.57,,20.94,21,26.8,219,small,,,56,2176,1584,40,2026-04-09 23:55:40.850787+00,
San Clemente,CA,California,United States,Pacific,2026,665084,64293,33.4491433,-117.6131198,25,6aabe888-6a62-4f20-bd41-c1d96087db7c,26.81,18.79,13.49,,,16.14,6.92,6.82,,8.73,12.14,12.43,9.8,31.39,37.77,20.45,3.87,23.23,6.56,20.93,21,264.9,175,medium,,,345,2177,533,146,2026-04-09 08:22:40.692346+00,
Dunedin,FL,Florida,United States,South,2026,1218575,36170,28.0380542,-82.7947762,30,569037c6-964e-4ff9-9924-5eaf045c20af,18.47,17.82,16.6,,,17.21,28.71,7.23,7.65,10.8,18.88,,16.23,31.16,26.12,16.92,13.89,19.84,,20.9,21,48,289.5,small,,,82,2178,1585,48,2026-04-09 19:08:40.792621+00,
Lake Zurich,IL,Illinois,United States,Midwest,2026,1741742,19759,42.1950093,-88.0877289,30,9bd578ec-455d-4268-991e-2a721da1b621,24.29,13.83,7.72,,,10.78,13.92,2.8,,9.52,17.76,11.54,12.73,27.05,44.59,40.05,12.81,35.06,,20.9,21,49.8,150.3,small,,,44,2178,1585,34,2026-04-08 23:23:40.076702+00,
Buena Vista,CO,Colorado,United States,Mountain,2026,810105,2855,38.8319895,-106.1386571,30,606bacc2-b6d0-4d56-ab1a-94678c79196a,24.13,15.78,10.8,,,13.29,8.94,,22.58,10.65,6.87,,12.12,34.06,27.36,,,27.36,,20.88,21,10.7,66.9,small,,,68,2180,1587,52,2026-04-09 00:13:40.047191+00,
Paradise,NV,Nevada,United States,Mountain,2026,3254600,191238,36.0871482,-115.1355187,25,f0511e39-9870-4dba-b455-9bcf3b5f2903,22.04,13.53,17.01,,16.48,15.54,8.91,8.24,5.91,9.17,21.59,30.19,14.63,47.38,15.63,9.5,6.77,11.27,11.89,20.88,21,717.6,479.7,medium,,,14,2180,534,4,2026-04-14 09:23:42.698407+00,
Oroville,CA,California,United States,Pacific,2026,654386,20105,39.4954227,-121.5600693,25,6454dc02-9275-4484-9bbb-70fce6daa747,30.54,19.04,14.51,,,16.78,4.15,,3.81,4.12,3.77,,3.93,37.82,27.55,3.87,5.98,13.87,,20.86,21,148.3,102.1,small,,,346,2182,1588,187,2026-04-09 06:18:40.57361+00,
Palos Heights,IL,Illinois,United States,Midwest,2026,1757381,12068,41.6634391,-87.7960438,30,710d80f5-0d6b-4052-9cec-530d8cddda7e,21.62,20.3,17.74,,9.64,16.94,8.1,,11.42,14.82,6.18,,9.24,27.44,21.1,,,21.1,,20.85,21,10.9,134.3,small,,,45,2183,1589,35,2026-04-08 22:52:40.366674+00,
Winchendon,MA,Massachusetts,United States,New England,2026,2580370,4160,42.6804154,-72.0420399,25,55c4c626-0935-4540-b571-e30378514dea,23.98,23.87,11.11,,,17.49,,7.31,,13.01,,,10.16,35.34,31.73,,6.23,21.92,,20.84,21,9.9,49.2,small,,,84,2184,1590,77,2026-04-10 23:35:40.005934+00,
Pascagoula,MS,Mississippi,United States,South,2026,2855360,22010,30.3659,-88.5561,25,56bcba3a-b136-4db2-b96b-9afe2a43fd94,25.77,14.15,26.37,,,20.26,1.54,4.93,0.8,13.39,10.12,8.46,6.1,27.32,32.44,,,32.44,0.37,20.83,21,210.8,114.3,small,,,17,2185,1591,14,2026-04-13 20:51:41.035089+00,
Aberdeen,MD,Maryland,United States,Mid-Atlantic,2026,2400125,16359,39.5096,-76.1644,30,0eb5c91d-2cb5-4694-821f-4b613e125e69,25.67,21.51,10.76,,,16.14,12.83,6.26,,3.27,12.52,10.81,10.34,30.48,37.02,,2.26,23.65,0.52,20.79,21,6.5,159.7,small,,,57,2186,1592,41,2026-04-11 00:10:44.186646+00,
Manchester,NH,New Hampshire,United States,New England,2026,3345140,115644,42.9849406,-71.4441315,30,88c2bbf8-c49f-4138-af49-2ba6ec4c2e3b,18.66,12.93,21.11,4.35,3.3,13.01,7.42,5.2,6.58,11.35,13.45,17.04,10.37,43.09,33.71,9.39,3.21,17.57,0.86,20.79,21,175.1,764,medium,,,22,2186,535,2,2026-04-14 11:45:54.441127+00,
McCall,ID,Idaho,United States,Mountain,2026,1648790,3686,44.9084085,-116.1124908,35,fdedf67e-0bb8-4202-a9ba-655a75b92ab0,29.68,18.53,10.37,,,14.45,,1.64,2.76,13.86,27.02,30.59,16.81,23.23,25.07,,,25.07,,20.78,21,51.9,172.9,small,,,11,2188,1593,8,2026-05-08 21:53:50.353702+00,
Des Plaines,IL,Illinois,United States,Midwest,2026,1719642,60675,42.034398,-87.9011363,30,ea0fef7f-0f7b-40b5-9b04-a6c6ef9a66dd,20.77,14,23.01,0,,16.19,12.85,14.64,11.62,13.18,16.64,14.5,14.01,42.01,36.7,7.01,7.74,19.07,1.66,20.78,21,127.5,313.7,medium,,,46,2188,536,11,2026-04-08 23:01:48.225777+00,
Dedham,MA,Massachusetts,United States,New England,2026,2516530,25364,42.2468719,-71.1794622,25,784d086c-62a0-462b-a274-1060bfe51a00,29.91,17.54,22.66,,11.47,18.18,5.54,,3.06,2.43,6.42,,4.76,18.96,46.81,,5.71,31,14.22,20.77,21,191.1,81.5,small,,,85,2190,1594,78,2026-04-10 23:22:40.140102+00,
Decatur,GA,Georgia,United States,South,2026,1322052,24928,33.7710674,-84.2957837,30,99ab2dd3-e4f6-4ac7-b587-0669cef235e5,16.26,13.92,24.14,11.69,,18.11,7.33,12.35,10.88,6.48,7.32,12.82,9.28,31.55,46.74,,,46.74,7,20.74,21,36.1,137.3,small,,,69,2191,1595,55,2026-04-09 21:41:40.721625+00,
Newnan,GA,Georgia,United States,South,2026,1355020,42585,33.3758332,-84.7773238,30,d238b77d-10d3-43bc-9da2-2359fca8b771,28.74,19.43,15.65,,4.57,14.66,16.57,5.51,10.89,4.41,13.02,,11.46,27.11,15.82,19.52,,17.55,,20.74,21,31.4,385.6,small,,,69,2191,1595,55,2026-04-09 22:06:40.505938+00,
Post Falls,ID,Idaho,United States,Mountain,2026,1664810,38827,47.7182,-116.9514,35,5eace2a9-6b13-45b2-9c1b-bbb1c3887345,21.93,14.27,21.54,,,17.91,9.39,7.99,3.48,1.26,11.88,8.79,7.79,30.61,37.86,11.42,,25.52,,20.7,21,156,432.7,small,,,12,2193,1597,9,2026-04-14 05:15:40.93075+00,
Chesterton,IN,Indiana,United States,Midwest,2026,1812412,14252,41.5998225,-87.0549957,30,d9b32f42-883a-403d-a8d3-7a60b5e864f1,25.18,19.14,15.42,,,17.28,9.83,10.89,10.89,4.66,5.87,16.98,9.71,22.79,25.23,8.46,,17.4,,20.7,21,21.8,183.7,small,,,27,2193,1597,21,2026-04-09 03:04:39.870051+00,
Benson,NC,North Carolina,United States,South,2026,3705040,3967,35.3812,-78.5448,35,951e8c65-6be4-4b1d-9598-e2fde2aaf975,23.73,20.19,8.81,,,14.5,3.46,5.05,,4.32,6.93,5.93,5.31,26.45,14.57,,,14.57,,20.69,21,20.6,53.1,small,,,38,2195,1599,28,2026-04-14 07:08:40.130651+00,
Rialto,CA,California,United States,Pacific,2026,660466,104026,34.1174193,-117.3892148,25,7fa65fd9-2ec6-4fd8-8a8b-ecf07c2885a5,23.39,17.44,30.59,,,24.02,6.43,7.52,,12.25,20.23,13.13,12.86,34.61,23.58,,5.79,16.74,3.36,20.68,21,407.5,200.1,medium,,,347,2196,537,147,2026-04-09 07:24:41.179918+00,
Paso Robles,CA,California,United States,Pacific,2026,622300,31490,35.6285131,-120.6503559,25,968d6529-b5fe-42ca-91e7-bd358e3abbbe,29.93,17.46,24.78,3.76,,18.95,13.56,10.72,,6.94,13.53,20.85,13.74,19.51,36.24,13.41,26.55,25.83,1.09,20.67,21,302.9,117.6,small,,,348,2197,1600,188,2026-04-09 07:19:41.027932+00,
Greece,NY,New York,United States,Mid-Atlantic,2026,3630279,14429,43.2095167,-77.702642,20,76bead66-5f39-475e-8321-871ac1c69852,23.62,19.26,19.35,,,19.31,9.59,0.9,,,19.67,,12.59,31.49,37.41,,,37.41,2.16,20.66,21,13.7,111,small,,,43,2198,1601,38,2026-04-10 05:54:41.13337+00,
Southern Pines,NC,North Carolina,United States,South,2026,3763120,15595,35.1950385,-79.4020526,35,4105341c-6ca8-4071-8161-967a35b47a49,27.64,22.23,15.81,31.09,,20.53,10.79,16.87,,0,12.81,19.27,12.42,22.35,16.56,,,16.56,0.59,20.66,21,31,350,small,,,39,2198,1601,29,2026-04-10 08:34:40.209433+00,
Melissa,TX,Texas,United States,South,2026,4847496,13901,33.2885209,-96.5576317,30,a220a1c3-0f28-4495-9989-d110921cf20d,25.87,23.42,16.65,,,20.04,10.04,8.09,,12.4,2.25,,7.11,18.33,35.66,,,35.66,,20.66,21,12.3,239.4,small,,,100,2198,1601,80,2026-04-09 12:38:40.692384+00,
Albany,NY,New York,United States,Mid-Atlantic,2026,3601000,99224,42.6526,-73.7562,25,6615e08a-845c-46fb-a635-3043d669ca06,13.99,11.2,24.97,9.38,16.4,16.88,13.56,4.04,8.78,7.53,6.21,25.77,11.04,48,40.28,15.04,6.98,23.12,0.02,20.65,21,147,489.2,medium,,,44,2201,538,1,2026-04-10 06:09:57.379804+00,
Crowley,TX,Texas,United States,South,2026,4817960,18101,32.5764681,-97.3593075,30,b33cc4b1-185b-498d-9b0a-9104f76a535f,24.69,16.72,19.58,,,18.15,5.12,2.77,,8.7,8.78,,6.72,27.64,31.44,,30.73,31.17,,20.63,21,20.7,181.4,small,,,101,2202,1604,81,2026-04-09 10:12:40.181735+00,
Dixon,IL,Illinois,United States,Midwest,2026,1720162,15377,41.8432876,-89.4775472,30,07eb7d24-117d-4d94-826a-b5edbeb187bb,24.14,20.56,7.57,,,14.07,1.54,0.48,2.03,3.79,4.12,,2.55,9.58,24.96,,0.58,15.58,,20.6,21,15.7,170.9,small,,,47,2203,1605,36,2026-04-08 21:51:40.638334+00,
Stanton,CA,California,United States,Pacific,2026,673962,37962,33.8025,-117.9931,25,c4efbfc9-7ea9-46a4-94ae-c281e345c421,24.68,15.85,21.03,,,18.44,,3.76,,6.47,6.2,,5.72,38.69,14.8,,,14.8,,20.59,21,68.3,29.4,small,,,349,2204,1606,189,2026-04-10 23:30:40.279407+00,
La Mesa,CA,California,United States,Pacific,2026,640004,61121,32.7694947,-117.0219232,25,24a3996d-7839-4585-8ab8-a1147cc28a81,22.34,12.45,21.65,,,17.05,8.54,10.74,15.13,2.09,16.23,10.63,11.67,43.55,22.13,,,22.13,11.18,20.58,21,193.5,150.5,medium,,,350,2205,539,148,2026-04-09 06:20:40.949685+00,
Attleboro,MA,Massachusetts,United States,New England,2026,2502690,46461,41.9316531,-71.2945028,25,fe4edcb2-f43f-46ed-aae9-9f0c910e7758,23.08,17.01,16.16,0.37,,14.56,10.43,11.32,14.99,5.65,6.23,9.62,9.78,21.74,39.46,,,39.46,6.31,20.54,21,93.2,453.9,small,,,86,2206,1607,79,2026-04-10 22:43:41.254844+00,
Central Falls,RI,Rhode Island,United States,New England,2026,4414140,22583,41.8887,-71.3948,25,3988f573-bb8b-45df-8fe4-5da312ae7e2c,25.72,24.23,35.41,,,29.82,8.19,,,,,,8.19,20.73,19.19,,,19.19,,20.53,21,32,18.3,small,,,10,2207,1608,7,2026-04-14 06:35:40.232648+00,
West Covina,CA,California,United States,Pacific,2026,684200,109501,34.0686,-117.9386,25,a5a355ba-cebb-48ca-9142-0b75eeb8f479,22.91,18.53,19.81,,,19.17,0.86,13.77,3.36,9.68,13.57,5.45,7.4,32.47,17.35,,,17.35,,20.51,21,363.6,174.2,medium,,,351,2208,540,149,2026-04-10 22:46:40.78432+00,
Royse City,TX,Texas,United States,South,2026,4863668,13531,32.975927,-96.3146616,30,348609dc-f592-43a9-a3d5-603181937ed4,32.63,16.21,10.14,,,13.18,9.62,12.85,,6.54,6.54,19.22,10.48,19.15,22.46,,,22.46,,20.5,21,36,265,small,,,102,2209,1609,82,2026-04-09 13:00:40.310438+00,
Lithonia,GA,Georgia,United States,South,2026,1346860,2662,33.7129538,-84.1062,30,6f16cd47-6670-47f8-bef4-0dd03fcd4354,27.97,28.39,22.99,,,25.69,,,,,,,,13.64,12.93,,,12.93,,20.49,20,0.9,25.7,small,,,71,2210,1610,57,2026-04-09 22:02:40.921853+00,
East Providence,RI,Rhode Island,United States,New England,2026,4422960,47139,41.8004329,-71.3592577,25,f45dc405-485c-4318-89b2-84544f1427dd,22.97,18.38,32.67,,,25.53,0.94,,17.16,4.21,11.02,5.19,8.42,27.29,20.91,9.7,,15.68,,20.47,20,341.7,102.2,small,,,11,2211,1611,8,2026-04-14 07:47:40.377515+00,
Weymouth Town,MA,Massachusetts,United States,New England,2026,2578972,57437,42.2072998,-70.943687,25,e41e70e4-4df8-4b58-b477-89ca4dd9394c,18.59,13.75,14.72,,,14.24,9.34,6.35,12.86,10.89,10.61,10.13,10.34,38.79,45.93,,6.03,30.58,8.17,20.46,20,57.8,397.5,medium,,,87,2212,541,7,2026-04-11 02:02:41.115919+00,
Oneonta,NY,New York,United States,Mid-Atlantic,2026,3654881,13079,42.4548184,-75.0668843,20,72c01ed4-5ed1-4ccb-a183-3ef886945f74,32.99,28.22,14.67,43.22,42.82,27.9,17.78,,7.51,10.04,5.71,11.13,10.18,22.83,27.35,,,27.35,2.61,20.45,20,42.8,87.8,small,,,45,2213,1612,39,2026-04-10 06:17:40.707865+00,
Berthoud,CO,Colorado,United States,Mountain,2026,806255,10332,40.2846751,-104.9655149,30,7e23fbb7-0d77-4246-b035-6510644f9101,29.06,16.85,19.77,,,18.31,,,,,8.59,,8.59,11.3,25.07,,,25.07,,20.44,20,37.9,184.9,small,,,69,2214,1613,53,2026-04-08 23:49:41.243583+00,
Elk Grove Village,IL,Illinois,United States,Midwest,2026,1723256,32836,42.0057778,-87.9930339,30,2760d3a0-42c9-4b9d-8810-c4874a330d14,20.19,14.45,11.83,,,13.14,7.84,,10.54,13.14,15.18,3.11,10.28,30.66,37.84,,1.16,23.73,,20.44,20,27.1,303.6,small,,,48,2214,1613,37,2026-04-08 22:23:40.88804+00,
Clearwater,FL,Florida,United States,South,2026,1212875,117363,27.9794192,-82.7712562,30,28cb6d70-8ef1-4397-aa0e-93ae4eea6b68,22.01,16.61,12.68,7.58,16.75,14.36,6.23,6.99,8.43,9.9,15.61,,10.03,35.92,26.84,20.28,19.19,22.63,0.56,20.43,20,190.1,801,medium,,,83,2216,542,31,2026-04-09 19:13:42.30472+00,
Greenville,SC,South Carolina,United States,South,2026,4530850,71192,34.8369021,-82.362997,30,39a270df-120c-47c7-b540-204729ec8663,19.92,14.3,17.76,13.68,10.44,14.68,20.15,13.83,2.92,5.26,11.9,13.13,11.47,43.46,26.26,8.8,3.08,14.35,1.32,20.42,20,205.8,749.5,medium,,,16,2217,543,5,2026-04-13 22:51:51.73491+00,
Coral Gables,FL,Florida,United States,South,2026,1214250,49248,25.6830613,-80.2616585,30,10aec4bf-7710-4f83-a151-40674bbf34f1,21.08,14.7,15.38,23.79,27.18,18.34,5.52,3.9,14.14,1.03,6.18,,7.02,29.99,32.3,,2.31,20.77,10.31,20.41,20,127.5,287.8,small,,,84,2218,1615,49,2026-04-09 18:49:41.583375+00,
Montclair,CA,California,United States,Pacific,2026,648788,37865,34.0775,-117.69,25,ea25ece5-a23a-43e5-9fbd-a7a4d5173b56,19.25,15.02,23.68,,,19.35,3.25,8.67,4.86,8.24,10.88,6.96,7.08,36.08,30,,,30,4.04,20.39,20,105.6,72.2,small,,,352,2219,1616,190,2026-04-10 21:31:41.503309+00,
Easton,MD,Maryland,United States,Mid-Atlantic,2026,2424475,17115,38.7762624,-76.0704783,30,ac5b2993-d49e-48e7-82e9-b6189639b5bc,26.18,12.55,20.92,,,16.74,6.81,4.5,13.9,5.53,8.18,19.33,10.09,26.22,34.76,19.2,10.86,23.34,,20.39,20,41.9,209.7,small,,,58,2219,1616,42,2026-04-10 00:41:40.552521+00,
Huntersville,NC,North Carolina,United States,South,2026,3733120,61384,35.4068096,-80.8686804,35,df86b198-6e2f-4987-bd1b-6858601ee06f,27.5,20.24,11.73,,,15.99,3.8,6.27,6.75,5.34,9.43,7.26,6.72,17.73,32.64,20.11,,26.79,,20.38,20,97.7,717.1,medium,,,40,2221,544,9,2026-04-10 10:12:42.495621+00,
Framingham,MA,Massachusetts,United States,New England,2026,2524960,72362,42.3079052,-71.4361957,25,d249fcbc-e335-442f-b94a-d5e49cf93e10,22.12,15.02,25.02,0.96,8.7,15.85,6.39,6.82,7.79,5.98,13.46,24.3,11.13,33.27,43.05,21.85,7.66,26.78,2.3,20.35,20,421.6,205.9,medium,,,88,2222,545,8,2026-04-11 01:00:41.341454+00,
Bayonne,NJ,New Jersey,United States,Mid-Atlantic,2026,3403580,71654,40.6624946,-74.1102012,25,9ebaa22a-4c67-4ceb-ae4a-2e179c1932f5,22.23,14.38,35.25,,,24.82,,3.69,13.17,7.28,3.06,,6.92,24.78,30.8,,34.74,32.32,14.36,20.34,20,98,71.9,medium,,,80,2223,546,14,2026-04-10 07:23:40.23772+00,
Orange City,FL,Florida,United States,South,2026,1251825,12632,28.93728,-81.2833393,30,ffb8d53a-bea3-4b3e-b452-b35173c016a8,27.88,23.48,5.89,,,14.69,6.24,0,7.47,7.29,13.38,,8.02,29.44,18.06,,18.38,18.18,,20.32,20,12.4,172.5,small,,,85,2224,1618,50,2026-04-09 18:50:40.391892+00,
Clover,SC,South Carolina,United States,South,2026,4515355,6671,35.1112,-81.2248,30,52f59105-a00e-408b-a01e-c06612a69777,33.87,18.01,4.53,,,11.27,,,,,12.16,,12.16,26.47,16.38,,4.76,11.91,,20.32,20,5.7,94.2,small,,,17,2224,1618,12,2026-04-13 21:09:40.548891+00,
Pineville,LA,Louisiana,United States,South,2026,2260530,14384,31.3429256,-92.4089299,25,425c826c-27e7-44a0-a3ef-3fe3b5af155a,34.85,22.01,20.17,,17.68,20.33,5.79,,4.07,11.56,11.23,24.06,10.61,21.59,13.57,,16.34,14.64,,20.3,20,201.9,74.9,small,,,17,2226,1620,9,2026-04-14 05:23:40.067573+00,
Wylie,TX,Texas,United States,South,2026,4880356,57489,33.0291436,-96.5270407,30,c2dfc155-0be2-4f97-b09c-ee435d6e8366,25.47,18.06,13.08,18.93,,15.99,7.18,4.58,3.86,10.73,9.14,15.87,8.4,17.82,34.77,,7.87,24.42,,20.3,20,112,438.3,medium,,,103,2226,547,20,2026-04-09 11:54:42.995925+00,
Atlantic Beach,FL,Florida,United States,South,2026,1202400,13513,30.3395523,-81.3966694,30,4d7713b8-e317-4a42-a8e4-c259344c19c7,19.58,17.01,6.36,,,11.69,,,,,,,,29.87,25.65,,10.91,19.98,,20.29,20,16.9,105,small,,,86,2228,1621,51,2026-04-09 17:48:40.389496+00,
Crosby,MN,Minnesota,United States,Midwest,2026,2713924,2360,46.4932671,-93.9456905,30,d1bb9385-7563-42b5-92d6-f831cb530553,22.88,18.95,11.54,,,15.25,,,32.88,,,,32.88,13.08,15.72,22.5,2.67,14.83,,20.29,20,21.7,46,small,,,53,2228,1621,38,2026-04-10 14:10:39.983279+00,
San Elizario,TX,Texas,United States,South,2026,4865360,10116,31.5784361,-106.2620195,30,eb12f70c-36fc-4b17-9c19-ff972c60afbf,24.76,19.99,20.26,,,20.13,25.64,,,,14.5,,19.45,21.87,15.73,,,15.73,,20.29,20,0.1,103.1,small,,,104,2228,1621,83,2026-04-09 12:37:40.352144+00,
Belton,TX,Texas,United States,South,2026,4807492,23054,31.0523452,-97.4795422,30,22c53d55-3e2b-4322-adc1-79f7408062ba,24.17,13.68,13.61,,12.11,13.3,13.81,0.97,1.03,18.03,8.81,27.61,11.21,29.89,30.37,,3.11,19.89,,20.23,20,33.4,357.8,small,,,105,2231,1624,84,2026-04-09 10:38:40.206352+00,
Laurel,MD,Maryland,United States,Mid-Atlantic,2026,2445900,30072,39.0993,-76.8483,30,e29dec13-54e7-4294-82f5-7b286daa7e4b,22.38,18.63,12.05,,,15.34,4.54,,7.26,0.83,22.35,,10.71,30.86,53.28,,13.74,38.07,0.85,20.22,20,12.4,140.5,small,,,59,2232,1625,43,2026-04-11 00:11:40.428962+00,
Tarpon Springs,FL,Florida,United States,South,2026,1271150,25143,28.1490537,-82.7793711,30,f90441d9-e8fc-4d19-a662-018cbcc2fdf6,22.78,17.6,22.52,0.06,,17.56,3.95,9.48,21.02,1.31,16.24,,11.92,32.42,29.41,10.04,3.79,16.23,1.01,20.19,20,18.4,233.9,small,,,87,2233,1626,52,2026-04-09 20:01:40.281746+00,
Clarkston,GA,Georgia,United States,South,2026,1316544,14756,33.8134889,-84.2418503,30,1b4fdf42-621d-494c-b2f9-6f1193bcd1bc,32.79,16.37,8.93,,,12.65,5.76,8.83,,,12.31,0.11,7.33,26.18,38.05,,9.22,26.96,,20.17,20,5.9,58.4,small,,,72,2234,1627,58,2026-04-09 21:18:40.96194+00,
Monroe,NC,North Carolina,United States,South,2026,3743920,34608,34.9854,-80.5493,35,b130cbf3-fd64-4cec-8b70-6bbe56eb2d08,32.55,21.41,9.51,1.63,,13.73,,22.24,2.32,21.46,14.86,,13.15,23.01,14.52,,2.97,10.08,,20.1,20,42.2,540.8,small,,,41,2235,1628,30,2026-04-14 08:07:40.668767+00,
Albany,GA,Georgia,United States,South,2026,1301052,69647,31.5781167,-84.1762242,30,9608c730-5717-4ff2-bc5d-53c1b7ada3b6,29.28,17.17,20.4,,12.68,17.43,12.8,7.69,3.92,7.2,13.19,7.15,9.2,27.11,21.53,,12.88,18.2,2.18,20.06,20,264.8,798.2,medium,,,73,2236,548,14,2026-04-09 21:18:41.060573+00,
San Antonio,TX,Texas,United States,South,2026,4865000,1434381,29.4628094,-98.5246346,30,9105cccc-ff65-464c-8817-64087b5d2f7c,19.03,14.33,21.77,4.9,10.68,15.26,11.21,10.97,13.06,10.99,12.45,14.26,12.3,34.52,26.94,14.88,5.81,17.44,8.39,20.06,20,1204.1,9959.5,large,,,106,2236,61,2,2026-04-04 11:47:51.001275+00,
Boca Raton,FL,Florida,United States,South,2026,1207300,97418,26.3726899,-80.103711,30,21985c2b-bc1c-4cf1-b88a-afd5f5e01b22,24.09,17.52,19.45,18.67,19.05,18.62,4.88,4.81,6.09,13.12,14.54,10.65,9.22,24.39,23.12,10.1,4.03,13.79,6.83,20.04,20,163.5,566,medium,,,88,2238,549,32,2026-04-09 18:22:40.875163+00,
Manhasset,NY,New York,United States,Mid-Atlantic,2026,3644897,8176,40.7849771,-73.6948789,20,8480b7b3-a741-486c-bfe8-bdc0dc98f628,20.14,14.35,15.84,,,15.1,10,10.45,,2.61,18.69,,12.27,32.81,33.4,,13.63,25.8,9.68,20.03,20,4.4,62,small,,,46,2239,1629,40,2026-04-10 06:43:40.791515+00,
Edinburg,TX,Texas,United States,South,2026,4822660,100310,26.3017,-98.1636,30,e52c01a1-4ad3-4cc6-a023-f908c5320a67,23.16,15.31,20.18,,14.16,16.95,9.46,3.57,15.42,5.12,12.72,8.99,10.37,26.63,17.07,,,17.07,,19.99,20,59.7,866.1,medium,,,107,2240,550,21,2026-04-14 09:30:40.515444+00,
Auburn,CA,California,United States,Pacific,2026,603204,13776,38.8950746,-121.0767393,25,a616e460-6120-47af-8bb7-fcbe97846b14,31.71,20.2,19.59,,,19.9,,8.83,,13.35,17.14,,14.45,30.57,15.88,,11.97,14.38,4.57,19.97,20,137.8,47.4,small,,,353,2241,1630,191,2026-04-09 04:33:40.034888+00,
Socorro,NM,New Mexico,United States,Mountain,2026,3573540,8707,34.0545352,-106.9061995,30,3f3b6822-86dc-4e67-8a0d-e9034f4674e9,18.05,15.03,17.08,4.48,25.8,16.85,12.22,4.71,7.87,1.25,7.03,16.11,8.79,37.43,23.81,,20.66,22.6,,19.96,20,65.3,150,small,,,6,2242,1631,4,2026-04-11 01:30:40.16216+00,
Oceanside,CA,California,United States,Pacific,2026,653322,174068,33.2246006,-117.3062909,25,f6f72cef-1a4e-4f27-b9bc-03709024c74c,27.34,19.2,21.95,34.6,,22.33,7.09,4.61,10.19,5.78,12.21,9.64,8.99,26.4,29.07,10.6,6.52,16.97,9.2,19.92,20,767.5,349.8,medium,,,354,2243,551,150,2026-04-09 07:28:41.270054+00,
Totowa,NJ,New Jersey,United States,Mid-Atlantic,2026,3473140,11065,40.9037,-74.2248,25,66e08259-bd54-456e-b330-fb6d5f27d2d3,39.82,22.34,12.59,,,17.47,2.87,4.82,,17.17,2.87,,5.37,13.2,28.47,,,28.47,,19.92,20,66.7,35.1,small,,,81,2243,1632,66,2026-04-14 07:03:40.101717+00,
Normal,IL,Illinois,United States,Midwest,2026,1753234,52229,40.52014,-88.992234,30,5a1621ff-635c-4c3b-b320-ee1c3d5428d6,19.7,17.12,22.98,27.72,27,22.21,9.07,6.94,1.08,7.69,9.65,13.95,8,33.52,41.13,23.28,2.32,25.18,11.18,19.89,20,99.7,388.1,medium,,,49,2245,552,12,2026-04-08 22:48:41.628712+00,
Newport,RI,Rhode Island,United States,New England,2026,4449960,25163,41.4766815,-71.3196274,25,5b5a094d-50e2-4069-86ea-80f472fdf732,20.41,16.43,18.18,4.12,19.92,16.51,6.02,8.21,12.91,4.13,5.79,,7.61,33.37,36.4,,6.63,24.95,5.15,19.86,20,149.1,85.8,small,,,12,2246,1633,9,2026-04-14 08:06:45.016943+00,
Bryant,AR,Arkansas,United States,South,2026,509460,20663,34.5934,-92.4896,30,cf7d5ce3-4ab2-462b-83fd-468a0c9b539f,33.96,17.51,10.82,,,14.17,,16.76,5.82,2.96,4.73,,6.64,27.03,18.74,15.11,,17.05,,19.82,20,24.9,296.7,small,,,13,2247,1634,8,2026-04-14 04:33:40.351403+00,
Oyster Bay,NY,New York,United States,Mid-Atlantic,2026,3655992,7049,40.8680567,-73.5310531,20,33eb7564-c194-40b0-88d5-41c6cc534d06,22.09,18.73,10.38,,,14.56,10.36,17.65,,15.62,15.62,17.96,15,31.47,33,,17.24,26.94,12.01,19.77,20,0.9,41.8,small,,,47,2248,1635,41,2026-04-10 07:16:40.766095+00,
Centerton,AR,Arkansas,United States,South,2026,512820,17837,36.3551478,-94.2976921,30,bf2700df-950b-4522-8211-8d60e9e53f18,23.9,22.79,7.04,,,14.92,7.22,10.73,,16.18,12.15,,11.03,24.8,26.64,,,26.64,,19.76,20,30.1,269.7,small,,,14,2249,1636,9,2026-04-07 18:03:40.704466+00,
Avondale Estates,GA,Georgia,United States,South,2026,1304644,3567,33.7687314,-84.2647353,30,6cb47090-3d5a-4559-b761-162caba911b8,31.07,13.04,19.81,,,16.43,7.96,,,,,,7.96,15.62,32.77,,,32.77,,19.76,20,1.1,39.2,small,,,74,2249,1636,59,2026-04-09 21:04:40.91152+00,
Spartanburg,SC,South Carolina,United States,South,2026,4568290,38732,34.9456268,-81.925944,30,41af6abc-d188-4af0-a766-fcff8683b25b,20.7,13.28,15.28,8.83,5.3,11.94,11.85,14.92,6.25,5.54,16.66,9.61,11.27,36.72,38.31,13.98,5.85,21.68,1.42,19.73,20,144.4,438.1,small,,,18,2251,1638,13,2026-04-13 22:20:51.761475+00,
Gettysburg,PA,Pennsylvania,United States,Mid-Atlantic,2026,4228960,7106,39.8305967,-77.2341471,25,db067d42-9f2b-4370-b743-cf4ad90b8888,27.71,18.5,11.58,18.97,47.52,21.93,7.46,,17.75,10.21,3.18,5.98,8.62,40.51,12.11,,,12.11,10.4,19.72,20,28.7,20.4,small,,,95,2252,1639,83,2026-04-10 09:38:40.7291+00,
Brownsburg,IN,Indiana,United States,Midwest,2026,1808416,29086,39.8344356,-86.3856928,30,f01faeb3-4a2f-4a85-9018-13ca2b5e1d7e,25.66,12.8,15.36,,,14.08,7.38,6.45,7.78,2.79,8.47,,7.15,22.48,28.85,20.76,,25.07,,19.69,20,111.7,318.4,small,,,28,2253,1640,22,2026-04-09 03:07:40.406333+00,
Leominster,MA,Massachusetts,United States,New England,2026,2535075,43782,42.5208757,-71.7706106,25,37197091-0767-4679-86cc-66aedd7a7834,19.51,14.09,14.02,,,14.06,8.6,8.83,4.44,3.16,11.38,12.11,8.47,45.1,29.76,,4.44,20.02,1.61,19.68,20,75.6,401.2,small,,,89,2254,1641,80,2026-04-10 23:03:45.299098+00,
Elizabethtown,KY,Kentucky,United States,South,2026,2124274,31538,37.7040017,-85.8788809,35,dbbd9b7a-12ca-44cd-b8e8-51260c2d1695,24.08,15.05,7.53,6.4,,10.68,10.75,13.51,3.78,12.87,12.57,17.5,11.31,32.63,19.19,,3.73,13.24,,19.65,20,64,462.1,small,,,15,2255,1642,13,2026-04-08 21:20:40.62292+00,
Nacogdoches,TX,Texas,United States,South,2026,4850256,32147,31.6123641,-94.6520458,30,a3a18480-6bc2-4482-94be-0e281bdf1f5a,25.25,15.99,12.4,,39.65,19.85,20.5,,14.68,12.22,16.33,27.33,18.27,27.66,16.09,,,16.09,,19.65,20,23.1,403.6,small,,,108,2255,1642,85,2026-04-09 10:51:40.31506+00,
Victorville,CA,California,United States,Pacific,2026,682590,134810,34.5277346,-117.3535789,25,e98c1a22-18af-433f-9f3a-a3cd8bcb1ddd,29.09,19.92,16.31,1.79,,16.07,4.9,5.92,11.49,7.18,9.68,13.96,9.1,32.63,14.3,,6.96,11.48,15.01,19.63,20,851.4,351.5,medium,,,355,2257,553,151,2026-04-09 08:00:40.955212+00,
Stony Brook,NY,New York,United States,Mid-Atlantic,2026,3671608,13467,40.9078037,-73.127479,20,c74edc80-b051-417b-8851-e9be2d46c335,27.49,22.93,11.36,,13.61,16.36,18.14,18.5,,4.1,15.57,,15.05,19.9,22.25,,,22.25,,19.63,20,14.8,152,small,,,48,2257,1644,42,2026-04-10 06:15:40.572907+00,
Narragansett,RI,Rhode Island,United States,New England,2026,4448340,14532,41.3980437,-71.486262,25,814eb4e2-f154-4d83-9f83-dadf1d8ad979,34.66,21.96,6.93,,16.12,14.82,,,,10.18,8.11,,8.7,12.54,16.18,,,16.18,,19.61,20,239.3,80.5,small,,,13,2259,1645,10,2026-04-14 06:38:40.055765+00,
Boynton Beach,FL,Florida,United States,South,2026,1207875,80380,26.5283343,-80.080722,30,c969e3e2-6b8d-4dbf-878a-e461c920e619,22.28,17.5,13.51,,,15.51,9.6,6.09,5.76,9.65,13.83,5.71,8.96,22.39,27.72,18.03,3.92,18.38,4,19.59,20,83.6,470.5,medium,,,89,2260,554,33,2026-04-09 18:09:40.5404+00,
Troy,NY,New York,United States,Mid-Atlantic,2026,3675484,51401,42.7358118,-73.6753209,20,8b0f887a-84fc-4690-a2a9-a5646c720cc5,13.88,12.15,15.88,14.08,21.21,15.46,12.83,8.19,5.85,6.06,7.87,12.29,8.97,43.03,33.56,5.35,9.22,17.6,,19.59,20,68.1,247.1,medium,,,49,2260,554,2,2026-04-10 08:18:44.961772+00,
Lochbuie,CO,Colorado,United States,Mountain,2026,845530,8088,40.0091408,-104.7265046,30,65f4984f-6393-4e00-8e2c-82046693c551,28.71,24.88,17.29,,,21.09,,,,,,,,13.42,14.4,,,14.4,,19.55,20,10.8,91.3,small,,,70,2262,1646,54,2026-04-09 00:51:40.353542+00,
Westworth Village,TX,Texas,United States,South,2026,4878076,2585,32.761945,-97.4232569,30,c2401ab0-5b68-4485-a657-fe3794033931,40.75,13.64,10.02,,,11.83,,,,,3.95,,3.95,15.44,33.46,,,33.46,,19.53,20,21.2,31.8,small,,,109,2263,1647,86,2026-04-09 12:16:40.239545+00,
Port Washington,NY,New York,United States,Mid-Atlantic,2026,3659520,16753,40.8274515,-73.6800082,20,6141a243-33f7-4a23-b496-d7d8ab17ac2d,17.8,16.76,16.3,,,16.53,100,100,,7.53,7.12,12.02,42.92,38.6,40.92,,4.05,26.74,10.05,19.52,20,32.9,103.9,small,,,50,2264,1648,43,2026-04-10 07:03:40.325981+00,
Indianapolis,IN,Indiana,United States,Midwest,2026,1836003,887618,39.7766644,-86.1459355,30,f3c20106-4c9a-4c85-a3f8-2e399fd53bab,20.56,15.26,16.64,6.67,21.93,16.22,9.69,9.01,10.08,9.6,15.61,12.04,11.52,31.36,26.13,20.92,9.51,20.15,19.41,19.51,20,2485.4,6338.4,large,,,29,2265,62,1,2026-04-04 07:38:51.623755+00,
Catskill,NY,New York,United States,Mid-Atlantic,2026,3613002,3732,42.2149014,-73.8586739,20,5a06ae45-189f-4e17-92b4-7f28a831052b,31.72,16.72,34.01,,,25.37,7.66,,,11.25,9.51,,9.15,15.11,15.38,,21.22,17.63,,19.5,20,2,46.1,small,,,51,2266,1649,44,2026-04-10 06:35:40.535513+00,
O'Fallon,IL,Illinois,United States,Midwest,2026,1755249,32306,38.600006,-89.9154021,30,3d2fd586-0766-4131-92fb-82123a972c6c,24.7,16.55,14.31,,,15.43,,6.99,7.48,8.27,9.06,,8.13,21.37,23.03,,0.63,14.41,,19.49,19,37.8,368.1,small,,,50,2267,1650,38,2026-05-08 21:53:51.789075+00,
Burleson,TX,Texas,United States,South,2026,4811428,47739,32.516453,-97.3273736,30,7deba777-d5c9-402d-9143-ffe36b5dd2de,21.22,14.01,13.45,8.36,,13.06,3.06,8.51,,10.26,12.68,14.95,9.88,32.61,23.71,,,23.71,,19.49,19,39.4,552.2,small,,,110,2267,1650,87,2026-04-09 08:16:40.649761+00,
Euless,TX,Texas,United States,South,2026,4824768,61032,32.8493655,-97.0785915,30,b903e771-90e1-4d94-a29d-07feba7e1ecf,20.69,15.36,11.3,,,13.33,8.47,9.16,4.09,10.82,13.85,11.03,9.63,36.21,21.05,14.3,,17.9,,19.49,19,69.6,371.7,medium,,,110,2267,556,22,2026-04-09 09:24:40.939193+00,
Brooksville,FL,Florida,United States,South,2026,1208800,8890,28.5165785,-82.4046645,30,64cae31f-6cd8-4473-b2b9-5aec2fe6c03e,23.71,18.12,16.35,,,17.24,,,,12.45,22.23,,19.44,25.63,9.18,4.81,,7.14,,19.48,19,19.2,178.8,small,,,90,2270,1652,53,2026-04-09 18:32:40.817361+00,
Natick,MA,Massachusetts,United States,New England,2026,2543895,37006,42.2848223,-71.3488109,25,c1ff6dd7-dcd5-4b7b-9290-fd18e95c4bd5,23.22,17.64,16.74,,,17.19,,8.27,12.16,4.86,14.65,2.39,9.71,32.06,34.27,14.24,8.81,20.89,8.71,19.44,19,59.6,326.3,small,,,90,2271,1653,81,2026-04-10 23:14:40.302945+00,
Louisville,KY,Kentucky,United States,South,2026,2148006,386265,38.1653759,-85.6473774,35,fa61544c-8a74-4001-a50a-258bc3ff1696,26.17,19.81,14.57,11.75,26.31,18.47,13.35,8.92,10.66,9.21,13.4,15.12,12.23,21.89,17.03,21.77,6.31,16.01,,19.42,19,395.6,3734.3,large,,,16,2272,63,2,2026-03-31 03:02:52.715092+00,
Warner Robins,GA,Georgia,United States,South,2026,1380508,80330,32.5970961,-83.653936,30,5539d730-e1fd-49ee-92b4-30de7fb57885,26.48,18.72,13.64,44.32,6.23,17,6.63,,2.41,6.97,8.97,15.78,7.91,20.57,18.07,,19.44,18.6,0,19.41,19,36.7,865.8,medium,,,75,2273,557,15,2026-04-09 22:57:45.512392+00,
Fate,TX,Texas,United States,South,2026,4825572,17963,32.9492735,-96.3832105,30,72b42ff2-b578-4021-adfa-e8b6de0985e1,26.31,19.94,17.98,,,18.96,13.77,,,13.77,13.77,,13.77,10.09,34.98,,17.63,28.31,,19.4,19,42,252.8,small,,,112,2274,1654,88,2026-04-09 09:57:39.961074+00,
Lake Grove,NY,New York,United States,Mid-Atlantic,2026,3640530,11072,40.8578166,-73.1168438,20,2cb9cfd8-a40e-4272-a6df-34aaae4b9f9d,20.8,18.15,12.5,,,15.33,,,,,15.7,,15.7,32.16,15.58,,,15.58,,19.39,19,8.8,102.4,small,,,52,2275,1655,45,2026-04-10 06:38:40.415194+00,
Williamsville,NY,New York,United States,Mid-Atlantic,2026,3682084,5423,42.9582503,-78.7395198,20,7c1ed565-be66-418b-8049-ab98e607e1f8,21.92,18.86,12.83,,,15.85,,11.54,,9.64,,12.52,11.42,39.03,12.45,,,12.45,,19.37,19,2.4,39,small,,,53,2276,1656,46,2026-04-10 06:27:40.577452+00,
Albertson,NY,New York,United States,Mid-Atlantic,2026,3601011,5220,40.7737,-73.6473,20,068b42df-d34f-4a26-88e5-475428b033f9,19.28,17.88,11.66,,,14.77,,6.02,,,12.38,,10.56,34.78,25.89,,,25.89,15.27,19.35,19,1.1,33.2,small,,,54,2277,1657,47,2026-04-14 09:10:40.743113+00,
Lebanon,PA,Pennsylvania,United States,Mid-Atlantic,2026,4242168,26814,40.3411931,-76.422735,25,0a7b02b1-283c-4c88-98f2-959d0bdd715b,17.67,19.24,17.93,,,18.59,0.41,,26.25,,12.58,,13.04,21.02,27.9,,,27.9,,19.29,19,92.6,50.6,small,,,96,2278,1658,84,2026-04-10 09:41:40.187476+00,
Saratoga Springs,NY,New York,United States,Mid-Atlantic,2026,3665255,28491,43.0677039,-73.7781421,20,582f6eba-6007-426a-b0d1-6333f86f8714,23.2,15.9,11.11,17.83,3.97,12.03,13.5,6.24,11.97,5.18,12.59,,11.04,27.68,28.05,11.91,,20.52,3.24,19.27,19,78.8,375.5,small,,,55,2279,1659,48,2026-04-10 07:23:40.772587+00,
Asheville,NC,North Carolina,United States,South,2026,3702140,94589,35.5709722,-82.5527255,35,2a8620ec-613c-406e-99da-4230688620ef,23.83,17.09,6.98,9.32,23.74,14.1,8.62,4.15,11.56,8.45,15.15,6.25,10.02,35.27,17.43,,5.66,12.9,0.73,19.27,19,101.1,1185.6,medium,,,42,2279,558,10,2026-04-10 08:45:41.573941+00,
Siloam Springs,AR,Arkansas,United States,South,2026,564370,17308,36.1853822,-94.5300287,30,cb99a13d-9339-480e-885e-bc0f9f48dcbd,23.34,17.85,7.23,,27.55,15.88,2.98,15.44,0.59,1.62,8.79,,5.43,40.7,14.13,,,14.13,,19.26,19,37.6,239.1,small,,,15,2281,1660,10,2026-04-07 18:19:40.889745+00,
Tenafly,NJ,New Jersey,United States,Mid-Atlantic,2026,3472420,15409,40.9183086,-73.9505227,25,d797593f-b3ac-44f8-95e2-7d01234d9f48,27.16,23.26,14.81,,,19.04,,7.45,,8.97,8.94,,8.62,12.57,29.97,,,29.97,20.86,19.25,19,101.9,33.4,small,,,82,2282,1661,67,2026-04-10 08:11:40.198404+00,
Bristol,RI,Rhode Island,United States,New England,2026,4473760,11147,41.6787,-71.2698,25,f9866edb-7a7d-47cc-9d26-6dccf5dc294c,21.41,17,19.94,,,18.47,,,,7.69,9.3,,8.84,23.24,25.38,,,25.38,,19.25,19,87,33.6,small,,,14,2282,1661,11,2026-04-14 05:52:40.28025+00,
Macon,GA,Georgia,United States,South,2026,1349008,157346,32.8089903,-83.6940595,30,bd35cdf7-cc4f-48cb-bd49-8e6c44557b4d,26.94,19.55,13.73,11.85,8.33,14.5,8.89,15.86,6.32,9.64,13.5,1.75,9.23,22,16.25,,9.31,13.58,7.8,19.24,19,199.8,2556.8,medium,,,76,2284,559,16,2026-04-09 22:47:45.50211+00,
Owensville,MO,Missouri,United States,Midwest,2026,2955640,2717,38.3484381,-91.4973609,25,8168bfac-494c-4fe4-90a4-bc764dff8ba5,49.5,39.32,0,,,19.66,,,,4.32,4.32,,4.32,4.32,21.07,,,21.07,,19.24,19,58.3,13.5,small,,,43,2284,1663,31,2026-04-14 04:05:40.528113+00,
Easthampton,MA,Massachusetts,United States,New England,2026,2519365,16211,42.2654347,-72.6708131,25,09c0d65e-bd61-489c-a4a6-39c59afd82c6,23.52,23.49,13.92,,,18.71,,6.5,,,6.56,,6.54,23.85,35.65,14.64,4.62,20.54,,19.21,19,51.1,187.2,small,,,91,2286,1664,82,2026-04-16 02:35:40.687581+00,
Lone Tree,CO,Colorado,United States,Mountain,2026,845955,14253,39.5308513,-104.8709585,30,c6a149ab-0d39-4653-bc34-c4bbcba0058b,22.11,17.16,16.53,,,16.85,14.6,9.02,10.11,15.19,15.85,11.2,13.01,27.05,52.82,16.67,8.24,29.02,9.63,19.2,19,82.9,179,small,,,71,2287,1665,55,2026-04-09 00:47:40.368477+00,
Florence-Graham,CA,California,United States,Pacific,2026,624477,61983,33.9703,-118.2428,25,448184da-fafe-43e1-be03-6f513d1a02db,15.67,14.14,25.95,,,20.05,6.56,,,5.73,7.05,17.69,9,64.6,5.14,,5.11,5.13,3.33,19.17,19,109.2,50.8,medium,,,356,2288,560,152,2026-05-08 21:53:42.06217+00,
Longwood,FL,Florida,United States,South,2026,1241250,15098,28.7013955,-81.3483887,30,059fd152-a39d-4994-a5db-bbab3daccfde,30.25,19.78,4.11,,,11.95,,,9.85,,24.06,,17.74,29.63,12.99,,,12.99,3.33,19.15,19,13.2,151.3,small,,,91,2289,1666,54,2026-04-09 18:07:40.479425+00,
Fairmont,MN,Minnesota,United States,Midwest,2026,2720330,10487,43.6447886,-94.4640146,30,2ac29f6b-5268-428c-8491-0c298936273e,21.49,19.16,5.81,,,12.49,,10.69,13.19,,0,,6.74,11.57,38.88,,,38.88,,19.15,19,18.9,162.4,small,,,54,2289,1666,39,2026-04-10 13:10:40.551149+00,
West Chicago,IL,Illinois,United States,Midwest,2026,1780060,25614,41.8944695,-88.2211205,30,359227d2-188b-45e2-bae8-e3617e7b87d6,24.93,14.31,20.01,,,17.16,7.63,,,4.71,18.11,,11.86,25.36,20.84,14.76,6.68,15.17,5.73,19.12,19,79.6,214.6,small,,,51,2291,1668,39,2026-04-08 23:14:41.120345+00,
Kerrville,TX,Texas,United States,South,2026,4839040,24284,30.0383169,-99.1310688,30,439297d1-02bf-4d7b-a95f-87159db015ea,23.96,15.94,10.12,,28.74,16.52,5.59,2.5,6.24,3.22,5.84,29.38,8.81,39.52,27.53,5.72,2.1,13.54,1.01,19.09,19,64.5,383.5,small,,,113,2292,1669,89,2026-04-09 12:34:40.863159+00,
St. Cloud,MN,Minnesota,United States,Midwest,2026,2756896,68881,45.5266578,-94.1710067,30,f3fd4d13-0cfc-47b2-a4fe-2f3bf588d6b9,22.71,16.51,11.63,11.86,15.09,14.05,4.34,0.76,10.31,7.36,2.9,22.07,7.78,26.12,33.32,25.06,0.69,22.27,3.94,19.07,19,160.8,673.2,medium,,,55,2293,561,14,2026-05-08 21:53:55.034341+00,
Rock Hill,SC,South Carolina,United States,South,2026,4561405,75161,34.9382159,-81.0191766,30,2b151c9e-9650-4b06-a6a3-9acbe7ca847f,24.73,17.61,10.81,12.81,15.7,14.37,6.74,9.5,6.47,4.41,14.16,28.81,11.89,27.72,12.72,11.89,8.06,11.26,1.32,19.06,19,93.4,833.3,medium,,,19,2294,562,6,2026-04-13 21:26:40.683354+00,
Southampton,NY,New York,United States,Mid-Atlantic,2026,3668462,4566,40.8766173,-72.4030895,20,8027f92c-0cf5-4ec5-83b0-fce562835462,23.95,21.13,16.94,,,19.04,9.48,,14.5,7.21,6.13,,9.4,27.16,35.08,,26.53,31.79,3.67,19.05,19,39.8,80.1,small,,,56,2295,1670,49,2026-04-10 07:10:40.423736+00,
Little Rock,AR,Arkansas,United States,South,2026,541000,202615,34.7253928,-92.358556,30,ba66076f-4cf7-4bec-9e72-891c9cfa8b5b,21.6,14.24,16.61,5.18,10.24,13.36,6.95,7.06,5.49,7.01,10.81,9.03,7.95,30.3,27.06,11.89,2.94,15.72,4.05,19,19,328,2448,medium,,,16,2296,563,6,2026-04-08 02:41:06.240202+00,
Lakeland,FL,Florida,United States,South,2026,1238250,112641,28.0554961,-81.9547721,30,8079654a-5c5c-444a-915b-79d6403ce160,23.35,17.97,16.16,13.99,17.07,16.76,9.76,10.53,2.49,10.41,11.21,,8.64,24.89,15.56,15.83,8.72,13.94,0.63,18.98,19,116.8,1116.7,medium,,,92,2297,564,34,2026-04-09 20:01:42.582573+00,
Memphis,TN,Tennessee,United States,South,2026,4748000,629002,35.1091639,-89.9685113,25,e94b5de6-16b0-4125-adfd-a8fc59164550,23.9,13.55,24.71,12.17,9.02,16.41,8.27,4.83,11.18,6.37,9.93,11.47,9.21,29.91,18.22,13.06,9.13,14.14,14.39,18.96,19,4436.8,1936.6,large,,,27,2298,64,2,2026-04-01 02:52:32.277282+00,
Wildwood,NJ,New Jersey,United States,Mid-Atlantic,2026,3481170,5157,38.9875502,-74.8181879,25,d319f053-7d52-4356-b214-fee14ca6bbe3,24.51,16.63,3.51,,,10.07,7.93,3.49,,9.35,23.98,,13.64,52.56,12,,10.32,11.35,6.27,18.94,19,39.8,18.6,small,,,83,2299,1671,68,2026-04-10 09:16:40.706559+00,
Gurnee,IL,Illinois,United States,Midwest,2026,1732018,30706,42.3700848,-87.9368047,30,8cb7e4af-7a04-4f0e-9c7d-5906117a7ce4,27.46,14.54,9.41,,,11.98,1.66,12.12,,7.53,8.67,20.18,9.36,26.98,27.87,,20.46,25.02,2.43,18.92,19,47,296.6,small,,,52,2300,1672,40,2026-04-08 23:17:40.776644+00,
Larchmont,NY,New York,United States,Mid-Atlantic,2026,3641333,6630,40.9287,-73.7548,20,7f6b3606-5623-4ab3-ae83-431bd4524881,20.91,16.39,12.11,,,14.25,6.62,14.56,,6.52,9.23,,8.83,38.62,38.47,,8.05,26.77,8.99,18.91,19,7,41.3,small,,,57,2301,1673,50,2026-04-14 09:42:40.807889+00,
Cochituate,MA,Massachusetts,United States,New England,2026,2514570,6927,42.3277264,-71.3523132,25,f4b09b8c-aa60-4a5f-9c46-f3f284637893,25.77,19,14.15,,,16.58,,,,7.61,9.14,,8.7,8.82,36.15,,,36.15,,18.9,19,5.1,83.5,small,,,92,2302,1674,83,2026-04-11 00:34:40.704048+00,
Lynn,MA,Massachusetts,United States,New England,2026,2537490,101253,42.4747664,-70.9620346,25,2a391bcc-8d72-4d03-9dfd-11cc6326c9e0,17.5,13.14,33.95,7.34,,21.52,1.66,2.33,5.42,1.17,10.63,2.66,4.82,34.48,40.65,18.42,4.39,23.8,9.13,18.89,19,266.2,118.4,medium,,,93,2303,565,9,2026-04-10 23:04:42.644076+00,
Thomasville,NC,North Carolina,United States,South,2026,3767420,27163,35.8813077,-80.0815491,35,9420d877-bce6-4edb-bd37-4e3531fb5e37,21.27,14.29,7.7,1.27,,9.78,3.77,1.65,10.07,5.48,12.75,2.37,7.02,41.57,18,,,18,,18.89,19,15.4,370.7,small,,,43,2303,1675,31,2026-04-10 08:51:40.024243+00,
Waltham,MA,Massachusetts,United States,New England,2026,2572600,65218,42.3889211,-71.2422678,25,6dd5f3e1-76a5-43ed-81ad-7fbd248362f6,15.64,13.84,17.64,,18.79,16.42,5.96,9.16,5.74,9.19,12.65,3,7.79,37.7,32.07,10.1,,21.82,4.51,18.88,19,198.1,229.2,medium,,,94,2305,566,10,2026-04-10 23:58:40.999742+00,
Cumberland,RI,Rhode Island,United States,New England,2026,4420260,8140,41.9687,-71.4298,25,d170fe7b-049c-4023-a0e0-e4c050a3773c,38.18,34.11,7.93,,,21.02,,,,,8.97,,8.97,8.37,10.15,,,10.15,,18.88,19,61.3,15.5,small,,,15,2305,1676,12,2026-04-14 06:39:40.650183+00,
Cumberland Hill,RI,Rhode Island,United States,New England,2026,4420260,8140,41.9749598,-71.4600296,25,0252861d-ab45-44eb-b590-4d00c4734cc4,38.18,34.11,7.93,,,21.02,,,,,8.97,,8.97,8.37,10.15,,,10.15,,18.88,19,61.3,15.5,small,,,15,2305,1676,12,2026-04-14 06:54:40.56203+00,
Columbia,SC,South Carolina,United States,South,2026,4516000,137606,34.0405186,-80.9060995,30,9f26fb83-22a7-4c97-8138-49686e898e32,24.63,15.19,11.42,6.42,27.84,15.52,9.43,8.61,5.07,4.19,7.41,7.42,7.15,31.67,19.97,41.25,3.08,23.2,2.46,18.88,19,442.5,1422.5,medium,,,20,2305,566,7,2026-04-14 00:02:58.851434+00,
Columbia,IL,Illinois,United States,Midwest,2026,1715833,11013,38.4580565,-90.2160003,30,811b404d-b88a-440e-a8ad-bd18684ad8b7,24.61,16.02,,,,16.02,3.25,,,9.11,6.29,11.13,6.86,26.09,19.05,,,19.05,,18.87,19,36,162.7,small,,,53,2309,1678,41,2026-04-08 21:55:40.681682+00,
Waxahachie,TX,Texas,United States,South,2026,4876816,41140,32.40248,-96.8444932,30,7555409c-eace-4fed-8e68-984975b6d334,24.23,13.33,17.12,5.25,12.55,13.69,4.24,4.93,6.36,3.29,4.42,24.45,7.71,27.63,22.79,,5.33,16.07,,18.87,19,34.1,707.2,small,,,114,2309,1678,90,2026-04-09 11:48:40.419608+00,
Narragansett Pier,RI,Rhode Island,United States,New England,2026,4448700,3308,41.4269942,-71.4665251,25,7aae4b14-a092-448e-8c72-7c5653a6de2b,26.65,26.74,18.63,,,22.69,,,,8.78,8.78,,8.78,18.29,20.54,,,20.54,,18.86,19,50.6,30.2,small,,,17,2311,1680,14,2026-04-14 06:45:40.492225+00,
Aventura,FL,Florida,United States,South,2026,1202681,40218,25.9601599,-80.1330108,30,aac06edc-0b21-472f-a61b-2c3591735669,30.66,17.76,11.48,7.83,,13.77,5.8,7.88,1.14,14.38,31.61,0.82,11.64,31.77,19.63,,,19.63,1.98,18.84,19,16.8,53.6,small,,,93,2312,1681,55,2026-04-09 17:43:40.322778+00,
Huntington Beach,CA,California,United States,Pacific,2026,636000,198711,33.6980069,-118.0038344,25,ca440f50-62b5-46ee-bdd0-fa64d0e109c6,16.14,12.57,16.46,6.49,,13.51,4.53,9.6,6.06,7.84,13.68,,8.57,36.83,30.8,12.77,7.03,18.55,4.5,18.83,19,731.4,260,medium,,,357,2313,568,153,2026-04-09 06:46:41.283778+00,
Santa Rosa,NM,New Mexico,United States,Mountain,2026,3570670,2850,34.9360514,-104.675021,30,ae4e4df4-84d7-4f03-a941-f39d41fdcbaf,38.43,20.71,9.02,,,14.87,,,5.27,,11.76,,8.88,21.12,20.03,,11.92,16.91,,18.83,19,9.8,65.6,small,,,7,2313,1682,5,2026-04-11 01:57:40.165422+00,
Fort Lauderdale,FL,Florida,United States,South,2026,1224000,182760,26.1412269,-80.1467315,35,5ad59f50-7766-4f99-a998-e1a603f6540e,20.15,11.76,22.44,,3.1,13.99,2.84,5.03,3.26,14.65,12.83,,7.52,32.68,24.71,,6.39,17.66,13.99,18.78,19,440.5,854.5,medium,,,94,2315,569,35,2026-04-09 20:55:49.130617+00,
Columbus,GA,Georgia,United States,South,2026,1319000,206922,32.5101909,-84.8749462,30,914c3b22-d370-41ef-a88c-e49510b7f62c,23.37,16.6,16.72,6.05,7.4,13.75,10.35,10.76,11.56,6.87,13.9,,11.32,28.18,20.37,9.15,13.96,14.84,4.52,18.77,19,239.2,2512,medium,,,77,2316,570,17,2026-04-09 22:27:42.355223+00,
Billerica,MA,Massachusetts,United States,New England,2026,2505805,42119,42.5596744,-71.2609482,25,0658913b-cef7-4852-bef5-410c033e0f94,22.4,19.27,16.26,10.34,,16.84,,4.15,,10.57,5.13,,6.12,16.63,34.14,,,34.14,9.49,18.77,19,94.1,467.5,small,,,95,2316,1683,84,2026-04-10 22:21:40.542082+00,
Conway,SC,South Carolina,United States,South,2026,4516405,25055,33.8387,-79.0448,30,221d9cf7-aa1d-4f2f-9c48-78ef6a883b88,35.16,16.92,17.34,15.37,74.36,28.4,,,5.99,8.1,8.62,1.2,6.2,21.31,10.88,,4.39,8.38,9.01,18.77,19,26.4,386,small,,,21,2316,1683,14,2026-04-13 21:10:40.864752+00,
Covina,CA,California,United States,Pacific,2026,616742,51268,34.09,-117.8903,25,1a0c1de9-495d-4ddd-b28c-4e4307abd2b6,18.95,15.87,21.13,7.59,,17.14,4.82,1.86,3.75,6.28,11.64,8.53,6.72,45.44,17.12,,,17.12,1.29,18.75,19,175.9,73.3,medium,,,358,2319,571,154,2026-04-10 20:37:40.362318+00,
Idaho Falls,ID,Idaho,United States,Mountain,2026,1639700,65296,43.4896163,-112.0353398,35,a02e362f-1f24-4f63-aea5-083cf0b04472,17.37,12.69,13.34,7.92,3.29,10.56,11.31,11.08,12.81,3.15,6.02,16.48,10.22,39.82,33.15,8.1,,21.46,7.77,18.68,19,218.1,664.2,medium,,,13,2320,572,4,2026-04-07 00:22:51.371979+00,
Dania Beach,FL,Florida,United States,South,2026,1216335,31762,26.0572133,-80.1645851,30,550c482a-f244-460f-a9d9-d6e931f0ebe6,21.59,18.04,7.06,,,12.55,0.52,0,,4.93,25.1,,10.57,20.77,17.13,,,17.13,0.35,18.66,19,7.6,220.8,small,,,95,2321,1685,56,2026-04-09 18:24:40.090684+00,
Melbourne Beach,FL,Florida,United States,South,2026,1244000,3231,28.0668687,-80.559603,30,bd687289-f1a4-4956-b779-6199846f7fcc,27.13,24.09,13.77,,,18.93,,,,,,,,13.79,13.66,,,13.66,,18.58,19,1.9,37.9,small,,,96,2322,1686,57,2026-04-09 18:39:40.278615+00,
Ocala,FL,Florida,United States,South,2026,1250750,63676,29.1775097,-82.1510252,30,bb701a51-54d0-42e4-bdec-964fb7fad4a4,25.82,18.36,14.95,13.94,16.61,16.37,10.33,19.77,16.97,4.72,10.66,3.21,11.06,23.34,15.74,,1.21,10.15,0.03,18.58,19,51.2,978.2,medium,,,96,2322,573,36,2026-04-09 19:33:41.17585+00,
Sea Cliff,NY,New York,United States,Mid-Atlantic,2026,3666047,5062,40.8461577,-73.6504304,20,645e3771-0186-432b-8e59-04bea2d2d0f4,17.48,14.63,8.85,,,11.74,3.89,2.65,,,,,3.48,30.91,36.62,,,36.62,,18.58,19,1.3,48.4,small,,,58,2322,1686,51,2026-04-10 06:54:40.415947+00,
Demorest,GA,Georgia,United States,South,2026,1322304,2022,34.5635308,-83.5423108,30,436e6850-f70d-4671-b092-919070e5b69b,29.79,25.03,8,,59.28,26.02,,,,,,,,3.47,12.36,,,12.36,,18.55,19,0,40.5,small,,,78,2325,1688,60,2026-04-09 21:40:40.693384+00,
Hatch,NM,New Mexico,United States,Mountain,2026,3531820,1539,32.6731189,-107.1619929,30,f286e915-da93-430c-98d7-473ac673610b,25.98,17.04,7.23,,,12.14,,,,4.38,22.71,,17.47,30.44,8.78,,,8.78,,18.52,19,3.7,52.5,small,,,8,2326,1689,6,2026-04-11 02:48:49.25446+00,
Manhattan,KS,Kansas,United States,Midwest,2026,2044250,54100,39.1883066,-96.6058642,30,47798b70-23a4-4f8e-afa4-700384a7a18f,16.53,13.38,9.57,4.85,29.15,14.35,13.57,4.76,7.53,6.32,7.67,5.7,8.1,28.05,33.7,2.74,2.34,15.02,,18.48,18,143.9,467.6,medium,,,9,2327,574,6,2026-04-09 04:56:44.996777+00,
Fort Wright,KY,Kentucky,United States,South,2026,2128612,5851,39.0457545,-84.5360707,35,075bc4f8-a482-4df1-858c-a42d0ddf3cd7,38.3,17.14,3.43,,,10.29,1.54,1.57,,14.2,5.66,,5.08,32.91,19.15,,,19.15,3.99,18.41,18,3,70.1,small,,,17,2328,1690,14,2026-04-08 21:20:45.349917+00,
Pea Ridge,AR,Arkansas,United States,South,2026,554200,6633,36.4559,-94.121,30,6fa20498-56ac-43f6-a856-f486cb40ce39,28.06,21.53,14.04,,,17.79,8,,,,18.27,,13.71,24.62,8.06,,,8.06,,18.39,18,10.8,153.4,small,,,17,2329,1691,11,2026-04-14 04:34:40.156149+00,
Everett,MA,Massachusetts,United States,New England,2026,2521990,49075,42.4059375,-71.0546487,25,b50a9749-41c9-4910-a785-19d3556bb18b,11.5,8.5,15.5,,,12,,8.06,6.06,5.76,4.88,,5.87,49.95,27.02,8.83,,18.53,,18.38,18,80.6,56.6,small,,,96,2330,1692,85,2026-04-10 22:24:40.029443+00,
Sheridan,CO,Colorado,United States,Mountain,2026,869645,6105,39.6477575,-105.0174566,30,8dec6be2-92af-428d-b290-cd91e0c81a36,23.38,18.46,17.86,,,18.16,,0.1,,8.19,23.83,,15.08,30.66,33.17,11.94,,23.26,0,18.32,18,23.7,49.5,small,,,72,2331,1693,56,2026-04-09 01:15:41.071633+00,
Alexandria,MN,Minnesota,United States,Midwest,2026,2700928,14363,45.877178,-95.3769651,30,5da10f2a-61ec-4ed6-9507-634cd1d02490,22.41,15,6.81,,6.31,9.88,2.63,10.65,10.31,1.44,4.44,11.41,6.62,34.02,33.15,11.84,17.6,21.8,,18.32,18,42.7,262.6,small,,,56,2331,1693,40,2026-04-10 12:02:40.932111+00,
Cody,WY,Wyoming,United States,Mountain,2026,5615760,10028,44.5212417,-109.0574695,30,5f77c14e-bea8-422d-8722-f2f47aa0ccc5,17.56,14.07,12.99,4.67,,12.42,20.53,0.64,12.13,0.43,3.11,0.96,7.56,33.42,27.84,,,27.84,,18.3,18,19.4,168.2,small,,,4,2333,1695,4,2026-03-31 01:47:40.538442+00,
Marshall,MN,Minnesota,United States,Midwest,2026,2740688,13628,44.4490613,-95.7892011,30,49ef1eb1-231e-4379-95e9-e02ea1cc7f4c,15.74,11.06,14.93,,15.67,13.59,,1.8,7.6,1.77,12.65,13.74,8.88,32.57,32.13,19.47,,26.22,,18.27,18,57.9,196.5,small,,,57,2334,1696,41,2026-04-10 13:39:40.260292+00,
Alamosa,CO,Colorado,United States,Mountain,2026,801090,9806,37.4745281,-105.8769557,30,05dc2fa2-b9a2-4c6c-8d67-f6d43bfaea4d,16.77,12.46,12.34,,19.85,14.06,4.65,3.81,8.22,7.98,10.86,19.23,9.35,36.12,26.59,,7.28,19.16,,18.26,18,26.8,126.2,small,,,73,2335,1697,57,2026-04-08 23:45:40.552408+00,
Bloomington,IL,Illinois,United States,Midwest,2026,1706613,78680,40.4757767,-88.9699117,30,52369575-a387-46e2-973e-22bab4742711,19.74,11.03,10.8,,7.22,10.09,6.71,5.22,0.06,3.98,6.1,9.24,5.19,28.39,31.67,17.06,4.97,19.88,,18.21,18,158.8,690.6,medium,,,54,2336,575,13,2026-04-08 22:49:42.67263+00,
Bakersfield,CA,California,United States,Pacific,2026,603526,404322,35.3531712,-119.0379186,25,a9e5b665-1731-4e78-b383-4a0919f52538,25.52,17.37,21.49,12.27,12.96,17.42,4.44,7.93,7.32,12.06,18.77,13.24,11.03,19.59,19.67,10.71,4.47,12.73,2.46,18.2,18,2037.9,926.6,large,,,359,2337,65,14,2026-03-31 03:10:54.41399+00,
Hanover Park,IL,Illinois,United States,Midwest,2026,1732746,37470,41.9824853,-88.1428698,30,cd286a39-b83d-491b-b1c6-a3b538653297,22.71,15.9,18.55,,,17.23,12.56,,0.39,4.97,20.58,,10.98,26.37,32,21.02,6.19,21.7,4.07,18.19,18,21.6,199.1,small,,,55,2338,1698,42,2026-04-08 22:35:40.353176+00,
Wilmington,NC,North Carolina,United States,South,2026,3774440,115442,34.209225,-77.8857671,35,fa212ef7-89d1-454b-891e-56dca56bcdbc,21.48,15.78,11.06,10.45,17.62,13.96,6.44,8,4.36,4.71,12.51,5.57,7.39,30.68,18.73,15.42,,17.19,7.82,18.19,18,183.6,1131.6,medium,,,44,2338,576,11,2026-04-10 08:57:45.149919+00,
Waterbury,CT,Connecticut,United States,New England,2026,980000,114416,41.5585001,-73.0366845,25,3a4c2fa9-8850-4149-98a7-667b4d43856f,24.53,16.45,23.51,5.74,4.45,15.45,6.47,2.16,2.59,3.2,7.83,4.83,5.03,29.52,28.55,,2.54,18.55,0.43,18.17,18,503.4,231,medium,,,43,2340,577,13,2026-04-07 03:22:40.536613+00,
Crystal City,MO,Missouri,United States,Midwest,2026,2917632,4740,38.2227596,-90.3815022,25,4e0f6e12-feae-491b-b2e2-02900acf60e6,37.62,23.85,18.04,,,20.95,11.28,,39.59,1.03,11.28,,17.46,11.44,19.75,,,19.75,,18.16,18,48.1,20,small,,,44,2341,1699,32,2026-04-14 03:12:39.867667+00,
Gallup,NM,New Mexico,United States,Mountain,2026,3528460,21899,35.5137527,-108.7437327,30,1019dc51-4c32-4185-82c1-3679b8c076d3,25.95,11.27,20.73,,5.3,13.62,13.19,7.96,6.51,1.48,3.35,3.24,6.21,28.57,19,,,19,1.19,18.1,18,41.4,302.9,small,,,9,2342,1700,7,2026-04-11 01:51:41.530017+00,
Kings Park,NY,New York,United States,Mid-Atlantic,2026,3639672,17085,40.8869638,-73.245571,20,95c132c9-9a54-4867-8b50-16fb6dadf288,21.19,14.47,14.7,,,14.59,,,,,,18.47,18.47,31.01,21.6,9.45,,15.93,3.56,18.1,18,57.2,152.9,small,,,59,2342,1700,52,2026-04-10 06:05:40.015239+00,
Hudson,MA,Massachusetts,United States,New England,2026,2531575,15749,42.3920922,-71.5649489,25,ba711f29-9622-4aa5-8a64-234b69bdb78c,17.67,12.95,14.41,,,13.68,8.9,3.37,,4.42,9.48,4.45,7,37.15,30.79,,2.8,20.02,,18.09,18,23.3,131.2,small,,,97,2344,1702,86,2026-04-11 00:57:39.857384+00,
White Plains,NY,New York,United States,Mid-Atlantic,2026,3681677,59559,41.034,-73.7629,20,e50ff8e1-fae2-4d3c-80cc-c074798a5e3e,19.92,12.08,29.1,3.86,,18.5,5.18,2.4,11.69,3.75,7.8,,6.99,15.3,37.67,,,37.67,4.46,18.08,18,181.5,107.6,medium,,,60,2345,578,3,2026-04-14 09:09:40.370551+00,
Germantown,TN,Tennessee,United States,South,2026,4728960,41307,35.0819566,-89.7825836,25,7e4b0742-b795-46c9-9a7c-bae452193d48,30.83,15.9,20.78,,,18.34,4.71,4.88,1.58,5.73,4.16,,3.95,9.58,24.71,15.8,5.35,16.75,,18.07,18,370.3,118.8,small,,,28,2346,1703,14,2026-04-07 01:07:41.15972+00,
Middleborough Center,MA,Massachusetts,United States,New England,2026,2540885,7921,41.8942233,-70.9256887,25,03503b74-a90d-4bba-ac48-eae71ecf4d64,25.39,21.11,14.56,,,17.84,,,16.73,7.11,5.2,,9.74,13.04,30.03,,,30.03,8.56,18.06,18,3.4,75.9,small,,,98,2347,1704,87,2026-04-11 01:17:40.911054+00,
Bolingbrook,IL,Illinois,United States,Midwest,2026,1707133,73930,41.6874662,-88.1062146,30,477c73ae-2f3f-43e4-bb52-6e1c22458d53,16.97,13.75,16.63,,,15.19,6.16,4.31,13.76,6.57,14.69,8.86,10.07,29.21,37.11,11.72,5.08,20.22,,18.05,18,103.8,538.4,medium,,,56,2348,579,14,2026-04-08 22:14:45.422185+00,
LaGrange,GA,Georgia,United States,South,2026,1344340,30865,33.02698,-85.0382613,30,56bfbe90-cc39-414e-b0bd-b4c777410a21,26.69,14.36,9.9,,12.48,12.21,7.38,5.28,8.5,6.86,16.38,,9.98,25.77,10.22,11.72,2.72,8.87,,18.04,18,35.4,510.8,small,,,79,2349,1705,61,2026-05-08 21:53:48.259057+00,
Munster,IN,Indiana,United States,Midwest,2026,1851912,23894,41.54691,-87.5045891,30,ceb10d81-a543-420f-bc7b-95131e104ba5,20.98,14.68,10.01,,,12.35,9.52,4.04,11.79,16.08,5.39,,8.97,29,30.89,15.71,,23.81,14.24,18.02,18,27.6,200.2,small,,,30,2350,1706,23,2026-04-09 03:45:40.517713+00,
Wildwood Crest,NJ,New Jersey,United States,Mid-Atlantic,2026,3481200,3101,38.971526,-74.8373297,25,0565701c-0ce9-47d0-95f8-82fe80afa1dc,22.11,21.03,25.26,,,23.15,,,,,,,,8.62,27.44,,0.94,17.25,,18.01,18,38.4,15.4,small,,,84,2351,1707,69,2026-04-10 08:43:44.303227+00,
Milton,FL,Florida,United States,South,2026,1245750,10207,30.6327,-87.0397,30,0f7143d2-85b4-45ba-b7e6-32518cf95cf6,22.96,17.43,17.07,,,17.25,,,21.24,8.31,17.68,,17.27,20.88,14.07,,8.33,11.86,,17.99,18,37.3,117.3,small,,,98,2352,1708,58,2026-04-14 04:17:40.210616+00,
Sumter,SC,South Carolina,United States,South,2026,4570405,43511,33.940848,-80.3955428,30,5fa4a372-28b7-4a36-b523-d4c4a82fb3c2,26.62,15.68,8.36,4.77,7.68,10.43,19.89,3.72,1.02,8.14,7.94,0.51,7.43,21.18,14.47,14.99,63.08,26.8,,17.99,18,83.2,674.7,small,,,22,2352,1708,15,2026-04-13 21:42:45.667422+00,
Pilot Point,TX,Texas,United States,South,2026,4857476,4396,33.3982639,-96.9555279,30,42e198c0-31fa-458b-a2b2-da2749382cad,22.08,14.18,19.61,,,16.9,,,,14.01,10.42,16.35,12.92,27.67,1.01,,,1.01,,17.99,18,0.5,152.2,small,,,115,2352,1708,91,2026-04-09 11:18:40.519878+00,
Sugar Land,TX,Texas,United States,South,2026,4870808,111026,29.5927637,-95.6338008,30,4a34c391-63c9-4738-89a7-a5ad84ea2cb1,22.86,14.27,16.91,,9.21,14.17,10.71,8.57,12.7,7.38,10.91,11.1,10.67,24.13,27.24,16.19,3.93,17.55,,17.99,18,253.4,988.4,medium,,,115,2352,580,23,2026-04-09 11:53:43.122483+00,
Eastvale,CA,California,United States,Pacific,2026,621230,69757,33.9632744,-117.5823688,25,2e5cfe68-4edf-45e9-8f7f-225f5665f230,21.05,19.19,10.57,,,14.88,9.58,6.52,,14.27,15.9,,12.26,21.57,29.1,21.09,9.95,21.51,,17.98,18,293.4,109.1,medium,,,360,2356,581,155,2026-04-09 06:07:40.847707+00,
North Port,FL,Florida,United States,South,2026,1249675,74793,27.0581655,-82.1980437,30,698fef8c-fd47-42c3-8c4a-b71c60a3d24d,25.42,19.58,9.41,10.65,,14.01,6.85,1.49,89.34,5.25,15.99,,28.13,12.85,17.65,6.85,22,14.96,,17.97,18,93.4,1855.8,medium,,,99,2357,582,37,2026-04-09 18:53:40.932628+00,
Joliet,IL,Illinois,United States,Midwest,2026,1738570,150467,41.5168658,-88.1479628,30,b967ba72-c792-444f-b8ff-cec3b7e0fb78,18.69,14.9,14.29,6.92,5.21,11.95,4.87,12.31,5.72,11.22,11.73,4.16,8.03,24.81,26.15,13.97,3.9,16.32,2.26,17.94,18,222.9,1139.7,medium,,,57,2358,583,15,2026-04-09 01:52:42.813481+00,
New Albany,IN,Indiana,United States,Midwest,2026,1852326,37906,38.2856,-85.8241,30,42b07fc1-eb02-4181-ba63-c4b14f0f6baf,16.63,14.06,14.82,8.37,,13.68,8.33,6.53,8.95,8.7,15.77,14.3,11.07,37.04,18.03,9.89,9.55,13.06,,17.93,18,70.3,359.2,small,,,31,2359,1711,24,2026-04-14 04:47:40.675721+00,
North Tustin,CA,California,United States,Pacific,2026,652379,25718,33.77,-117.8103,25,5de73622-d393-404c-b595-ca97d4a7cb26,25.53,23.69,20.28,,,21.99,,,,,,,,3.3,12.71,,,12.71,,17.91,18,171.8,55.9,small,,,361,2360,1712,192,2026-04-10 21:45:40.658454+00,
Schererville,IN,Indiana,United States,Midwest,2026,1868220,29646,41.4851765,-87.443395,30,fdc56566-ed32-44fc-82b1-b54ca1dc5cb0,24.94,16.34,9.35,16.05,,13.25,21.37,14.22,,11.27,7.02,,13.2,20.78,20.56,13.61,,17.32,,17.89,18,28.1,281.9,small,,,32,2361,1713,25,2026-04-09 03:49:40.099114+00,
Mission,KS,Kansas,United States,Midwest,2026,2047225,9954,39.0267737,-94.6569615,30,960b44d0-0769-4687-9fcb-59e120595197,28.97,17.28,4.86,,,11.07,,9,,5.1,8.71,10.08,8.5,31.98,32.75,,5.9,22.42,9.55,17.89,18,11,97.8,small,,,10,2361,1713,4,2026-04-09 04:22:40.60706+00,
Jonesboro,AR,Arkansas,United States,South,2026,535710,78576,35.8197553,-90.6790329,30,e234a045-1b53-4b2b-9e43-6ef2ad52771a,26.64,17.87,12.14,,24.69,17.16,4.11,0.49,11.09,3.65,9.56,,6.88,24.63,12.6,7.38,6.16,9.16,8.56,17.88,18,134.1,1173.8,medium,,,18,2363,584,7,2026-04-07 18:37:41.405416+00,
North Little Rock,AR,Arkansas,United States,South,2026,550450,64591,34.7817525,-92.2350568,30,755b1bd2-f458-4dce-8b54-c3ce28d546bc,22.02,15.13,11.97,10.2,,13.13,7.59,11.35,19.45,9.78,11.6,8.43,11.69,20.84,17.61,7.03,,12.67,4.76,17.88,18,126.7,927.4,medium,,,18,2363,584,7,2026-04-07 18:43:52.667287+00,
Washingtonville,NY,New York,United States,Mid-Atlantic,2026,3678465,5657,41.4284811,-74.1585738,20,18b179fd-e076-4764-8ccb-a9f658d0611b,26.36,19.41,7.32,,,13.37,15.97,,,6.44,13.56,,13.14,17.67,21.84,,,21.84,,17.88,18,5.8,48.1,small,,,61,2363,1715,53,2026-04-10 07:20:40.563119+00,
Wheat Ridge,CO,Colorado,United States,Mountain,2026,884440,32398,39.7726754,-105.1048006,30,45847375-ae1a-4e82-882a-2cbdf6712ff7,15.49,13.99,17.19,,,15.59,12.41,11.79,7.46,3.25,11.02,7.58,9.37,37.21,28.66,10.7,,20.28,13.07,17.87,18,58.2,299.1,small,,,74,2366,1716,58,2026-04-09 01:26:43.63221+00,
Lafayette,IN,Indiana,United States,Midwest,2026,1840788,70806,40.3994104,-86.8628062,30,7adc83a7-0411-49b4-89a9-b3ecd1afc451,17.08,13.38,8.53,7.99,,10.58,11.89,10.72,11.48,8.36,13.21,15.19,12.16,37.71,19.13,13.18,8.21,14.32,10.63,17.87,18,133.1,644.2,medium,,,33,2366,586,7,2026-04-09 04:19:42.404963+00,
Blanco,TX,Texas,United States,South,2026,4808536,1676,30.0985938,-98.4171059,30,7d771a91-908d-4271-8450-db85d40ffe45,20.94,16.71,12.56,,,14.64,,,,,17.3,,17.3,19.17,18.38,,,18.38,,17.84,18,0.4,61.4,small,,,117,2368,1717,92,2026-04-09 10:29:40.007063+00,
Mansfield,TX,Texas,United States,South,2026,4846452,72602,32.5691876,-97.1205321,30,ea5e366a-d11c-45ae-b4be-823821931e73,22.32,16.64,17.75,,15.31,16.78,11.35,11.28,8.12,14.93,13.86,13.03,11.93,27.79,15.88,9.87,12.15,12.84,,17.84,18,95.5,772.1,medium,,,117,2368,587,24,2026-04-09 10:55:40.334474+00,
Maitland,FL,Florida,United States,South,2026,1242575,19540,28.6296254,-81.3729097,30,110aa35d-d80b-45a1-bbb3-6758e74ff09c,26.31,18.86,10.58,,11.27,13.95,,13.12,3.96,21.45,16.86,,13.02,12.16,25.32,,,25.32,8.91,17.81,18,18.9,148.8,small,,,100,2370,1718,59,2026-04-09 18:51:40.503429+00,
Lawrence,IN,Indiana,United States,Midwest,2026,1842426,49394,39.8659565,-85.9896462,30,d8b5b8d8-3a21-4906-8f67-2267b1dc696c,24.57,15.4,15.55,,,15.48,,7.02,15.78,8.81,5.22,6.08,8.7,20.41,25.45,11.98,,19.16,,17.81,18,159.6,329.8,small,,,34,2370,1718,26,2026-04-09 03:40:40.639088+00,
Fort Wayne,IN,Indiana,United States,Midwest,2026,1825000,263946,41.0881934,-85.1427915,30,386bf359-7daa-44dc-88a0-194d3fd42e7f,18.97,14.87,14.02,9.34,11.56,13.36,10.71,9.64,10.96,10.96,10.41,10.23,10.53,28.41,22.92,18.31,5.15,16.86,6.07,17.76,18,425.7,2532.5,medium,,,35,2372,588,8,2026-04-09 10:59:50.562012+00,
North Las Vegas,NV,Nevada,United States,Mountain,2026,3251800,262527,36.2898651,-115.0891808,25,992ed1d4-07eb-47c1-a388-363f591d4cbb,17.65,12.2,15.87,13.74,15.09,14.22,8.91,5.7,8.75,5.78,11.7,1.07,7.77,30.12,27.24,8.52,,18.5,,17.75,18,1164.7,586,medium,,,15,2373,589,5,2026-04-14 10:03:42.961281+00,
Centennial,CO,Colorado,United States,Mountain,2026,812815,108418,39.5908637,-104.8638076,30,ba242e42-1f44-4c00-9c51-c67b58f71117,17.34,14.76,13.53,,13.43,13.99,7.2,11.32,9.77,7.71,11.58,6.39,9.15,22.74,34.92,15.72,1.81,19.92,,17.73,18,238.9,885.8,medium,,,75,2374,590,14,2026-04-09 01:15:42.781605+00,
Largo,FL,Florida,United States,South,2026,1239425,82641,27.9086854,-82.7741742,30,629057a2-6b72-4024-847d-b18b1ebe866a,18.01,15.33,8.56,0.18,10.29,10.44,13.78,7.83,12.77,6.82,14.96,13.97,12.61,33.24,15.54,9.35,5.24,10.8,,17.72,18,35.8,572.1,medium,,,101,2375,591,38,2026-04-09 19:45:45.705487+00,
Franklin,IN,Indiana,United States,Midwest,2026,1825450,25429,39.4953691,-86.050234,30,dab918ef-0869-4cd6-b967-7de2daac443e,28.3,15.21,10.49,,15.02,13.33,,8.16,,6.05,8.2,5.25,7.1,25.85,17.29,6.16,5.33,10.4,,17.71,18,84,255.3,small,,,36,2376,1720,27,2026-04-09 03:30:44.992791+00,
Medford,MA,Massachusetts,United States,New England,2026,2539835,59659,42.4238438,-71.1092309,25,c58695e5-880d-4b21-80b8-9527ded379a6,15.82,12.59,16,,21.19,15.83,4.76,11.48,5.23,6.99,10.19,11.32,8.09,40.14,32.49,,3.37,21.29,6.71,17.71,18,258.8,106.5,medium,,,99,2376,592,11,2026-04-10 23:15:41.305334+00,
Carrollton,TX,Texas,United States,South,2026,4813024,133434,32.9893856,-96.8999404,30,91e8afd6-3279-453f-a711-842101e3a6c7,16.86,13.49,15.09,,,14.29,4.5,11.7,8.48,13.86,15.82,14.82,11.33,31.46,21.99,14.22,6.34,15.36,9.25,17.71,18,134.8,920,medium,,,119,2376,592,25,2026-04-09 08:49:41.538581+00,
Pompano Beach,FL,Florida,United States,South,2026,1258050,112039,26.2416215,-80.1338515,30,15b2dc6c-0423-4d68-b93e-10a8fa2294eb,20.86,14.31,13.39,,,13.85,2.84,2.7,,6.03,11.32,25.88,10.19,25.13,21.02,,7.51,15.82,5.1,17.69,18,95.5,694.6,medium,,,102,2379,594,39,2026-04-09 20:31:42.380205+00,
Ruidoso,NM,New Mexico,United States,Mountain,2026,3565210,7679,33.3495494,-105.6688089,30,f8d56d72-1ec5-4475-baca-a6631c02ee54,24.21,21.03,10.08,,,15.56,,,10.75,10.23,9.75,,10.2,19.68,13.72,,,13.72,,17.67,18,56,320.8,small,,,10,2380,1721,8,2026-04-11 00:53:40.308927+00,
Hempstead,NY,New York,United States,Mid-Atlantic,2026,3633139,59169,40.7043737,-73.6194451,20,6c4b1969-a2e7-45f1-8d65-8c702bb6b5e9,9.36,8.17,18.81,,,13.49,7.53,13.25,,12.22,10,3.68,8.88,45.99,27.15,,,27.15,5.4,17.66,18,14.1,161.9,medium,,,62,2381,595,4,2026-04-10 06:19:40.410976+00,
Kemp,TX,Texas,United States,South,2026,4838788,1129,32.4373791,-96.2260173,30,a011eccd-334b-4423-97d7-07aa63d52053,27.11,21.62,15.07,,,18.35,,,,,15.97,12.36,14.62,10.17,19.31,,,19.31,,17.61,18,0.1,65.7,small,,,120,2382,1722,93,2026-04-09 10:07:40.033974+00,
Lombard,IL,Illinois,United States,Midwest,2026,1744407,44478,41.8738441,-88.0154914,30,f0bb5df6-9793-4048-a003-3c44f30d675d,19.04,14.99,16.87,,,15.93,0.74,12.68,,5.46,12.48,,7.82,35.83,22.71,8.54,9.33,14.41,0.68,17.59,18,36.9,298.1,small,,,58,2383,1723,43,2026-04-08 22:14:41.141622+00,
Heber Springs,AR,Arkansas,United States,South,2026,531090,6969,35.499554,-92.0293387,30,5abdb7eb-1a6b-4038-9dd0-f623c5966de4,25.48,19.02,9.62,,19.79,15.54,,,21.61,,9.85,,15.08,22.89,8.85,,5.3,7.48,,17.55,18,16.6,176.8,small,,,20,2384,1724,12,2026-04-07 18:11:41.411878+00,
Winston-Salem,NC,North Carolina,United States,South,2026,3775000,249588,36.1028627,-80.2608286,35,491ba23c-ed97-4519-9a54-f93c22589b1e,23.29,14.11,13.17,6.25,15.17,13.21,7.65,8.48,11.86,6.89,12.22,6.46,9.46,23.94,15.54,11.53,12.25,13.31,0.81,17.51,18,255,2743,medium,,,45,2385,596,12,2026-05-08 21:53:58.98526+00,
Woonsocket,RI,Rhode Island,United States,New England,2026,4480780,43240,42.0017078,-71.4999468,25,6f5b5a16-c142-4886-b3f1-fa2eab2d0f7e,20.07,11.6,39.78,,,25.69,8.5,,14.15,5.94,,13.3,10.95,17.64,30.7,,1.37,19.42,1.88,17.46,17,178.3,72.6,small,,,18,2386,1725,15,2026-04-14 06:49:40.496707+00,
Cicero,IN,Indiana,United States,Midwest,2026,1812646,8017,40.2738679,-86.0467368,30,09378194-d47e-4188-9429-ad1db953af80,21.76,16.51,4.31,,,10.41,,6.25,6.25,7.18,9.16,,7.51,16.27,14.38,,2.83,9.94,,17.42,17,120.8,259.7,small,,,37,2387,1726,28,2026-04-09 03:33:40.107524+00,
Lancaster,TX,Texas,United States,South,2026,4841212,41275,32.5962025,-96.773789,30,581357b4-391e-40b3-bcc7-448f312f1e87,19.94,16.37,16.46,3.08,,14.75,8.28,15.65,25.8,21.33,16.33,,17.17,26.35,13.08,1.72,6.05,7.35,,17.42,17,48.1,424.1,small,,,121,2387,1726,94,2026-04-09 09:53:40.132036+00,
Port Jervis,NY,New York,United States,Mid-Atlantic,2026,3659388,8775,41.378021,-74.6908016,20,f19294fc-f00b-4e39-a040-36b77ac380af,16.63,13.86,5.35,,,9.61,1.78,,16.46,7.02,15.37,5.44,10.01,37.77,23.45,,15.37,20.34,15.37,17.41,17,24.5,64.3,small,,,63,2389,1728,54,2026-04-10 06:59:39.936983+00,
Woodstock,IL,Illinois,United States,Midwest,2026,1783349,25630,42.3095416,-88.4353416,30,d61e54b0-feba-4876-9da2-5783b7a360f1,20.17,14.7,15.35,,,15.03,11.52,6.1,0.62,6.44,6.83,,6.34,21.76,32.85,,,32.85,2.05,17.38,17,29,239.4,small,,,59,2390,1729,44,2026-04-08 23:10:40.845047+00,
Lowell,IN,Indiana,United States,Midwest,2026,1845144,10694,41.2905083,-87.4199268,30,4723c866-a2dd-4a26-9926-f5bd5ca6f58a,24.55,17.74,13.67,,,15.71,,2.31,,10.75,8.47,10.75,8.39,28.86,15.8,,,15.8,,17.38,17,4.3,118.2,small,,,38,2390,1729,29,2026-04-09 03:47:40.850439+00,
Williamstown,NJ,New Jersey,United States,Mid-Atlantic,2026,3481380,15082,39.6842008,-74.9686744,25,c3447cd0-8ef6-4d48-801d-f9a47a34ce9c,29.78,23.09,16.61,,,19.85,,,,6.04,7.55,,7.12,24.94,6.46,,,6.46,,17.37,17,108.3,37.5,small,,,85,2392,1731,70,2026-04-10 08:39:40.062334+00,
Bath,NY,New York,United States,Mid-Atlantic,2026,3604759,5571,42.3360928,-77.3168595,20,0ce0e844-82b9-489a-aa58-5c0915117e76,23.99,21.07,16.53,,,18.8,,,,9.84,11.45,,10.99,20.05,24.39,,,24.39,7.93,17.37,17,14.5,59.7,small,,,64,2392,1731,55,2026-04-10 05:56:40.636111+00,
Placentia,CA,California,United States,Pacific,2026,657526,52738,33.8722,-117.8703,25,5ef4a0b4-c278-42a2-a504-561765d69d57,23.78,15.61,25.09,,,20.35,,6.72,6.33,3.1,3.99,,4.99,19.06,19.94,,,19.94,,17.36,17,198.5,65.1,medium,,,362,2394,597,156,2026-04-10 21:55:40.242042+00,
Rowlett,TX,Texas,United States,South,2026,4863572,62535,32.9159261,-96.5485867,30,892fa0e8-88d1-455a-bbd4-eba7e4bf6afc,21.16,18.33,11.95,,,15.14,6.47,12.67,13.05,9.83,11.1,5.02,9.68,23.4,27.69,,3.97,18.57,0.66,17.36,17,69.2,523.4,medium,,,122,2394,597,26,2026-04-09 11:41:45.144784+00,
Satellite Beach,FL,Florida,United States,South,2026,1264400,11226,28.1787326,-80.5994021,30,4b2575dd-ce4a-4a81-be01-e62324a64afa,23.21,20.08,13.45,,,16.77,,,,6.37,5.02,,5.41,6.37,29.45,,,29.45,,17.35,17,9.3,98.6,small,,,103,2396,1733,60,2026-04-09 19:58:40.239609+00,
Farmington,NM,New Mexico,United States,Mountain,2026,3525800,46624,36.7538325,-108.1805302,30,ababc298-0924-451c-bbaa-4e9241abbf48,19.24,15.59,12.99,10.44,,13.81,8.7,3.33,6.16,3.92,7.82,7.45,6.77,26.62,21.72,100,1.22,43.99,,17.34,17,114.3,598.7,small,,,11,2397,1734,9,2026-04-11 03:04:43.585604+00,
Taylor,TX,Texas,United States,South,2026,4871948,16267,30.5702,-97.4097,30,df0fe858-030e-4916-9b27-33b0117c5e9f,15.71,14.48,18.21,0.72,,14.39,14.37,11.77,12.83,9.82,17.7,8.99,13.37,31.8,33.02,12.64,,23.51,3.2,17.31,17,43.7,291.1,small,,,123,2398,1735,95,2026-04-14 10:09:41.200177+00,
Houston,TX,Texas,United States,South,2026,4835000,2304581,29.7857435,-95.3888059,30,75cb8190-10c7-43cf-b2df-ea77dc82011b,17.46,12.21,14.88,5.79,10.26,12.11,10.67,9.11,9.88,10.32,12.95,11.49,11.01,36.63,21.15,11.81,6.41,14.2,7.47,17.3,17,1904.2,14838.5,large,,,124,2399,66,3,2026-04-14 03:33:05.613906+00,
Greensboro,NC,North Carolina,United States,South,2026,3728000,299583,36.0948502,-79.8236236,35,fc795e48-862e-4260-b131-5a527d203858,19.6,13.16,10.97,8.33,14.74,12.23,7.8,5.82,2.47,5.22,12.12,5.66,7.04,29.84,17.06,8.63,6.4,11.44,0.89,17.25,17,326.5,2819.8,medium,,,46,2400,599,13,2026-04-10 13:54:46.193567+00,
Tavares,FL,Florida,United States,South,2026,1271225,19018,28.7658753,-81.7563845,30,8a21738c-9bab-4c0d-92df-a4b52d1a9f8e,28.72,12.72,5.69,3.06,,8.44,9.54,,16.1,5.93,14.22,19.79,13.61,20.81,15.86,10.23,,13.23,,17.24,17,37.9,198.5,small,,,104,2401,1736,61,2026-04-09 20:04:39.958482+00,
Canandaigua,NY,New York,United States,Mid-Atlantic,2026,3612144,10576,42.8889987,-77.2803208,20,1c0a319d-1e62-45cc-9322-fdc23b29d8f3,22.85,21.41,10.63,,,16.02,7.22,,11.59,9.33,5.83,,8.2,30.29,21.6,,,21.6,7.38,17.22,17,11.5,83.6,small,,,65,2402,1737,56,2026-04-10 05:46:41.571314+00,
Delray Beach,FL,Florida,United States,South,2026,1217100,66834,26.455903,-80.0904197,30,2caaa054-3b53-46f3-9401-c3e5cb4948ea,18.38,15.66,10.05,,,12.86,7.13,14.2,11.39,12.66,20.14,100,26.43,28.95,18.9,13.12,3.14,12.94,4.14,17.19,17,60.5,475.9,medium,,,105,2403,600,40,2026-04-09 18:42:41.718782+00,
Fayetteville,NC,North Carolina,United States,South,2026,3722920,208501,35.0827658,-78.9735152,35,ed51f9b3-0ff7-4980-afb3-f60e9eb170b3,23.53,16.41,14.55,8.42,17.5,15.18,6.66,3.45,7.88,6.74,12.01,,8.15,22.19,16.35,7.53,12.93,12.41,1.34,17.17,17,266.2,2412.3,medium,,,47,2404,601,14,2026-04-10 10:08:41.590285+00,
Falconer,NY,New York,United States,Mid-Atlantic,2026,3625164,2269,42.1237,-79.1998,20,fc67e270-c75c-4737-b428-50484cd87b0a,25.92,25.07,9.55,,,17.31,,,,6.21,6.37,,6.32,27.87,11.28,,,11.28,,17.04,17,2.1,27.7,small,,,66,2405,1738,57,2026-04-14 08:54:39.784628+00,
Brighton,CO,Colorado,United States,Mountain,2026,808675,40083,39.965699,-104.7941699,30,b681fde7-f714-47d5-9c09-89a2a14927cf,14.97,13.6,20.58,12.61,,16.53,4.12,8.13,9.16,6.86,9.01,2.72,6.82,23.71,30.13,17.31,,24.15,,17.02,17,132.2,446.6,small,,,76,2406,1739,59,2026-04-09 00:17:42.91647+00,
DeLand,FL,Florida,United States,South,2026,1216875,37685,29.0226626,-81.2864978,30,7b589589-a85d-4d35-95d9-318c3134efdb,21.88,15.28,6.59,7.93,13.06,11.06,3.38,0.08,3.83,3.04,5.48,,3.68,18.12,24.26,,45.07,32.26,8.67,17,17,32.3,480.6,small,,,106,2407,1740,62,2026-05-08 21:53:45.756325+00,
La Porte,IN,Indiana,United States,Midwest,2026,1842246,22468,41.6060718,-86.7136794,30,3c5dd356-d866-41c6-9021-f4034fe6ad11,12.9,9.43,7.46,,,8.45,17.48,10.6,8.55,9.78,5.93,18.22,11.46,35.27,29.34,,2.28,18.93,,16.99,17,68.1,239.7,small,,,39,2408,1741,30,2026-04-09 03:45:45.026551+00,
Glenarden,MD,Maryland,United States,Mid-Atlantic,2026,2432500,6402,38.9292879,-76.857691,30,6aa95758-c996-4d70-94a6-3e3f3432eb74,25.82,16.75,6.25,,,11.5,,,,,8.44,,8.44,30.52,7.57,,,7.57,,16.97,17,4,39.3,small,,,60,2409,1742,44,2026-04-10 00:50:40.634265+00,
Taunton,MA,Massachusetts,United States,New England,2026,2569170,59408,41.9033244,-71.0949874,25,37d2edb2-df22-4bcf-b702-02a01c6d80eb,24.64,20.61,17.08,5.11,,17.13,,4.37,4.77,5.63,4.02,,4.55,11.78,16.77,,,16.77,0.55,16.95,17,157.7,491.4,medium,,,100,2410,602,12,2026-04-10 23:52:40.811744+00,
Goldsboro,NC,North Carolina,United States,South,2026,3726880,33657,35.3782262,-77.9718688,35,c32bf146-f5ec-43d6-a755-397e3962b0f9,21.65,14.24,9.8,20.51,,13.08,7.87,5.52,14.74,5.82,10.69,12.67,10.23,27.82,20.07,20.61,,20.32,2.78,16.94,17,82.8,517.2,small,,,48,2411,1743,32,2026-04-10 09:03:40.755701+00,
Evans,CO,Colorado,United States,Mountain,2026,825280,22181,40.3501648,-104.7483547,30,87644ee8-5dcd-42be-adf7-5b90028f87c3,18.65,15.66,10.49,,,13.08,14.58,,,12.04,,8.91,12.13,23.8,18.04,,2.87,12.21,,16.91,17,25.6,198.8,small,,,77,2412,1744,60,2026-04-09 00:48:40.384203+00,
Carterville,IL,Illinois,United States,Midwest,2026,1711514,5850,37.7627982,-89.0844812,30,52058750-f49b-4a6e-af29-089b1dcb65d7,27.89,24.91,12.9,37.41,,21.22,,1.04,,,9.53,,7.1,18.06,13.9,,4.26,10.19,,16.91,17,11.2,109.5,small,,,60,2412,1744,45,2026-04-08 21:40:40.973989+00,
Macomb,IL,Illinois,United States,Midwest,2026,1745889,15051,40.4701494,-90.6831138,30,bef4855e-f606-47b6-bbe5-65553b0f4147,19.91,11.69,5.26,3.89,45.99,15.52,22.51,5.22,3.39,0.49,10.27,6.83,9.34,19.59,33.66,,,33.66,0.32,16.91,17,45.7,147.6,small,,,60,2412,1744,45,2026-04-08 23:24:40.118066+00,
Randleman,NC,North Carolina,United States,South,2026,3755080,4595,35.8187,-79.8023,35,31dd9aba-56e1-492c-ac8e-6035bc45e3bd,29.33,20.5,14.31,,,17.41,,22.09,,7.19,14.12,9.37,13.11,11.61,8.71,,,8.71,,16.91,17,1.9,71.9,small,,,49,2412,1744,33,2026-04-14 07:46:40.176043+00,
Keene,TX,Texas,United States,South,2026,4838548,6473,32.3961315,-97.3234894,30,d75b61bc-3cc9-4d30-9d38-016d31c4e5cf,21.59,15.64,19.57,,26.46,19.57,,,,11.7,,10.18,10.79,24.49,10.27,,,10.27,,16.9,17,0,103,small,,,125,2416,1748,96,2026-04-09 10:21:40.611807+00,
Corpus Christi,TX,Texas,United States,South,2026,4817000,317865,27.7542524,-97.1733853,30,15a40670-fe04-422d-843b-41b2f23d4ac4,17.06,11.37,15.92,10.52,13.17,13.24,5.39,6.68,5.82,8.01,7.71,10.59,7.23,26.63,24.52,0.92,4.94,11.37,2.25,16.88,17,234.6,2893,large,,,126,2417,67,4,2026-03-31 02:38:52.771175+00,
Columbia City,IN,Indiana,United States,Midwest,2026,1814716,9892,41.163051,-85.4787507,30,f88efa2d-0ea1-4c37-86da-02a9ec0048b0,22.25,17.81,6.5,,,12.16,6.08,5.21,9.55,11.78,16.96,4.96,9.81,27.61,24.43,,2.21,15.88,,16.86,17,16.6,119.3,small,,,40,2418,1749,31,2026-04-09 03:28:40.1413+00,
La Grande,OR,Oregon,United States,Pacific,2026,4140350,13026,45.3244714,-118.0868913,25,9c079d47-92f3-401b-a920-ac3362b1b951,27.69,18.36,24.64,,20.34,21.24,12.97,17.63,19.42,1.58,4.77,16.26,12.03,18.22,23.91,,3.09,15.9,3.09,16.83,17,100.6,53,small,,,43,2419,1750,31,2026-04-08 01:36:40.183487+00,
Riverside,IL,Illinois,United States,Midwest,2026,1764421,9298,41.8309556,-87.8158544,30,2cd07dcc-fa41-4680-a65e-2574e4d3cbb2,18.46,15.39,12.7,,,14.05,5.81,5.81,,,10.59,,7.98,28.27,46.47,,2.66,29.62,4.37,16.81,17,3.8,63.1,small,,,62,2420,1751,47,2026-04-08 23:32:40.661796+00,
Temple,TX,Texas,United States,South,2026,4872176,82093,31.1049362,-97.3885117,30,2747798c-16f3-49fe-a2be-1cce92c7a5c3,19.13,13.67,13.95,11.53,9.12,12.64,7.06,8.97,12.24,7.87,8.29,10.57,9.2,26.6,22.85,24.66,15.08,21.54,0.6,16.8,17,124.5,1234.3,medium,,,127,2421,603,27,2026-04-09 13:48:41.596616+00,
Highlands Ranch,CO,Colorado,United States,Mountain,2026,836410,103444,39.5408294,-104.971077,30,216403bf-1adf-4cc8-8998-aa792dee3e42,17.03,13.66,20.17,,,16.92,4.96,4.28,8.22,7.18,7.51,5.97,6.56,15.63,44.52,27.43,9.57,29.8,8.49,16.79,17,282.7,657.7,medium,,,78,2422,604,15,2026-04-09 00:54:40.46724+00,
Decatur,TX,Texas,United States,South,2026,4819528,6574,33.2259222,-97.586986,30,5908fa66-b827-463a-b856-0a1575b2fa0f,18.95,15.07,10.9,,,12.99,,,10.07,8.91,6.98,8.88,8.55,27.87,19.43,,,19.43,,16.79,17,8.1,150.1,small,,,128,2422,1752,97,2026-04-09 09:11:40.781195+00,
Monticello,AR,Arkansas,United States,South,2026,546580,8442,33.624778,-91.7937218,30,f974fea4-caac-4299-a20f-44ee394c25a8,25.72,15.43,7.63,,64.18,23.23,,,0,6.12,10.27,,5.78,23.07,18.44,,11.04,15.59,,16.78,17,3.6,173.8,small,,,21,2424,1753,13,2026-04-07 18:00:45.029597+00,
Irmo,SC,South Carolina,United States,South,2026,4535890,11562,34.1025997,-81.1958966,30,7e4dc4f4-06a2-4b3c-8ba8-1a2ba7807bf0,20.39,13.73,10.5,21.32,,13.27,16.51,7.91,,12.63,9.11,9.07,11.24,25.88,16.17,,,16.17,,16.76,17,9.2,150.7,small,,,23,2425,1754,16,2026-04-13 21:07:40.557664+00,
Kansas City,KS,Kansas,United States,Midwest,2026,2036000,156607,39.1225389,-94.7417813,30,70aa0d48-23cb-4e3d-bccd-89667ea58fdb,18.17,14.11,21.28,13.02,,17.11,5.34,8.6,9.43,7.15,10.66,6.41,8.16,26.65,19.21,10.84,6.64,13.14,4.08,16.74,17,223.7,1949.6,medium,,,11,2426,605,7,2026-04-09 05:57:42.802345+00,
Milford,MA,Massachusetts,United States,New England,2026,2541200,26971,42.1506639,-71.5177827,25,57b6bef6-364d-4761-bb3e-b050983eb2e9,17.84,10.95,17.03,,,13.99,10.55,7.08,6.55,3.87,12.25,6.49,8.55,29.54,32.94,4.93,1.88,15.37,,16.71,17,29,227.2,small,,,101,2427,1755,88,2026-04-11 01:15:44.804766+00,
Hibbing,MN,Minnesota,United States,Midwest,2026,2728790,16214,47.3959021,-92.9464664,30,24258a71-ef7f-488b-a54a-8deae0872bb6,19.31,11.2,0.97,7.33,,6.24,,,3.63,,6.55,,5.25,15.68,26.64,7.15,46.73,24.84,,16.71,17,63.6,641.9,small,,,58,2427,1755,42,2026-04-10 12:15:40.355782+00,
Hendersonville,NC,North Carolina,United States,South,2026,3730720,15145,35.3233526,-82.4558398,35,5ca34a51-5681-4b21-9bae-69bde5f2e858,24.25,13.47,5.73,,,9.6,4.59,,1.74,3.63,13.27,5.94,6.49,23.37,17,,,17,,16.71,17,33.7,227.7,small,,,50,2427,1755,34,2026-04-10 09:49:40.1549+00,
Easley,SC,South Carolina,United States,South,2026,4521985,22937,34.8198055,-82.5821611,30,9742049e-e7b6-4098-beb9-3a1237c536a3,23.97,15.65,6.16,,,10.91,7.39,9.59,5.89,4.92,14.36,11.8,9.47,23.28,14.96,,,14.96,,16.7,17,31.9,344.4,small,,,24,2430,1758,17,2026-04-13 20:55:40.680758+00,
Reidsville,GA,Georgia,United States,South,2026,1364512,2515,32.0873308,-82.1247901,30,0ad721cf-980b-4edd-8200-90b5ef268a1a,25,20.47,12.91,2.17,,14.88,,14.05,13.72,14.05,14.05,,13.95,19.79,11.71,,,11.71,,16.66,17,4.5,89.9,small,,,80,2431,1759,62,2026-04-09 21:59:40.318284+00,
Laredo,TX,Texas,United States,South,2026,4841464,255205,27.5603788,-99.4891811,30,ffc82ddc-3db1-4964-b943-b276be719b90,17.23,12.33,19.29,6.07,8.28,13.33,5.94,2.6,3.69,4.39,7.21,4.64,5.12,26.52,20.85,6.85,0.98,10.98,1.23,16.65,17,542.4,1810.3,medium,,,129,2432,606,28,2026-04-09 11:46:47.000758+00,
Wellesley,MA,Massachusetts,United States,New England,2026,2574210,29550,42.3059316,-71.282917,25,ac81c4cf-aa7c-4720-b321-5cd667ea20d6,17.39,14.27,18.59,20.78,,16.97,8.02,3.11,16.56,5.55,4.63,3.61,7.48,20.61,48.1,,1.27,30.09,2.38,16.61,17,101.9,252.5,small,,,102,2433,1760,89,2026-04-11 00:48:40.544143+00,
Cleburne,TX,Texas,United States,South,2026,4815364,31197,32.3549927,-97.4115577,30,d5008d0d-2fb4-4623-b76b-c2ef2f648acc,14.74,10.13,11.23,6.61,,10.17,10.57,9.96,3.03,4.94,7.59,14.49,8.28,33.51,22.88,,2.27,14.95,0.15,16.61,17,43.1,557.4,small,,,130,2433,1760,98,2026-04-09 08:47:40.96164+00,
Azle,TX,Texas,United States,South,2026,4805168,13369,32.8955475,-97.5392304,30,35c6b469-4b6b-4a22-84e8-9fd8f5f8cd4e,32.73,13.47,18.45,,,15.96,,,14.57,5.89,7.32,,9.7,6.36,11.62,,,11.62,,16.56,17,0.6,198.7,small,,,131,2435,1762,99,2026-04-09 08:54:40.596102+00,
Sandpoint,ID,Idaho,United States,Mountain,2026,1672100,8639,48.2816941,-116.5600131,35,48787be8-d381-4c86-b113-f071ad47047a,18.22,13.66,20.69,7.07,,15.91,9.38,5.07,1.9,0.32,7.13,22.67,7.98,25.21,31.21,,0.86,19.54,0.26,16.55,17,17.2,119,small,,,14,2436,1763,10,2026-04-06 20:03:41.405435+00,
Cedar Hill,TX,Texas,United States,South,2026,4813492,49148,32.5843263,-96.9588978,30,7e3dbd9b-b9e5-4026-85d4-0885c49bd064,19.34,12,15.52,,,13.76,7.18,12.88,3.95,7.61,15.98,,9.73,17.24,27.4,15.26,14.68,19.97,,16.54,17,93.9,509.8,small,,,132,2437,1764,100,2026-04-09 09:19:41.58828+00,
Salisbury,NC,North Carolina,United States,South,2026,3758860,35561,35.6709,-80.4742,35,0cc98219-5295-47d2-ac0b-3ca5cd59795a,23.58,14.91,7.22,5.31,15.36,11.35,8.58,4.73,7.16,6.36,10.89,,8.21,26.11,15.7,,1.97,10.42,0.94,16.51,17,87.2,446.6,small,,,51,2438,1765,35,2026-04-14 07:32:45.05402+00,
Loves Park,IL,Illinois,United States,Midwest,2026,1745031,23397,42.3378429,-88.9986489,30,39313977-3e34-470b-a955-130a5d03d920,21.41,13.1,6.76,,,9.93,7.58,7.35,,2.78,2.77,0.68,4.15,32.87,18.91,5.2,,12.51,,16.5,17,80.7,279,small,,,63,2439,1766,48,2026-04-08 22:17:40.726038+00,
Rye,NY,New York,United States,Mid-Atlantic,2026,3664309,16592,40.9447383,-73.6863743,20,c252f426-b11c-484f-9319-113cc837fbd0,17.01,12.15,18.77,,,15.46,,,,,,,,19.48,22.94,,,22.94,3.53,16.5,17,5.7,147.7,small,,,67,2439,1766,58,2026-04-10 06:48:40.023497+00,
Morton,IL,Illinois,United States,Midwest,2026,1750621,17117,40.6137301,-89.4668004,30,f6be0572-b628-4ecd-860e-dd3bdf8b9814,23.4,9.08,14.82,,,11.95,6.16,0.79,,4.62,1.99,6.18,4,20.09,30.63,16.53,,24.05,,16.48,16,25.6,217.7,small,,,64,2441,1768,49,2026-04-08 23:36:40.574379+00,
Kaufman,TX,Texas,United States,South,2026,4838488,6797,32.5772491,-96.3137151,30,16bd1e2c-419f-4b0a-9aa3-3fba2de682e1,18.08,14.8,20.22,,,17.51,19.18,,2.28,4.48,10.7,,9.89,26.19,11.97,,,11.97,,16.45,16,16.1,168.1,small,,,133,2442,1769,101,2026-04-09 09:48:44.488493+00,
Commerce,TX,Texas,United States,South,2026,4816240,9090,33.2409923,-95.8988689,30,391ec72c-2775-49d7-bd02-7c27435600fd,13.52,15.87,5.98,,45.73,18.66,15.02,5.32,,4.8,12.46,,10.97,26.66,14.27,,,14.27,,16.44,16,3.6,152.9,small,,,134,2443,1770,102,2026-04-09 08:13:40.442622+00,
Rock Springs,WY,Wyoming,United States,Mountain,2026,5667235,23526,41.5947051,-109.2209213,30,40c95d42-e95b-45d9-b074-979e0011059e,18.79,13.62,11.15,7.55,,11.78,,7.28,6.76,2.95,11.38,16.53,9.62,17.74,29.12,,,29.12,,16.44,16,37.3,289.2,small,,,5,2443,1770,5,2026-03-31 01:51:40.968747+00,
Irving,TX,Texas,United States,South,2026,4837000,256684,32.8577478,-96.9700224,30,da2eeea2-446f-4e8f-ba2a-89d0f3efa229,16.34,9.48,15.98,5.14,5.49,10.52,7.32,6.37,3.65,8.53,10.07,,7.3,35.29,20.51,17.96,4.69,15.66,8.96,16.4,16,274.8,1408.3,medium,,,135,2445,607,29,2026-04-09 15:02:57.352109+00,
Princeton,TX,Texas,United States,South,2026,4859576,17087,33.1844745,-96.509393,30,5b0ea3f9-6a4f-4a0e-abb2-1ab9307b4a74,29.88,19.93,10.28,,,15.11,10.88,,,5.44,10.19,6.9,9,16.81,14.49,,,14.49,,16.38,16,35.8,316.9,small,,,136,2446,1772,103,2026-04-09 11:27:40.663851+00,
National City,CA,California,United States,Pacific,2026,650398,56204,32.6658617,-117.097361,25,b1d369bf-9539-4813-98e3-1d8705f482ac,18.41,12.58,20.99,0.99,,14.81,8.76,,12.35,,27.81,,17.19,32.55,13.67,1.1,2.66,6.52,0.41,16.37,16,136.7,121.5,medium,,,363,2447,608,157,2026-04-09 07:41:41.383422+00,
Inverness,FL,Florida,United States,South,2026,1233950,7543,28.8441533,-82.3428858,30,9e6ad747-b251-4de7-996b-6654a3e58a3c,26.73,11.92,17.62,11.54,,14.37,1.6,,8.78,,13.25,6.43,7.94,19.56,17.53,17.32,,17.43,,16.37,16,30,168,small,,,107,2447,1773,63,2026-04-09 18:04:41.264096+00,
Middletown,NY,New York,United States,Mid-Atlantic,2026,3647042,30345,41.4449222,-74.4235731,20,5befe6df-763b-4525-b1d4-6ae8fbb24312,13.21,9.2,6.88,5.46,6.56,7.49,5.54,5.61,1.81,7.5,4.98,23.67,7.58,45.72,25.44,,5.44,17.75,3.27,16.35,16,9.5,149.7,small,,,68,2449,1774,59,2026-04-10 06:23:40.878663+00,
Copperas Cove,TX,Texas,United States,South,2026,4816624,36670,31.1195749,-97.9143974,30,e312bc95-2ca0-495c-bc60-f6ce7f8025b9,20.95,15.57,12.71,100,,24.87,6.12,,,1.83,5.52,,5.07,16.37,21.09,,,21.09,,16.34,16,7.4,390,small,,,137,2450,1775,104,2026-04-09 08:45:39.988375+00,
High Point,NC,North Carolina,United States,South,2026,3731400,114205,35.9908031,-79.9927127,35,c015e080-c415-4c7a-8caf-2b3abc052600,22.58,14.65,10.18,19.68,9.48,12.55,6.06,6.69,0.79,6.47,10.79,2.18,5.71,22.8,16.48,13.31,,15,0,16.33,16,74.3,1219.7,medium,,,52,2451,609,15,2026-04-10 09:04:41.186424+00,
East Moline,IL,Illinois,United States,Midwest,2026,1722073,21374,41.5198672,-90.387904,30,bd50e36d-4630-4083-9d6f-850da05711da,20.48,12.78,19.05,8.25,,14.96,,,,2.97,2.92,21.91,8.63,17.83,29.98,5.65,,18.63,,16.3,16,33.6,206.6,small,,,65,2452,1776,50,2026-04-08 21:57:40.187641+00,
Greenfield,IN,Indiana,United States,Midwest,2026,1829520,23505,39.7932827,-85.7725484,30,55310f4d-c2f1-4605-bf63-08a1da844e0c,22.27,14.49,7.15,,,10.82,2.75,,4.36,5.45,7.39,1.79,4.54,22.39,27.49,2.93,,16.03,,16.3,16,32.7,275.3,small,,,41,2452,1776,32,2026-04-09 03:18:40.38554+00,
Mountain Home,AR,Arkansas,United States,South,2026,547390,12825,36.3350741,-92.3840995,30,a7ccef45-8989-49bf-b70b-fbd0c1d5f11f,20.4,13.77,10.03,,,11.9,7.44,,9.96,2.22,7.97,18.39,9.39,24.6,15.51,,,15.51,,16.28,16,34.2,243.9,small,,,22,2454,1778,14,2026-04-07 18:06:40.879593+00,
Keystone Heights,FL,Florida,United States,South,2026,1236475,1446,29.78294,-82.0356145,30,531cee64-4329-4ea0-b443-8c6500462241,37.03,14.49,9.96,,,12.23,0.35,2.63,,3.78,,,1.78,17.15,19.21,,,19.21,,16.25,16,3.3,32.5,small,,,108,2455,1779,64,2026-04-09 19:29:40.777183+00,
Lake Worth,TX,Texas,United States,South,2026,4841056,4711,32.8129722,-97.4305479,30,32a7af50-5e76-4c0b-90d0-20d717a30f98,28.45,7.43,2.57,,,5,19.6,5.86,,10.2,11.46,,12.91,22.35,18.83,,,18.83,,16.25,16,12.1,65.3,small,,,138,2455,1779,105,2026-04-09 09:50:40.037006+00,
Asheboro,NC,North Carolina,United States,South,2026,3702080,27171,35.7137675,-79.8132529,35,9bf37d9e-15b4-4a82-9629-3c2f8ae13de0,21.5,12.33,4.25,10,,8.5,2.04,4.3,1.23,2.27,7.23,2.24,3.45,19.92,8.64,,,8.64,,16.18,16,15.5,344.7,small,,,53,2457,1781,36,2026-04-10 09:29:40.323273+00,
Statesville,NC,North Carolina,United States,South,2026,3764740,28684,35.7854926,-80.8729624,35,affa2c33-c7bc-4d6b-928e-7cfca9f005d3,20.91,16.16,15.05,8.93,3.87,12.59,6.88,2.26,2.37,4.01,10.05,,5.87,16.1,20.15,15.5,,17.98,,16.15,16,59.7,513.6,small,,,54,2458,1782,37,2026-04-10 10:06:40.093377+00,
Sebring,FL,Florida,United States,South,2026,1264875,11510,27.4713964,-81.4515684,30,f9982a9f-13a7-423e-876b-b672d1e6f2a7,25.28,17.59,11.06,,,14.33,6.87,25.37,7.28,8.53,13.81,0.5,9.75,21.42,11.56,13.89,2.28,10.06,1.95,16.12,16,20.9,215.4,small,,,109,2459,1783,65,2026-04-09 19:34:40.921661+00,
North Richland Hills,TX,Texas,United States,South,2026,4852356,69917,32.8605802,-97.2191455,30,cef3a71b-2351-427c-9061-817e8a926434,16.19,13.64,9.08,31.58,,13.89,9.76,7.13,2.03,8.68,6.11,11.41,7.18,31.56,22.51,14.67,,18.85,9.44,16.11,16,102.1,555,medium,,,139,2460,610,30,2026-04-09 10:44:40.390911+00,
Elgin,IL,Illinois,United States,Midwest,2026,1723074,114797,42.0389632,-88.3256714,30,a80aada7-1e4c-4b61-9e61-64b27d84b4ca,15.53,11.67,13,12.05,7.38,11.32,3.08,10.28,5.31,3.48,10.11,4.78,6.3,25.95,28.02,5.96,0.53,13.43,3.24,16.09,16,171.9,852.1,medium,,,66,2461,611,16,2026-04-09 01:32:45.773486+00,
Greensboro,GA,Georgia,United States,South,2026,1334876,3648,33.5635689,-83.1890927,30,dca51910-4a9d-48b6-a50e-97f9edcb8e72,26.93,18.96,13.8,,,16.38,,,,,6.8,,6.8,6.2,24.2,,,24.2,,16.06,16,5.9,77.3,small,,,81,2462,1784,63,2026-04-09 21:24:40.919035+00,
Rome,NY,New York,United States,Mid-Atlantic,2026,3663418,32127,43.2260019,-75.4895228,20,77105ca2-647c-491d-86b3-d4240c1c6475,20.76,16.28,14.67,11.28,,14.95,2.45,,6.6,8.79,8.1,,6.29,12.63,22.47,2.69,0.8,10.13,1.93,16.05,16,67,503.9,small,,,69,2463,1785,60,2026-04-10 06:46:40.323827+00,
Cairo,GA,Georgia,United States,South,2026,1312400,10179,30.8792288,-84.2055052,30,fe8fc49d-72e8-49ac-a718-81b1ba98fbad,23.87,13.83,9.02,,,11.43,9.44,6.37,9.85,4.6,7.72,25.23,10.67,24.72,11.46,,,11.46,,16.02,16,142.6,74.6,small,,,82,2464,1786,64,2026-04-09 21:41:40.357731+00,
Walla Walla,WA,Washington,United States,Pacific,2026,5375775,34186,46.0670064,-118.337033,25,efcce334-d05a-42a2-9642-d860e87fef07,19.03,13.6,13.78,14.23,13.96,13.8,7.01,10.65,8.98,3.78,13.08,11.91,9.7,31.75,21.63,,8.18,16.46,2.47,16.02,16,249.5,119.7,small,,,59,2464,1786,38,2026-04-09 17:30:40.571649+00,
Downers Grove,IL,Illinois,United States,Midwest,2026,1720591,50247,41.7950304,-88.0210552,30,c994486d-4c6b-49ad-be86-5152fe22eb6a,16.82,13.42,14.51,,22.28,15.81,3.96,3.87,19.07,3.66,5.5,3.18,7.21,25.11,26.7,,,26.7,1.3,16.01,16,58.9,381.9,medium,,,67,2466,612,17,2026-04-08 22:14:41.023596+00,
Grand Prairie,TX,Texas,United States,South,2026,4830464,196100,32.6861079,-97.0208035,30,6150ab4e-0a0a-47f7-b2db-88cc63e1dc3a,19.65,12.39,15.94,6.47,,13.2,3.09,4.63,9.67,6.56,9.09,1.81,6.22,25.43,16.14,18.55,5.43,14.31,3.7,16,16,432.2,1226.6,medium,,,140,2467,613,31,2026-04-09 12:07:41.894025+00,
Wichita,KS,Kansas,United States,Midwest,2026,2079000,397580,37.6906377,-97.3458362,30,4628886e-5507-4fc8-b26b-8ca8681125bb,16.47,12.77,11.69,7.15,8.23,10.92,6.08,5.48,13.28,7.85,12.05,9.49,9.64,27.07,18.41,12.22,3.55,12.53,,15.91,16,562,3885.1,large,,,12,2468,68,1,2026-03-31 22:35:15.56352+00,
Festus,MO,Missouri,United States,Midwest,2026,2924094,12706,38.2194255,-90.4097237,25,5ee555ae-c740-4b5c-9c46-1fde5759777d,26.3,16,13.84,,,14.92,3.52,3.34,,1.19,2.77,,2.85,22.31,14.08,,,14.08,,15.91,16,113.3,50.1,small,,,45,2468,1788,33,2026-04-14 04:01:39.856373+00,
Springfield,IL,Illinois,United States,Midwest,2026,1772000,114409,39.7910628,-89.644572,30,bf6f6ec5-a162-4977-b06d-d889fff4b54a,19.73,9.69,8.57,8.3,7.48,8.72,4.6,2.83,5.75,4.58,5.54,15.31,6.49,27.95,19.04,16.26,1.19,13.6,2.09,15.9,16,300.1,1315,medium,,,68,2470,614,18,2026-04-09 07:12:52.937596+00,
Springfield,MA,Massachusetts,United States,New England,2026,2567000,155929,42.115454,-72.5399783,25,44920774-7a09-4822-9115-337cf890a9c7,17.44,10.81,21.6,11.37,23.88,17.26,2.12,6.47,11.53,3.21,8.4,6.39,6.76,14.44,35.45,15.28,5.45,20.89,0.09,15.89,16,650.6,348,medium,,,103,2471,615,13,2026-04-11 00:11:45.552905+00,
Wakefield,MA,Massachusetts,United States,New England,2026,2572250,27090,42.5043613,-71.0640612,25,747b4883-b455-41ed-9095-f9fa6f249206,16.37,11.65,15.08,,,13.37,1.85,4,,6.95,3.38,,3.55,36.31,38.53,,2.7,24.75,3.58,15.87,16,28.5,202.2,small,,,104,2472,1789,90,2026-04-11 01:59:40.639751+00,
Benbrook,TX,Texas,United States,South,2026,4807552,24520,32.6782841,-97.4636011,30,ddafba53-01f0-43e2-be98-55899afbe7ca,23.56,14.81,11.41,,,13.11,12,9.37,7.1,9.39,7.1,1.79,7.74,15.15,16.4,,3.38,11.39,,15.87,16,33.6,247,small,,,141,2472,1789,106,2026-04-09 10:04:40.762411+00,
Geneseo,IL,Illinois,United States,Midwest,2026,1728846,6539,41.4512521,-90.1548443,30,8d340ebc-8ffc-4915-ba92-ed09cccf6459,17.06,11.03,13.28,,,12.16,17.91,2.49,5.1,8.57,7.44,8.92,8.91,29.29,24.2,,3.32,16.17,,15.86,16,4.2,91.6,small,,,69,2474,1791,51,2026-04-08 23:18:40.855974+00,
Brevard,NC,North Carolina,United States,South,2026,3707720,7744,35.247786,-82.7285462,35,0988b261-9bf9-41d2-987c-4551ddd16cd2,18.48,15.96,10.45,21.54,,14.25,0.98,,29.13,10.31,14,19.81,15.03,22.66,15.77,10.5,4.22,11.04,,15.84,16,16.1,131.7,small,,,55,2475,1792,38,2026-04-10 09:40:40.932751+00,
Springtown,TX,Texas,United States,South,2026,4869800,3064,32.9693004,-97.6804238,30,3f91ed54-e47d-4997-85a6-bbf9686ec283,23.02,14.3,16.49,,,15.4,,,,4.42,4.42,4.2,4.35,17.41,34.46,,6.82,23.83,,15.83,16,0.9,74,small,,,142,2476,1793,107,2026-04-09 11:32:40.56854+00,
Shippensburg,PA,Pennsylvania,United States,Mid-Atlantic,2026,4270352,5478,40.0487328,-77.5231931,25,6ac9f067-f96e-48a4-bd7c-b8e28f9a35f6,30.9,21.42,5.04,,,13.23,,,,,4.35,,4.35,25.02,1.23,,,1.23,,15.81,16,32.7,17.8,small,,,97,2477,1794,85,2026-04-10 11:23:40.520776+00,
Princeton,IL,Illinois,United States,Midwest,2026,1761899,7832,41.3805654,-89.4641,30,45743a97-260d-4e42-945d-c9d6ba016959,19.12,16,16.89,,,16.45,23.75,,16.6,2.04,4.39,,12.5,22.18,18.22,,,18.22,6.97,15.8,16,21.9,118.4,small,,,70,2478,1795,52,2026-04-08 23:31:40.254227+00,
Quinlan,TX,Texas,United States,South,2026,4860140,1414,32.9089744,-96.1312964,30,7a75c50f-1c2b-4f9f-9a91-5319aa48011d,24.93,12.46,20.76,,,16.61,,,,8.5,11.39,,10.56,14.78,13.58,,,13.58,,15.8,16,0.1,32.5,small,,,143,2478,1795,108,2026-04-09 10:43:40.576553+00,
Northbrook,IL,Illinois,United States,Midwest,2026,1753481,35249,42.1287453,-87.8351622,30,1b1c7876-8b2f-4768-98e4-7666adc4886b,18.08,14.36,18.23,,,16.3,6.97,3.21,,8.1,6.64,10.38,7.18,24.44,21.56,,10.12,17.16,3.49,15.78,16,37.8,333.8,small,,,71,2480,1797,53,2026-04-08 22:58:40.28724+00,
La Crescent,MN,Minnesota,United States,Midwest,2026,2733866,5342,43.8297157,-91.3049529,30,e9a7ed8e-dba7-43fe-8f23-b1b7984905d0,24.73,17.81,8.56,,,13.19,3.77,,,,,,3.77,22.03,29.06,,5.44,19.98,,15.76,16,22.3,79.7,small,,,59,2481,1798,43,2026-04-10 14:06:40.738093+00,
Hickory,NC,North Carolina,United States,South,2026,3731060,43729,35.7396705,-81.3202367,35,5c64b4d4-0908-4465-a529-2bf61010e5f4,21.67,12.29,6.44,3.58,11.61,9.24,6.27,2.57,3.02,3.83,5.5,11.48,5.6,18.78,13.41,,3.82,9.72,,15.72,16,65,661,small,,,56,2482,1799,39,2026-04-10 09:41:40.937288+00,
Hotchkiss,CO,Colorado,United States,Mountain,2026,837545,875,38.7989943,-107.7133855,30,69139bbd-265a-496f-a766-11c83f244cab,40.49,21.12,13.23,,,17.18,,,,,11.89,,11.89,9.1,0.69,,,0.69,,15.71,16,8.5,19.9,small,,,79,2483,1800,61,2026-04-09 00:46:40.350721+00,
Richmond,IN,Indiana,United States,Midwest,2026,1864260,35720,39.8320859,-84.8909167,30,9874a407-20f7-4799-818d-1eb58a4f1b9d,14.65,14.1,9.09,17.63,,12.35,1.2,13.95,13.54,5.67,13.56,13.72,10.36,28.85,20.97,5.34,5.54,11.64,,15.67,16,80.9,407.7,small,,,42,2484,1801,33,2026-04-09 04:21:40.655983+00,
Waukegan,IL,Illinois,United States,Midwest,2026,1779293,89321,42.3694469,-87.8708984,30,11b292ef-a206-4ae3-9071-d1459a584f62,15.52,9.85,17.83,0.64,,12.19,1.73,,3.69,4.42,11.86,2.9,5.47,28.63,20.4,5.02,2.89,10.64,0,15.65,16,45.1,501.9,medium,,,72,2485,616,19,2026-04-08 23:28:46.329773+00,
Winfield,IL,Illinois,United States,Midwest,2026,1782400,9835,41.8784355,-88.153033,30,e440545e-e075-45a6-b4aa-165ae7565b78,22.6,13.96,10.23,,,12.1,,,7.44,7.84,,,7.57,12.25,30.79,,,30.79,7.64,15.62,16,10.1,88.7,small,,,73,2486,1802,54,2026-04-08 22:45:41.09391+00,
Frankfort,KY,Kentucky,United States,South,2026,2128900,28602,38.1949659,-84.8658767,35,fe16d29e-706d-416c-81a1-0b1d5b280938,22,15.06,7.61,18.85,,12.27,4.76,4.98,8.94,8.4,8.39,2.87,6.61,21.47,14.08,,,14.08,,15.62,16,48.8,312.2,small,,,18,2486,1802,15,2026-04-08 21:21:40.267598+00,
Leawood,KS,Kansas,United States,Midwest,2026,2039075,33902,38.9072625,-94.6252403,30,1192cc94-8b06-458b-8064-12d0d8de9106,25.54,21.67,9.92,,,15.8,3.26,0.76,15.67,3.08,5.09,6.63,6.44,17.09,17.52,14.08,,15.91,,15.61,16,96.2,403.1,small,,,13,2488,1804,5,2026-04-09 04:20:40.406296+00,
Shelby,NC,North Carolina,United States,South,2026,3761200,21918,35.2904054,-81.5456446,35,9b604bf5-1de8-4f96-ab64-0c11ccfe0011,19.29,12.74,12.48,22.44,,13.84,3.11,9.43,14.04,1.32,10.31,17.03,9.64,20.81,16.58,,6.63,12.75,,15.53,16,37.3,393.4,small,,,57,2489,1805,40,2026-04-10 10:13:40.60433+00,
Palatine,IL,Illinois,United States,Midwest,2026,1757225,67910,42.1164671,-88.0443611,30,8fd4d268-6ae6-4c75-b006-e9b3e8691a0a,16.97,14.77,12.73,14.14,,13.8,1.3,3.08,,2.83,10.58,6.96,5.68,29.38,24.56,7.06,3.15,13.08,2.51,15.51,16,49.2,430.2,medium,,,74,2490,617,20,2026-04-08 22:34:41.157009+00,
Wichita Falls,TX,Texas,United States,South,2026,4879000,102316,33.9066543,-98.5258481,30,034b6e6f-a83c-4ad5-b8ba-8b2859236429,18.17,12.8,10.5,4,11.91,10.94,9.91,0.53,7.63,3.23,4.26,5.66,5.8,25.19,16.74,10.5,2.29,10.94,,15.49,15,74.7,1325,medium,,,144,2491,618,32,2026-04-09 12:57:43.089903+00,
Eaton,CO,Colorado,United States,Mountain,2026,822860,5802,40.5256851,-104.7129871,30,78a028d1-4824-461f-9ef3-53745b1c4cff,26.96,15.63,23.67,,,19.65,6.62,,,,2.8,,4.5,10.41,17.51,,,17.51,,15.47,15,8.6,68.8,small,,,80,2492,1806,62,2026-04-09 00:15:40.565833+00,
Peotone,IL,Illinois,United States,Midwest,2026,1759052,4152,41.3345,-87.7848,30,eb697a5b-9bf3-41a8-b38d-7c3883a16993,21.75,17.84,14.09,,,15.97,,,,4.39,4.39,,4.39,20.35,17.69,,,17.69,,15.44,15,0.1,53.6,small,,,75,2493,1807,55,2026-04-14 04:42:40.447494+00,
Crystal,MN,Minnesota,United States,Midwest,2026,2714158,23330,45.0312,-93.3623,30,9d6fd58c-9edd-470a-9edf-a7ddec0e9cd2,16.47,17.8,6.97,,,12.39,16.04,16.13,,6.68,9.98,12.09,12.25,23.01,21.62,,6.8,15.92,,15.43,15,35.2,188.3,small,,,60,2494,1808,44,2026-04-10 20:19:42.074913+00,
DeSoto,TX,Texas,United States,South,2026,4820092,56145,32.5993495,-96.8629405,30,6549d3db-7b6d-48cb-8f17-710dc855d592,18.36,14.33,10.3,,,12.32,9.22,9.53,6.36,8.06,10.87,,8.93,23.19,13.5,,,13.5,,15.4,15,34.5,513.7,medium,,,145,2495,619,33,2026-05-08 21:54:03.02207+00,
Revere,MA,Massachusetts,United States,New England,2026,2556585,62168,42.4210055,-70.99036,25,80331487-4cc9-4d65-8d55-3a2126bcfb34,17.3,11.05,15.82,,,13.44,,1.36,,4.96,4.35,,3.82,27.21,31.69,11.74,,22.38,6.64,15.39,15,131.8,93.3,medium,,,105,2496,620,14,2026-04-11 01:43:45.22586+00,
Sparta,GA,Georgia,United States,South,2026,1372584,1357,33.2793,-82.9741,30,c3db223e-1d0f-4a44-81fc-4c3ca496e551,30.97,19.99,11.01,,,15.5,,,,6.6,6,20.46,10.46,20.39,0.89,,,0.89,,15.38,15,,35.7,small,,,83,2497,1809,65,2026-04-14 04:03:40.600704+00,
Danville,KY,Kentucky,United States,South,2026,2119882,17459,37.6392563,-84.776013,35,d5b4d5b6-5539-4fd7-9f21-96011a48ddf1,24.68,13.63,10.93,19.01,,13.12,10.25,9.39,1.45,,9.19,5.99,7.19,19.12,12.79,,,12.79,,15.38,15,21,247.5,small,,,19,2497,1809,16,2026-04-08 20:55:40.276302+00,
Dallas,TX,Texas,United States,South,2026,4819000,1304230,32.7933334,-96.7665128,30,694710d7-ce82-4f53-9b8c-d84bf1b9cf47,14.33,8.76,12.08,6.13,9.07,9.72,7.58,6.9,9.85,7.64,10.08,9.83,8.93,35.25,19.29,11.7,6.29,13.38,8.85,15.37,15,1429.4,8153.4,large,,,146,2499,69,5,2026-04-06 13:17:05.80767+00,
Faribault,MN,Minnesota,United States,Midwest,2026,2720546,24459,44.299709,-93.2789459,30,98d6fffa-953f-409e-82c7-8eff8a8955de,17.98,15.87,8.1,4.35,,11.03,,1.28,26.9,0.59,5.51,,10.68,16.92,35.4,14.71,3.64,20.22,,15.35,15,75.6,263.3,small,,,61,2500,1811,45,2026-04-10 13:50:40.4704+00,
Carbondale,IL,Illinois,United States,Midwest,2026,1711163,21857,37.7273,-89.2167,30,420390f6-55d5-47d3-9d16-cb475206dbab,19.8,10.91,16.15,,25.01,16.08,2.7,0.29,0.75,1.73,6.01,0.82,2.52,32.14,32.87,12.32,1.59,17.86,0.84,15.34,15,88.7,291.6,small,,,76,2501,1812,56,2026-04-14 05:10:40.382177+00,
Zion,IL,Illinois,United States,Midwest,2026,1784220,24695,42.4599088,-87.8511212,30,720b12d9-7fa3-440a-999d-a89e1d3966c9,16.25,11.65,11.87,,,11.76,1.26,,0.12,9.65,10.01,4.74,4.95,25.34,33.56,14.34,1.25,18.76,3.28,15.31,15,42.6,200.8,small,,,77,2502,1813,57,2026-04-08 22:51:40.629164+00,
Maumelle,AR,Arkansas,United States,South,2026,544600,19251,34.8523437,-92.3999949,30,5c036260-3911-4c5d-9ab6-b489e8b4e0b8,28.36,15.95,6.4,,,11.18,15.19,,4.04,5.56,6.05,,7.89,8.6,16.95,21.89,,19.26,,15.3,15,62.2,213,small,,,23,2503,1814,15,2026-04-07 18:08:40.951265+00,
Barrington,IL,Illinois,United States,Midwest,2026,1703844,10722,42.1515345,-88.1285344,30,371e7b90-58ac-4ea3-a4ad-b9bdd7727db8,17.91,13.27,16.13,,,14.7,,0.86,20.73,7.88,5.55,12.38,10.33,26.06,22.03,,,22.03,2.27,15.26,15,20.1,116.2,small,,,78,2504,1815,58,2026-04-08 21:43:40.306554+00,
Brownsville,TX,Texas,United States,South,2026,4810768,186700,25.9956886,-97.4508477,30,4d809e61-b000-4106-8a6f-7855b07d0374,19.02,10.93,17.67,0.53,5.27,11.12,9.76,2.99,9.12,8.35,6.38,7,7.56,21.66,13.5,15.47,,14.42,0.52,15.22,15,211.7,1426.4,medium,,,147,2505,621,34,2026-04-09 10:30:45.083151+00,
New Ulm,MN,Minnesota,United States,Midwest,2026,2746042,14120,44.3120673,-94.4688956,30,cd019725-558d-4941-a66e-b404bce3a4a2,13.41,12.58,6.8,17.23,,10.63,11.56,1.6,11.81,5.87,8.11,,8.76,25.43,34.18,16.66,4.78,20.7,,15.21,15,52.7,176.2,small,,,62,2506,1816,46,2026-04-10 12:39:40.426144+00,
Vidalia,GA,Georgia,United States,South,2026,1379388,10785,32.2174,-82.4135,30,4f9d543e-1309-4c84-952f-ad151ad3ffa5,26.02,15.83,10.35,,,13.09,,18.55,4.36,,1.75,3.76,5.33,11.28,20.84,,,20.84,,15.14,15,93.7,179.3,small,,,84,2507,1817,66,2026-04-14 04:31:40.214205+00,
Deerfield,IL,Illinois,United States,Midwest,2026,1718992,19196,42.1660688,-87.8524665,30,71a510de-a845-41ae-abe1-2d21580f8426,17.9,15.52,19.59,9.06,,16.49,0.53,12.71,,3.11,3.36,14.34,5.85,16.62,34.27,,6.08,23.43,5.85,15.13,15,13.4,153,small,,,79,2508,1818,59,2026-04-08 22:32:41.147336+00,
Fergus Falls,MN,Minnesota,United States,Midwest,2026,2720906,14119,46.2850173,-96.0761101,30,27b80d8d-ba8c-4da7-81e1-5a654a67458e,16.37,11.89,8.55,9.13,,10.08,4.08,3.34,18.88,1.64,2.49,2.28,6.05,25.39,40.47,5.35,4.06,19.08,,15.11,15,42.8,226.4,small,,,63,2509,1819,47,2026-04-10 13:49:40.828272+00,
Jacksonville Beach,FL,Florida,United States,South,2026,1235050,23821,30.2724663,-81.3856036,30,9231bef9-aa0e-482f-ab99-bb7ec20c10b7,15.95,13.2,8.87,,,11.04,9.28,14.78,9.86,5.4,10.3,0.48,8.49,29.07,21.52,3.81,8.45,12.05,,15.1,15,24.7,216.8,small,,,110,2510,1820,66,2026-04-09 18:36:40.521345+00,
Griffin,GA,Georgia,United States,South,2026,1335324,23478,33.2431881,-84.2718615,30,67138280-4615-443b-a500-892880c07e6f,22.95,14.38,13.02,7.97,6.24,11.64,24.03,0,8.75,11.2,9.66,,11.87,12.88,14.61,,,14.61,,15.08,15,28.2,315.9,small,,,85,2511,1821,67,2026-04-09 21:53:40.168684+00,
Adams,MA,Massachusetts,United States,New England,2026,2500590,5466,42.6223,-73.1198,25,99ed9236-cd89-405a-98fc-6d6db9946ba3,19.02,15.59,8.97,,,12.28,,,,10.7,7.92,,8.71,17.39,21.05,,,21.05,,15.08,15,6.5,59.7,small,,,106,2511,1821,91,2026-04-14 02:39:40.13105+00,
Hot Springs,AR,Arkansas,United States,South,2026,533400,37930,34.4894422,-93.0502538,30,6d3341ed-3e41-4160-9962-4f069732d4f5,20.53,15.58,10.25,2.72,12.21,11.75,,,7.2,2.22,10.04,,7.59,20.47,11.43,6.79,2.72,7.63,,15.07,15,77.2,782,small,,,24,2513,1823,16,2026-04-07 18:06:53.429162+00,
Bradenton,FL,Florida,United States,South,2026,1207950,55695,27.4897985,-82.5768045,30,5c2fad8f-c195-41f2-be22-c29129ffc283,21.37,15.42,4.99,,,10.21,8.03,1.33,5.26,5.16,15.12,0.06,7.1,14.83,12.43,,16.8,14.11,0,15.05,15,32.7,456.5,medium,,,111,2514,622,41,2026-04-09 18:01:40.966292+00,
Westminster,MD,Maryland,United States,Mid-Atlantic,2026,2483100,20126,39.5791541,-77.0066906,30,ceffd605-aea0-4acf-b586-fa30437dc518,23.3,13.27,7.52,,16.04,11.65,0.43,0.68,,4.44,6.8,0.27,2.92,18.1,25.83,,8.51,19.17,,15.05,15,35.7,147.9,small,,,61,2514,1824,45,2026-04-10 01:29:40.252581+00,
Stephenville,TX,Texas,United States,South,2026,4870208,20897,32.2145441,-98.2198855,30,9efa34cf-045a-4405-9b9b-170613cbf9a5,12.88,12.98,8.58,11.45,22.98,13.29,10.69,5.14,3.25,2.18,7.61,6.47,6.39,28.61,25.69,,0.72,16.09,,15.05,15,13.1,222.4,small,,,148,2514,1824,109,2026-04-09 11:45:40.037228+00,
Batavia,IL,Illinois,United States,Midwest,2026,1704078,26367,41.8476915,-88.3110468,30,ae5c77d7-d716-4ff7-8b14-f2e84ea37a72,16.53,11.78,9.9,,,10.84,3.88,,,3.73,4.44,9.12,5.18,24.53,32.6,15.62,4.38,19.6,,15.04,15,46.8,266,small,,,80,2517,1826,60,2026-04-08 21:58:41.072056+00,
Ballston,NY,New York,United States,Mid-Atlantic,2026,3604253,5111,42.9737,-73.8523,20,57e7517a-8469-49a3-abeb-56fb6aa2e1a0,23.31,21.4,2.68,,,12.04,,9.25,,3.79,6.22,15.1,8.54,25.58,9.38,,9.54,9.44,,15.04,15,1.3,46.9,small,,,70,2517,1826,61,2026-04-14 08:32:40.024623+00,
Ballston Spa,NY,New York,United States,Mid-Atlantic,2026,3604253,5111,43.0056402,-73.8544584,20,fdedcd18-7ad0-4f24-b70d-feb76dde0c50,23.31,21.4,2.68,,,12.04,,9.25,,3.79,6.22,15.1,8.54,25.58,9.38,,9.54,9.44,,15.04,15,1.3,46.9,small,,,70,2517,1826,61,2026-04-10 05:48:41.186498+00,
Sanger,TX,Texas,United States,South,2026,4865408,8839,33.3820977,-97.165412,30,cbc3d780-e1f2-4b8c-aa5c-6da785b537d9,23,11.94,16.09,,,14.02,,,,,2.34,,2.34,21.46,16.56,,,16.56,,15.02,15,,167.8,small,,,149,2520,1829,110,2026-04-09 11:01:40.363836+00,
Fort Worth,TX,Texas,United States,South,2026,4827000,919087,32.7819538,-97.3485732,30,f1b51784-3983-40b4-80fa-9aad8bc1a745,16.08,11.39,12.67,11.51,10.8,11.73,7.71,7.22,10.45,8.02,8.59,7.78,8.47,23.91,19.06,12.34,6.46,13.56,5.11,14.99,15,1219.2,7834.7,large,,,150,2521,70,6,2026-04-02 07:23:24.226355+00,
Oakland,MD,Maryland,United States,Mid-Atlantic,2026,2457650,1851,39.4073,-79.4073,30,91e9415b-3fd4-430e-b9b8-b4ea2934ba61,25.37,11.48,1.53,,,6.51,2.85,,5.94,2.88,1.59,,3.26,27.44,23.02,,4.62,15.94,,14.98,15,16.4,48.5,small,,,62,2522,1830,46,2026-04-11 02:08:40.485109+00,
Live Oak,FL,Florida,United States,South,2026,1240875,6735,30.2956503,-82.9851173,30,cb92cd4c-7e1f-4698-8fc5-ab6f5d66b5b2,15.42,10.86,10.6,11.88,,10.87,,,15.5,3.68,12.91,,12.17,24.45,13.27,,,13.27,,14.96,15,4.5,159.6,small,,,112,2523,1831,67,2026-04-09 18:54:40.350746+00,
Kennedale,TX,Texas,United States,South,2026,4838896,8517,32.6439791,-97.2171732,30,32e11975-9fb1-4574-ba6b-3c17ed49093e,27.2,14.92,19.94,,,17.43,,,,,,,,1.03,12.78,,6.45,10.35,,14.95,15,1.3,108,small,,,151,2524,1832,111,2026-04-09 09:55:40.208153+00,
Edgewater,CO,Colorado,United States,Mountain,2026,823135,5005,39.7508493,-105.0626195,30,fe1509bf-4c7b-4dd9-8134-21f89bc08d57,24.11,14.26,11.38,,,12.82,,6.23,,,3.3,,4.14,26.5,11.44,,,11.44,,14.94,15,3.7,28,small,,,81,2525,1833,63,2026-04-09 00:34:40.50658+00,
Duluth,MN,Minnesota,United States,Midwest,2026,2717000,86697,46.7744583,-92.1341347,30,b8385232-1551-4895-9106-f3f5eaa3f09e,16.12,13.37,8.53,6.83,17.7,11.89,6.51,10.17,5.46,5.19,7.92,11.08,7.57,22.25,26.95,11.75,5.97,16.39,3.74,14.94,15,460.6,1086.4,medium,,,64,2525,623,15,2026-04-10 14:26:42.094832+00,
Pocatello,ID,Idaho,United States,Mountain,2026,1664090,56337,42.8727475,-112.4638364,35,57a3ce4c-0a61-4bdd-a745-8c3539175378,19.8,12.45,10.98,,17.23,12.94,5.52,6.51,12.68,1.7,5.87,8.15,7.15,16,26.73,7.37,6.15,14.81,,14.92,15,86.2,592.6,medium,,,15,2527,624,5,2026-04-06 20:04:45.839815+00,
Franklin,NC,North Carolina,United States,South,2026,3724640,4175,35.1794223,-83.3806915,35,516ce590-a4c6-47d9-bb0a-f8d1864396ad,26.88,14.14,4.88,,,9.51,12.48,11.05,10.7,3.7,5.97,0,7.6,21.17,11.85,,,11.85,,14.92,15,9.2,133,small,,,58,2527,1834,41,2026-04-10 09:02:40.019544+00,
Waco,TX,Texas,United States,South,2026,4876000,139979,31.5579941,-97.1897498,30,1b0a61d6-98d3-4742-9de3-42c34e99ef39,20.51,13.77,10.12,16.21,21.11,14.2,5.2,4.58,5.17,3.57,4.85,11.31,5.8,20.55,16.71,2.28,3.63,8.39,0.08,14.9,15,180.8,1627.1,medium,,,152,2529,625,35,2026-04-09 13:59:41.586027+00,
Terrell,TX,Texas,United States,South,2026,4872284,17679,32.7258266,-96.2980031,30,eac7e0fe-e3d1-414d-8a00-fdc57df2c400,21.88,12.41,15.76,4.76,,12.92,13.15,2.04,7.19,8.34,7.96,0.45,7.16,22.84,11.85,,1.05,7.7,,14.89,15,29.3,325.9,small,,,153,2530,1835,112,2026-04-09 13:10:40.677962+00,
Topeka,KS,Kansas,United States,Midwest,2026,2071000,126590,39.0346734,-95.6961908,30,bdc6e8fb-9bcc-4fd6-bb01-c6d34658e2d1,14.04,10.68,12.62,17.99,5.55,11.06,5.26,7.38,9.27,6.57,10.69,8.18,8.2,28.73,20.56,11.87,5.71,13.81,0.29,14.85,15,184.5,1511.8,medium,,,14,2531,626,8,2026-04-09 05:34:42.000068+00,
Longview,TX,Texas,United States,South,2026,4843888,81638,32.5202342,-94.7611136,30,bf6f0c37-71f4-463b-984b-d2be0804111d,15.94,12.13,10.83,2.89,12.49,10.82,7.87,8.56,7.61,4.24,8.91,8.01,7.81,30.84,17.22,13.22,0.5,11.64,1.29,14.81,15,68.6,1069.6,medium,,,154,2532,627,36,2026-04-09 12:36:40.609805+00,
Malden,MA,Massachusetts,United States,New England,2026,2537875,66263,42.4293799,-71.0587065,25,66a4abe5-b2d8-4225-8da4-6a88ddd135ae,12.38,8.74,15.57,,,12.16,1.66,6.43,,4.26,5.47,4.45,4.3,41.78,24.68,6.73,1.28,12.55,2.74,14.77,15,138.6,93.6,medium,,,107,2533,628,15,2026-04-10 23:54:40.970823+00,
Bedford,TX,Texas,United States,South,2026,4807132,49928,32.8458375,-97.1350763,30,cd24233c-48e2-4730-9fc1-484fbef57d44,13.54,8.51,8.13,,,8.32,14.59,11.23,7.39,8.46,7.72,7.69,9.45,32.98,15.61,8.87,,12.46,,14.75,15,27.2,354.3,small,,,155,2534,1836,113,2026-04-09 09:06:40.329272+00,
Plano,TX,Texas,United States,South,2026,4858016,285498,33.0507687,-96.747944,30,1a20e052-910a-452a-8bf3-bbc1731bd487,13.44,9.88,12.73,7.51,3.35,9.33,8.26,7.13,6.8,11.89,12.39,8.33,9.26,25.25,21.78,13.25,8.76,15.54,6.38,14.75,15,454.7,2009.3,medium,,,155,2534,629,37,2026-04-09 17:05:48.854395+00,
Quincy,MA,Massachusetts,United States,New England,2026,2555745,101636,42.2610059,-71.0089876,25,d95d4e92-139c-4894-9b10-f097abc943f3,12.19,8.7,11.94,1.44,,9.21,4.7,4.68,15.16,5.09,11.07,4.01,8.39,33.5,31.53,,8.59,22.71,4.52,14.72,15,110,440.2,medium,,,108,2536,630,16,2026-04-11 02:03:40.486078+00,
Park Rapids,MN,Minnesota,United States,Midwest,2026,2749768,4142,46.9163936,-95.0579322,30,81312773-d907-4ffc-a0ee-e11389f04448,17.28,13.53,4.63,,,9.08,,,7.26,1.55,6.57,,5.91,17.56,28.57,,,28.57,,14.7,15,11.7,94.9,small,,,65,2537,1837,48,2026-04-10 14:03:40.9518+00,
Benton,AR,Arkansas,United States,South,2026,505290,35014,34.5645,-92.5868,30,5fc30ef4-a7d1-42c3-9305-2efabdb5fff0,26.63,14.55,8.71,0,,10.18,,,8.2,,3.57,8.02,6.23,14.55,7.12,,,7.12,,14.69,15,20,504.2,small,,,25,2538,1838,17,2026-04-14 03:56:40.202766+00,
Kannapolis,NC,North Carolina,United States,South,2026,3735200,53251,35.4792806,-80.6380325,35,b0a89895-91f3-4fb5-ba92-26f5f2e484b1,24.53,16.47,6.55,34.04,,14.33,2.83,45.63,0,0,3.39,,7.03,12.37,17.04,43.87,12.55,25.31,1.34,14.69,15,41.7,699.3,medium,,,59,2538,631,16,2026-04-10 10:04:44.773029+00,
Russellville,AR,Arkansas,United States,South,2026,561670,28936,35.2763277,-93.1387429,30,234cffb8-2086-45d1-a0a1-e41a968821f6,22.89,12.5,6.04,0.13,21.3,10.76,8.82,4.81,3.26,4.39,2.19,23.81,7.46,22.93,11.78,,0.44,7.42,,14.67,15,54.5,485.2,small,,,26,2540,1839,18,2026-04-07 18:09:40.718133+00,
Wheaton,MD,Maryland,United States,Mid-Atlantic,2026,2483775,52150,39.0494897,-77.0582086,30,2294431c-d274-41f7-9ab8-837b4e37c4a0,13.63,11.03,14.05,,,12.54,4.33,4.49,,3.91,7.69,5.6,5.59,22.27,33.67,,5.33,22.77,7.77,14.67,15,55.4,222.1,medium,,,63,2540,632,16,2026-04-10 00:45:40.488648+00,
North Miami Beach,FL,Florida,United States,South,2026,1249475,43663,25.929996,-80.1651794,30,58725a39-853b-4ed6-9801-5cfa9a16fd7b,17.83,13.6,18.29,,,15.95,1.33,9.45,5.92,2.27,10.31,7.5,6.32,16.83,17.55,9.67,,13.87,,14.62,15,21.9,209.5,small,,,113,2542,1840,68,2026-04-09 18:54:40.944816+00,
Norwood,MA,Massachusetts,United States,New England,2026,2550285,31611,42.1873642,-71.1959711,25,7509fad1-ccd5-4e6b-b03f-34e59b08b39b,13.46,8.51,18.32,,,13.42,,2.52,,5.65,11.29,0.78,6.26,25.22,35.82,,5.75,24.25,2.34,14.59,15,19.1,231.9,small,,,109,2543,1841,92,2026-04-10 23:18:40.584033+00,
Palmetto Bay,FL,Florida,United States,South,2026,1254275,24439,25.6217031,-80.3189056,30,6b80818c-5eae-4c2e-836b-496ff4fb41f3,15.16,16.33,20.15,,,18.24,4.26,5.12,8.36,4.24,4.78,,5.48,21.12,11.9,12.28,,12.08,,14.55,15,24.4,260.3,small,,,114,2544,1842,69,2026-04-09 19:59:41.036565+00,
La Grange,IL,Illinois,United States,Midwest,2026,1740767,16321,41.8072134,-87.8741481,30,a0885e7c-2f25-4635-ba38-d9d938548150,12.2,13.17,18.68,,,15.93,8.4,10.84,2.07,4.43,9.17,11.29,7.61,26.06,24.12,,2.24,15.7,10.68,14.55,15,29.2,99.1,small,,,81,2544,1842,61,2026-04-08 22:20:40.618404+00,
Murray,KY,Kentucky,United States,South,2026,2154642,17307,36.6101,-88.3145,35,591d8295-acb8-49cc-b494-bc1e1520a2b3,15.52,8.28,13.35,13.05,34.09,15.69,8.19,1.43,4.5,2.59,6.61,10.34,6.14,25.13,12.01,,,12.01,,14.46,14,7.2,239.9,small,,,20,2546,1844,17,2026-04-14 05:55:40.046427+00,
Plattsburgh,NY,New York,United States,Mid-Atlantic,2026,3658574,19886,44.692025,-73.4582762,20,fc51511a-e3f8-4113-9665-7836c1ea1f1e,16.07,12.5,17.99,,20.06,16.32,1.74,,8.61,9,11.54,2.74,6.96,23.83,23.55,,,23.55,1.36,14.46,14,22.8,126,small,,,72,2546,1844,63,2026-04-10 06:26:40.562969+00,
Pekin,IL,Illinois,United States,Midwest,2026,1758447,31731,40.5687572,-89.6251155,30,8768bdb2-ec26-4504-a87a-d09f6fe1cff9,13.5,8.07,13.22,0,12.53,9.96,9.38,10.51,4.56,2.61,3.93,11.62,6.83,34.73,20.49,5.54,0.63,10.29,,14.43,14,71.5,326.8,small,,,82,2548,1846,62,2026-04-08 23:22:41.705773+00,
Corsicana,TX,Texas,United States,South,2026,4817060,25109,32.0824041,-96.4667005,30,e2d8a5c2-1e50-43ce-97cf-9e1b0dc174b1,15.89,12.8,11.21,31.63,,14.46,0.84,9.52,11.12,5.62,8.74,,7.17,25.73,13.37,,,13.37,,14.43,14,47.4,381.4,small,,,157,2548,1846,114,2026-04-09 09:28:40.791596+00,
Fruita,CO,Colorado,United States,Mountain,2026,828745,13400,39.1555672,-108.7295837,30,21cdfafd-a6dc-417d-bb68-0a9d9848332b,19.99,10.16,9.5,,,9.83,6.53,3.97,3.45,3.42,3.38,10.09,5.09,20.26,27.85,8.75,3.45,15.07,,14.4,14,72.5,167.5,small,,,82,2550,1848,64,2026-04-09 00:16:40.635773+00,
Abilene,TX,Texas,United States,South,2026,4801000,125182,32.4545143,-99.7381473,30,c055dd7c-d0d1-488f-acad-c8828659165c,17.46,11.7,9.06,12.24,7.77,10.04,3.02,3.76,6.2,2.32,3.44,5.93,4.2,22.22,11.2,,3.87,8.38,0.13,14.4,14,94.6,1722.2,medium,,,158,2550,633,38,2026-04-09 10:34:41.207963+00,
De Queen,AR,Arkansas,United States,South,2026,518490,6105,34.0422445,-94.3421327,30,c8cc3876-71ff-4423-b151-be3d0b5d9c94,22.87,15.65,10.44,,24.02,15.48,,,5.75,,9.7,,7.94,,11.43,,,11.43,,14.39,14,1.1,109.9,small,,,27,2552,1849,19,2026-04-07 18:12:40.651346+00,
Sachse,TX,Texas,United States,South,2026,4864064,27103,32.969015,-96.579523,30,e5cdede1-5ade-4cdd-ab78-bbecc3077f48,16.59,13.94,11.4,,,12.67,3.43,7.55,9.59,3.08,7.5,7.71,6.7,21.96,22.66,,5.92,16.22,,14.37,14,15,238.5,small,,,159,2553,1850,115,2026-04-09 11:30:40.023626+00,
Greeley,CO,Colorado,United States,Mountain,2026,832155,108842,40.4165758,-104.7732805,30,741d4224-576f-4732-837a-2b4d0a8c4522,14.86,10.21,11.61,8.7,12.4,10.99,6.05,5.45,4.15,2.5,10.69,9.73,6.97,24.05,20.52,14.2,5.87,14.65,5.9,14.36,14,182.2,926.7,medium,,,83,2554,634,16,2026-04-09 01:45:50.782654+00,
Gunnison,CO,Colorado,United States,Mountain,2026,833640,6560,38.547978,-106.9246043,30,245b0888-c601-4cc3-8adb-39147738e63f,16.27,12.43,4.04,,26.65,12.33,22.96,,5.77,5.77,3.89,,9.73,16.75,16.67,21.07,,18.72,,14.3,14,21.9,80.1,small,,,84,2555,1851,65,2026-04-09 00:30:40.081443+00,
Terre Haute,IN,Indiana,United States,Midwest,2026,1875428,58384,39.4641519,-87.3760358,30,731bc5e7-dbe8-4291-bb66-532de03edfcf,17.55,13.31,7.75,,12.8,11.03,2.63,3.41,16.92,3.23,3.53,10.76,7.07,25.01,17.61,14.78,,16.29,4.17,14.27,14,72.2,734.6,medium,,,43,2556,635,9,2026-04-09 04:30:40.958279+00,
Davenport,FL,Florida,United States,South,2026,1216450,9116,28.1614,-81.6017,30,0720af6f-cb04-4941-b49d-272e6953f4a8,30.28,14.17,9.83,,,12,,,,,,,,1.8,12.5,,3.23,8.93,,14.24,14,1.5,126.1,small,,,115,2557,1852,70,2026-04-14 04:14:40.251786+00,
Arlington,TX,Texas,United States,South,2026,4804000,394266,32.7007082,-97.1246912,30,de7bfaab-ab29-4ef3-95b9-16e69f8f00aa,13.31,9.03,13.62,8.45,17.68,12.31,7.04,3.78,10.38,6.72,8.48,3.66,7.2,25.47,16.99,10.71,7.48,12.41,,14.24,14,394.1,2546.2,large,,,160,2557,71,7,2026-04-01 05:18:13.301593+00,
Muncie,IN,Indiana,United States,Midwest,2026,1851876,65194,40.1988257,-85.3950595,30,75b74d0a-d896-4660-82eb-ed7fbdbf8b8f,12.86,9.38,5.9,,26.23,11.77,3.36,3.59,0.53,3.66,6.44,14.04,5.22,37.81,15.62,7.25,2.11,9.31,0.26,14.21,14,73.8,753.4,medium,,,44,2559,636,10,2026-04-09 04:37:46.167241+00,
Sheridan,WY,Wyoming,United States,Mountain,2026,5669845,18737,44.7962192,-106.9641659,30,142b3496-ac48-408c-bbe4-22aed8471f45,15.02,12.57,14,17.97,,13.87,10.91,,6.75,1.36,7.37,2.32,6.51,16.76,23.23,10.58,3.36,13.84,,14.19,14,69.3,229.8,small,,,6,2560,1853,6,2026-03-31 01:44:39.973247+00,
Pelham,NY,New York,United States,Mid-Atlantic,2026,3657001,7326,40.9110803,-73.8077044,20,2f01998d-93a1-4a83-99a9-fa0889ace34d,18.33,19.48,4.15,,,11.82,19.28,9.09,,12.51,12.92,,14.22,16.65,18.98,,,18.98,4.24,14.1,14,1,42,small,,,73,2561,1854,64,2026-04-10 06:45:40.927237+00,
Sidney,NE,Nebraska,United States,Midwest,2026,3145295,6410,41.1437,-102.9798,25,6468da04-9fb4-478e-9673-8e3420146770,20.59,17.05,9.27,,,13.16,9.98,16.09,13.25,0.38,1.09,,7.72,19.81,15.65,9.62,12.85,12.84,,14.09,14,101.3,43.2,small,,,11,2562,1855,7,2026-04-14 09:16:40.567711+00,
Fernandina Beach,FL,Florida,United States,South,2026,1222175,13052,30.6581299,-81.4515196,30,655e5945-234f-4449-9dfd-c9b78002db4c,24.34,16.38,5.32,,,10.85,,,4.42,2.95,3.13,1.14,3.05,10.76,16.64,7.78,,12.51,,14.07,14,47,205.3,small,,,116,2563,1856,71,2026-04-09 18:13:40.609545+00,
Homewood,IL,Illinois,United States,Midwest,2026,1735879,19463,41.5594219,-87.6620247,30,b5dc1d93-06e2-4511-a40e-6e2ee3a9211b,17.29,10.94,13.55,,,12.25,9.59,3.13,,6.7,7.56,,7.37,21.67,35.2,,3.54,23.02,2.81,14.05,14,11.3,139.5,small,,,83,2564,1857,63,2026-04-08 22:40:40.538483+00,
Rio Rancho,NM,New Mexico,United States,Mountain,2026,3563460,104046,35.2850704,-106.6988665,30,552cf84e-78b5-418a-9553-b90ed49d3e67,17.99,11.78,5.19,,,8.49,8.58,7.21,7.11,6.15,9.2,18.23,9.51,18.02,21.63,9.14,7.97,13.84,,14.04,14,327.6,1392.5,medium,,,12,2565,637,2,2026-04-11 03:26:51.055074+00,
Moscow,ID,Idaho,United States,Mountain,2026,1654550,25435,46.7306091,-116.998909,35,cc27f042-d600-4cd5-be77-fa866ae0fae6,15.26,7.53,6.22,,33.25,12.74,0.86,5.72,0.39,6.6,11.19,12.35,6.13,28.21,33.22,8.13,0.8,16.33,8.06,14.01,14,30,173.9,small,,,16,2566,1858,11,2026-04-06 20:04:40.629258+00,
Hammond,IN,Indiana,United States,Midwest,2026,1831000,77879,41.6187358,-87.4949488,30,3b44b00a-fede-4a4a-a77a-75896f1ecb28,15.05,10.08,12.44,55.9,5.8,14.63,7.21,1.63,0.82,3.5,9.98,6.67,5.61,28.12,18.16,23.91,4,16.63,5.67,14,14,137.5,539.9,medium,,,45,2567,638,11,2026-04-09 04:06:41.199169+00,
Crown Point,IN,Indiana,United States,Midwest,2026,1816138,34126,41.4091077,-87.34695,30,b56a7a5c-2ec8-4dfe-bc1f-790f2a96eedf,19.66,11.75,11.31,,5.07,10.09,4.07,0.93,1.6,4.21,5.39,6.63,3.99,15.85,20.47,,,20.47,,13.98,14,30.6,352.6,small,,,46,2568,1859,34,2026-04-09 03:12:40.370703+00,
Pasadena,TX,Texas,United States,South,2026,4856000,151950,29.6549958,-95.151055,30,1992d63b-15d2-4bfd-b46c-b4c7c7957c87,15.82,11.36,15.07,4.48,46.2,18.94,4.63,15.23,12.41,3.65,6.7,,8.2,20.94,11.95,37.57,13.33,21.26,,13.92,14,95.1,887.7,medium,,,161,2569,639,39,2026-04-09 11:04:41.31733+00,
Lowell,MA,Massachusetts,United States,New England,2026,2537000,115554,42.6389955,-71.3210199,25,bf857990-627e-4103-b9d8-b55610d0388b,12.36,7.15,21.42,2.97,11.46,12.59,0.5,4.85,6.07,3.22,7.95,0.77,4.22,25.17,36.03,,0.91,22.52,3.66,13.88,14,353.9,191.4,medium,,,110,2570,640,17,2026-04-10 23:50:45.844412+00,
Murphy,TX,Texas,United States,South,2026,4850100,21013,33.0164178,-96.6082332,30,db5e1a45-2ce7-4b42-90a2-22e74dbb31c6,21.91,10.39,7.73,,,9.06,2.88,2.38,16.27,4.73,2.35,,6.03,13.46,26.08,,16.27,22.31,,13.86,14,24.4,170.7,small,,,162,2571,1860,116,2026-04-09 10:18:40.046501+00,
Clinton,MA,Massachusetts,United States,New England,2026,2514430,8166,42.4188799,-71.6862021,25,d3bc49ef-5219-4a7a-8e8d-5c215a2cb467,20.14,19.86,6.98,,,13.42,,,,4.34,12.7,,10.31,11.27,15.42,,,15.42,,13.85,14,2.5,50.8,small,,,111,2572,1861,93,2026-04-10 23:19:40.616489+00,
Sherman,TX,Texas,United States,South,2026,4867496,43653,33.6285961,-96.6267224,30,af0c5255-25ca-4063-af51-6f80d5617961,18.12,10.07,11,5.47,,9.9,6.24,2.43,4.92,3.63,3.93,6.97,4.87,19.93,13.04,,,13.04,,13.77,14,38.9,717.9,small,,,163,2573,1862,117,2026-04-09 11:46:40.191154+00,
Peoria,IL,Illinois,United States,Midwest,2026,1759000,113150,40.7516409,-89.6171976,30,7cfade0a-997f-4fb5-b936-3c4a69d1fea9,15.76,11.3,16.42,10.62,11.27,13.02,7.1,10.06,5.03,6.55,6.99,5.84,6.71,18.4,20.9,14.76,4.66,14.69,0.38,13.75,14,142.9,1098.2,medium,,,84,2574,641,21,2026-04-08 23:39:42.494364+00,
Mahnomen,MN,Minnesota,United States,Midwest,2026,2739392,1240,47.3162,-95.9698,30,a42d47e8-141d-4a72-a74a-7b29e6728a75,24.86,16.11,11.69,,,13.9,,,11.21,,,,11.21,,5.83,,,5.83,,13.75,14,1.2,25.3,small,,,66,2574,1863,49,2026-04-10 20:13:57.559395+00,
Plainview,NY,New York,United States,Mid-Atlantic,2026,3658442,27100,40.7817708,-73.4731175,20,5349833d-7b3a-4304-9aba-3849107723f5,11.92,10.94,15.25,,,13.1,7.21,1.43,3.14,3.71,6.46,8.04,5.41,19.86,35.28,9.49,5.96,18.92,,13.75,14,39.8,210.2,small,,,74,2574,1863,65,2026-04-10 06:22:45.343258+00,
Union Point,GA,Georgia,United States,South,2026,1378380,1597,33.618816,-83.0750356,30,30431568-b67d-4c05-8a34-af9080bfa184,28.35,21.22,4.53,,,12.88,,,,,,,,6.57,7.39,,,7.39,,13.73,14,1.2,39.7,small,,,86,2577,1865,68,2026-04-09 22:42:40.79398+00,
Ferris,TX,Texas,United States,South,2026,4825752,2788,32.5367234,-96.6755371,30,1e153e3e-7da3-4973-899b-241869895f91,21.53,13.87,20.09,,,16.98,,,,,3.96,,3.96,17.7,10.52,,,10.52,,13.72,14,0,71.1,small,,,164,2578,1866,118,2026-04-09 09:32:40.338681+00,
North Bellmore,NY,New York,United States,Mid-Atlantic,2026,3651517,20583,40.6903458,-73.5390162,20,6e6ea547-b99a-485e-9e6e-0e7e16831df0,13.42,11.98,13.33,,,12.66,,,,1.07,8.45,6.7,6.45,31.74,6.82,,,6.82,,13.67,14,0.4,121.2,small,,,75,2579,1867,66,2026-04-10 06:18:40.267141+00,
Kerens,TX,Texas,United States,South,2026,4838992,1505,32.1311575,-96.2257,30,a988e7ad-c90e-4182-8cdf-4e81e57e7aec,20.92,13.51,,,,13.51,,,,,10.03,,10.03,9.66,15.28,,,15.28,,13.67,14,,47.4,small,,,165,2579,1867,119,2026-04-09 12:09:40.20916+00,
Crystal Lake,IL,Illinois,United States,Midwest,2026,1717887,40269,42.2332092,-88.3343598,30,3c5caddb-024c-4d36-a282-20c22a038e0a,15.17,10.45,11.24,4.35,,10.03,7.07,6.57,3.15,6.35,10.12,,6.9,18.84,26.9,8.01,1.98,14.06,6.33,13.64,14,94.3,380.8,small,,,85,2581,1869,64,2026-04-08 22:16:40.179584+00,
Hazel Crest,IL,Illinois,United States,Midwest,2026,1733695,13382,41.5741645,-87.6892945,30,d5e4b752-50be-4774-83cf-f1e89309a4bf,18.05,15.21,10.94,,,13.08,9.7,,13.95,6.18,12.09,8.46,10.71,17.95,10.77,,,10.77,3.86,13.6,14,2.9,107.5,small,,,86,2582,1870,65,2026-04-08 23:11:40.112343+00,
South Miami,FL,Florida,United States,South,2026,1267550,12026,25.7085496,-80.295105,30,8472cb57-72ca-49fe-ae25-833c1a11f554,18.53,12.87,22.78,,,17.83,4.94,2.49,17.6,4.04,0.98,,6.36,13.51,13.14,,9.72,11.82,5.86,13.58,14,15.4,92.8,small,,,117,2583,1871,72,2026-04-09 19:59:40.600475+00,
Penn Yan,NY,New York,United States,Mid-Atlantic,2026,3657177,5056,42.6607144,-77.0530713,20,2f10fee0-c740-4776-aae5-da7c80aa06d7,19.19,18.36,14.81,,,16.59,,,11.48,1.61,9.12,,8.61,13.7,10.32,,,10.32,,13.58,14,4.5,50.2,small,,,76,2583,1871,67,2026-04-10 06:31:40.717168+00,
Palm Bay,FL,Florida,United States,South,2026,1254000,119760,27.9548019,-80.6649623,30,9cad2711-894c-4bed-b605-ccd3b72010ea,16.61,12.03,8.34,,6.02,9.26,8.21,5.69,11.82,7.81,12.52,6.46,9.46,20.83,11.44,,7.97,10.11,,13.57,14,108.4,1713.3,medium,,,118,2585,642,42,2026-04-09 20:40:50.378221+00,
Odessa,TX,Texas,United States,South,2026,4853388,114428,31.8457,-102.3676,30,a6e7772b-aed9-450e-bf39-1e1f583f3f43,13.66,9.34,12.75,1.64,4.45,8.79,7.17,2.81,1.02,3.43,3.77,4.63,3.9,30.76,9.99,,,9.99,0.05,13.57,14,93.7,1334.6,medium,,,166,2585,642,40,2026-04-14 09:02:42.637144+00,
Harlingen,TX,Texas,United States,South,2026,4832372,71828,26.191204,-97.6973825,30,dd3a8d69-7e6a-499e-bf5b-f4591fc50708,16.74,8.3,12.8,0.61,15.67,10.58,6.98,0.81,10.87,1.88,3.36,13.62,6.72,18.52,17.53,,2.97,11.93,,13.54,14,37.6,788,medium,,,167,2587,644,41,2026-04-09 09:49:41.115112+00,
Fitchburg,MA,Massachusetts,United States,New England,2026,2523875,41946,42.5834,-71.8023,25,14c719a9-de55-4596-bfce-09f63ceb267b,11.75,8.96,13.87,,17.18,12.7,10.73,7.51,8.11,1.75,3.18,11.1,7.15,31.28,29.21,1.57,1.15,12.52,1.16,13.52,14,100.2,378.4,small,,,112,2588,1873,94,2026-04-14 03:34:44.643463+00,
McAllen,TX,Texas,United States,South,2026,4845384,142210,26.2249657,-98.246083,30,49bf9862-f2a7-4ea4-b03b-0ab889c810a1,14.9,9.58,14.56,3.61,6.99,10.21,7.18,3.68,7.57,4.64,6.98,6.41,6.49,21.86,18.75,9.17,2.67,11.38,0.14,13.51,14,93.2,1301.7,medium,,,168,2589,645,42,2026-05-08 21:54:03.368289+00,
Thief River Falls,MN,Minnesota,United States,Midwest,2026,2764570,8749,48.1112412,-96.1775617,30,93be495d-c542-4137-97bf-47acdafc57ff,13.73,9.76,5.94,11.92,,8.36,7.73,,8.06,,6.92,8.81,7.76,17.15,22.33,,,22.33,,13.47,13,13.9,150.7,small,,,67,2590,1874,50,2026-04-10 14:29:41.12801+00,
Greenville,TX,Texas,United States,South,2026,4830920,28164,33.1119392,-96.1102557,30,08d06bfc-a61f-437f-885c-8ae2798b009a,17.69,9.97,11.3,8.77,,10.4,9.68,7.53,8.51,7.29,10.53,16.04,10.16,24.85,9.04,,1.3,6.06,,13.4,13,37.5,478.1,small,,,169,2591,1875,120,2026-04-09 09:51:40.442475+00,
Haverhill,MA,Massachusetts,United States,New England,2026,2529405,67787,42.7829453,-71.0874356,25,7e65e42b-c67a-460d-b514-114584fc2e2e,15.04,11.46,13.04,11.63,,12.17,4.15,0.93,4.01,4.41,5.64,3.66,4.13,14.75,23.82,,,23.82,3.13,13.35,13,133,545.4,medium,,,113,2592,646,18,2026-04-10 23:52:40.546944+00,
Beaumont,TX,Texas,United States,South,2026,4807000,115147,30.084912,-94.1453303,30,aeb7063c-4220-487c-b2bc-2fb81b84c3b2,14.89,9.11,9.48,,12.85,10.09,10.4,9.03,9.43,8.51,7.54,8.7,8.91,29.72,7.18,,2.45,5.36,0.36,13.33,13,70,1482.7,medium,,,170,2593,647,43,2026-04-09 08:46:40.739357+00,
Moline,IL,Illinois,United States,Midwest,2026,1749867,42985,41.4823333,-90.4934074,30,be3a5de3-15e0-4d82-9b66-e5980b239cf8,14.05,12.24,14.89,16.9,8.08,12.8,9.61,9.49,1.83,5.71,6.36,,6.35,23.69,24.66,5.27,8.37,13.8,0.97,13.31,13,63.1,426.3,small,,,87,2594,1876,66,2026-04-08 23:07:41.285415+00,
Evansville,IN,Indiana,United States,Midwest,2026,1822000,117298,37.9877366,-87.5347053,30,f5be58af-ab76-4787-ade2-d29f043609f5,14.83,11.08,13.38,,13.06,12.41,2.4,,5.83,5.18,11.04,9.85,7.11,21.95,10.92,9.29,4.35,8.71,,13.31,13,139,1225.6,medium,,,47,2594,648,12,2026-04-09 04:05:42.29696+00,
Winona,MN,Minnesota,United States,Midwest,2026,2771032,25953,44.0512706,-91.6680758,30,97c28ece-938a-4e49-a31e-6e1b8ffe6a1e,16.26,11.05,7.37,13.77,24.76,12.78,4.82,,4.34,3.52,5.46,7.49,5.19,25.76,21.1,6.02,1.41,10.9,1.13,13.31,13,92.1,286.4,small,,,68,2594,1876,51,2026-04-10 14:46:41.744291+00,
Wheaton,IL,Illinois,United States,Midwest,2026,1781048,53975,41.8568334,-88.1081256,30,7a768a83-d893-4b17-b577-fd3b58d41b8e,13.23,10.24,11.23,10.75,8.7,10.33,4.05,4.53,14.18,5.5,3.49,7.14,6.59,19.12,30.5,6.8,,19.44,6.22,13.3,13,33.1,352.8,medium,,,88,2597,649,22,2026-04-08 23:47:40.611209+00,
Pawtucket,RI,Rhode Island,United States,New England,2026,4454640,75604,41.8748244,-71.3733235,25,231ed65b-0bbe-4643-8c54-d4caf1d7ecea,16.35,10.57,26.88,,,18.73,2.29,6.74,,5.85,6.83,2.52,4.75,23.64,13.01,,6.96,10.68,2.39,13.3,13,276.5,110.7,medium,,,19,2597,649,4,2026-04-14 07:16:40.397051+00,
Nampa,ID,Idaho,United States,Mountain,2026,1656260,100605,43.5849717,-116.5629353,35,cb98ef2f-1eb0-481d-87a8-0a766ba089bd,15.69,9.58,12.38,4,6.45,9.38,3.72,6.99,4.69,2.22,7.42,7.22,5.54,19.03,27.73,7.43,3.14,14.48,,13.29,13,185.1,912.4,medium,,,17,2599,651,6,2026-04-06 20:29:49.88847+00,
Fort Pierce,FL,Florida,United States,South,2026,1224300,47527,27.4261117,-80.3424877,30,22764c18-bd92-4d51-930d-a0ca7406bb31,15.47,9.61,8.74,5.07,17.99,10.53,2.4,,3.2,5,4.6,0.99,3.24,19.21,14.08,,0.5,8.86,0.79,13.28,13,25.7,525.1,small,,,119,2600,1878,73,2026-04-09 18:39:40.689831+00,
Belleville,IL,Illinois,United States,Midwest,2026,1704845,42404,38.5159726,-89.9897789,30,225a9939-16d1-4d27-8a84-4570e4c4db43,19.44,11.87,8.23,45.77,2.73,12.16,,,8.77,3.38,6.98,3.85,6.31,17.51,13.28,11.36,,12.38,6.79,13.28,13,51.6,524.3,small,,,89,2600,1878,67,2026-04-08 21:59:40.763936+00,
Chelsea,MA,Massachusetts,United States,New England,2026,2513205,40787,42.3968243,-71.0313479,25,cfcc8c0b-0096-4cc1-9473-85e6760356a2,10.95,6.92,7.94,,,7.43,2.6,,8.87,5.64,0.04,18.05,6.2,15.92,34.93,,,34.93,8.32,13.24,13,20.5,82.7,small,,,114,2602,1880,95,2026-04-10 22:54:40.276591+00,
Miami Gardens,FL,Florida,United States,South,2026,1245060,111640,25.948892,-80.2435855,30,be6ad7cf-aace-45fa-b0c4-9ed2c1712454,15.02,11.87,23.21,,3.47,14.41,3.35,,,1.27,6.13,,4.24,11.92,9.19,,,9.19,,13.23,13,21.9,699.6,medium,,,120,2603,652,43,2026-04-09 19:22:40.956557+00,
Brookville,IN,Indiana,United States,Midwest,2026,1808182,2622,39.4232728,-85.01016,30,b0bf14fd-6686-4c5e-9f03-138567a3d125,16.78,12.48,7.41,,,9.95,,,,1.69,2.82,,2.5,24.44,17.29,,,17.29,,13.22,13,4.4,40.4,small,,,48,2604,1881,35,2026-04-09 03:01:57.805374+00,
Spring Hill,FL,Florida,United States,South,2026,1268350,113568,28.479207,-82.5296584,30,88617063-060b-41ea-87a0-3d83447532ed,19,15.91,11.48,27.5,,15.42,11.32,5.11,18.97,6.92,10.16,7.61,10.94,11.07,9.12,13.35,,11.09,,13.21,13,62.5,1489.3,medium,,,121,2605,653,44,2026-04-09 19:51:41.023977+00,
Mission,TX,Texas,United States,South,2026,4848768,85778,26.2040601,-98.3252207,30,25430a57-28ac-4866-9a8a-80ea2b88bdee,18.25,14.3,15.47,,,14.89,,3.93,9.34,3.83,4.65,,5.86,12.66,13.87,4.05,9.12,9.25,,13.21,13,74.4,781.5,medium,,,171,2605,653,44,2026-04-09 11:10:40.737164+00,
Socorro,TX,Texas,United States,South,2026,4868636,34306,31.6384912,-106.2574405,30,c7e2514a-eabb-46f9-bbfb-0bae9ac3b3a1,20.13,12.19,13.85,,11.89,12.77,,,,3.97,3.6,,3.71,8.78,16.79,,,16.79,,13.21,13,24.4,383.4,small,,,171,2605,1882,121,2026-04-09 10:58:40.328479+00,
Amarillo,TX,Texas,United States,South,2026,4803000,200393,35.1980643,-101.8331073,30,bb2a0514-e6bd-4361-8471-5221fd5bb78a,11.38,8.14,11.01,7.88,1.57,7.8,10,5.87,9.54,5.57,10.32,6.79,8.65,29.69,13.09,4.77,2.41,7.51,1.06,13.2,13,236.4,2373,medium,,,173,2608,655,45,2026-04-09 14:41:50.742263+00,
Laramie,WY,Wyoming,United States,Mountain,2026,5645050,31407,41.305955,-105.6086366,30,05eb4b5a-d35f-4d15-b402-cab89b799a2b,12.75,11.47,8.62,17.58,25.51,13.89,2.97,1.07,5.67,2.93,5.78,3.53,4.1,24.67,27.1,4.62,1,12.71,0.38,13.2,13,68.2,320.9,small,,,7,2608,1883,7,2026-03-31 01:54:40.712762+00,
Fort Smith,AR,Arkansas,United States,South,2026,524550,89142,35.3492757,-94.370883,30,4583300d-175c-493c-b8a1-0db18a7932a2,16.67,11.09,9.56,19.24,10.68,11.29,8.32,8.53,6.79,4.67,6.3,6.62,6.91,23.28,11.39,30.85,7.56,17.24,1.37,13.19,13,74.5,1268.8,medium,,,28,2610,656,9,2026-04-07 18:17:42.03339+00,
Haltom City,TX,Texas,United States,South,2026,4831928,46073,32.8176981,-97.2711516,30,0240f956-090a-4458-bfd1-c56567c51879,14.47,8.67,7.62,,,8.15,1.5,3.33,,2.55,3.32,,2.64,24.77,14.31,15.99,2.94,12.06,,13.19,13,41.9,352.6,small,,,174,2610,1884,122,2026-04-09 11:43:40.040206+00,
Galveston,TX,Texas,United States,South,2026,4828068,53692,29.1863276,-94.9657583,30,b00e6835-3ab1-4aca-a36f-bf936c4cd223,14.25,10.54,4.21,1.25,14.85,8.26,4.66,4.23,8.3,3.93,9.07,1.32,5.87,24.1,16.09,,7.31,12.71,2.97,13.17,13,81.3,686.1,medium,,,175,2612,657,46,2026-04-09 09:52:40.848851+00,
Watertown,NY,New York,United States,Mid-Atlantic,2026,3678608,24685,43.9748,-75.9098,20,d42064e0-8e9f-4ad5-b430-4bcf676a088d,11.4,8.74,13.18,9.89,,10.83,12.08,10.24,7.82,8.74,13.8,5.44,10.14,21.32,13.73,,,13.73,,13.16,13,30.7,209.6,small,,,77,2613,1885,68,2026-04-14 09:14:40.272194+00,
Cockrell Hill,TX,Texas,United States,South,2026,4815796,3815,32.738177,-96.8885804,30,5c76ba75-3736-4bb4-ab84-5bacdc406173,23,18.35,6.58,,,12.47,,,,7.55,6.58,,6.86,26.39,5.81,,,5.81,6.58,13.13,13,3.2,21.9,small,,,176,2614,1886,123,2026-04-09 08:40:40.808832+00,
Midland,TX,Texas,United States,South,2026,4848072,132524,32.0246419,-102.1134666,30,542943a3-5483-4522-9680-033008327a42,13.47,8.99,7.42,3.43,91.38,24.36,4.35,2.67,2.75,3.19,5.9,4.42,4.14,24.04,21.64,,3.41,14.63,0.02,13.05,13,71.3,1641.2,medium,,,177,2615,658,47,2026-04-09 13:07:41.458689+00,
Barnesville,GA,Georgia,United States,South,2026,1305344,6292,33.0486532,-84.1492844,30,90b8a717-9c54-469d-8f33-f6eb2e132356,22.31,15.03,7.1,,28.77,15,10.55,,,1.39,2.41,4.55,5.05,23.89,0.32,,,0.32,,13.04,13,3.3,98.3,small,,,87,2616,1887,69,2026-04-09 21:07:40.430827+00,
Hobbs,NM,New Mexico,United States,Mountain,2026,3532520,40508,32.7290892,-103.1605883,30,a8ef9ccc-aee9-436e-be83-4747d90be36a,14.3,10.65,7.04,21.9,43.04,16.99,4.35,14.27,11.27,2.16,4.16,5.34,6.61,20.63,14.17,,3.93,10.23,,13.04,13,73.1,473.9,small,,,13,2616,1887,10,2026-04-11 00:59:40.620087+00,
Highland,IN,Indiana,United States,Midwest,2026,1833466,23992,41.5466221,-87.4576162,30,2d2f0acc-04b2-4b9a-bfff-bc179eba95f3,12.52,12.15,9.33,,,10.74,7.33,,,4.27,5.33,,5.86,22.39,29.07,10.82,2.42,16.02,,13.03,13,37.2,185.8,small,,,49,2618,1889,36,2026-04-09 03:35:40.733496+00,
Killeen,TX,Texas,United States,South,2026,4839148,153078,31.0776691,-97.731952,30,232dacc0-d3d0-4d19-bbe3-6d33f1eb4b42,15.49,10.91,10.53,3.47,4.86,8.82,5.96,3.45,9.32,5.43,9.35,12.77,8.2,22.53,10.01,,1.64,6.79,,12.99,13,51.3,1283.2,medium,,,178,2619,659,48,2026-04-09 12:43:41.314021+00,
Syracuse,NY,New York,United States,Mid-Atlantic,2026,3673000,148620,43.0409981,-76.1435544,20,9fcfdb94-be9d-4020-974e-b2b4f3588e5c,9.84,7.54,12.55,4.27,17.41,10.94,8.66,3.49,3.74,4.88,7.32,6.88,6.18,34.27,23.62,4.46,3.58,11.9,0.12,12.98,13,118.9,816.1,medium,,,78,2620,660,5,2026-04-10 08:09:41.634949+00,
White Settlement,TX,Texas,United States,South,2026,4878544,18269,32.7550533,-97.4606867,30,754c53a9-316a-44b1-bdce-156880636a8e,14.48,10.18,7.84,,,9.01,6.32,0,,,0,,2.3,21.01,17.64,,,17.64,,12.98,13,5,140.9,small,,,179,2620,1890,124,2026-04-09 13:14:40.570487+00,
Orleans,IN,Indiana,United States,Midwest,2026,1857024,2108,38.6612,-86.4511,30,4b8e0fbd-021a-47ec-a9d1-601f436f8326,17.49,10.47,5.05,,,7.76,6.64,,,,7.92,,7.35,26.68,9.19,,,9.19,,12.97,13,4.7,45.8,small,,,50,2622,1891,37,2026-04-14 05:24:40.097632+00,
Poughkeepsie,NY,New York,United States,Mid-Atlantic,2026,3659641,31604,41.6945945,-73.9198692,20,a5e4878b-502b-4d30-b78b-8dfb39235216,11.46,8.97,15.9,,,12.44,1.1,,4.81,2.96,7.67,4.59,4.54,21.36,23.39,,,23.39,7.36,12.95,13,11.9,151.1,small,,,79,2623,1892,69,2026-04-10 07:21:40.148086+00,
Kilgore,TX,Texas,United States,South,2026,4839124,13376,32.3966689,-94.8600132,30,7b2d6378-1fe3-4095-8f04-a53b2cff4eec,20.4,12.55,11.32,3.97,10.31,10.81,1.31,5.15,2.04,3,1.07,6.08,2.66,24.48,16.13,,2.58,10.92,1.07,12.95,13,27,296.2,small,,,180,2623,1892,125,2026-04-09 10:26:40.392831+00,
Geneva,NY,New York,United States,Mid-Atlantic,2026,3628640,12812,42.8634882,-76.9827223,20,9bb8f6b5-45f2-4c6e-868b-55782469522c,15.71,15.08,14.46,23.41,9.86,14.65,4.52,5.1,11.26,3.98,8.63,,7.32,20.46,19.43,,4.79,13.8,3.13,12.88,13,26.4,95.4,small,,,80,2625,1894,70,2026-04-10 06:44:39.838748+00,
East Northport,NY,New York,United States,Mid-Atlantic,2026,3622612,20048,40.8791313,-73.3232436,20,2bdb9b70-decb-4ace-960f-a41338fee89e,15.06,13.78,18.16,,,15.97,,,,,3.89,10.69,6.44,24.15,10.39,,,10.39,3.8,12.86,13,9.4,168.5,small,,,81,2626,1895,71,2026-04-10 05:55:40.17936+00,
Florence,SC,South Carolina,United States,South,2026,4525810,40115,34.178923,-79.7922168,30,88d0ff5d-43eb-4367-a79f-ff2eeb487142,24.81,11.1,10.07,0.82,2.73,8.04,0.91,2.44,2.09,1.36,4.11,1.75,2.27,12.34,8.7,16.64,0.73,9.49,0.74,12.82,13,45.3,564.8,small,,,25,2627,1896,18,2026-04-13 21:30:40.425238+00,
Duncanville,TX,Texas,United States,South,2026,4821628,40706,32.6459498,-96.9138704,30,91273963-adba-4da5-a95f-a1a6b9be64d9,12.29,9.16,7.32,,,8.24,4.54,6.16,,8,9.59,,7.26,29.16,15.44,,1.96,10.26,,12.82,13,19.5,339.3,small,,,181,2627,1896,126,2026-04-09 08:40:40.047621+00,
Pinecrest,FL,Florida,United States,South,2026,1256625,18388,25.6651742,-80.3048568,30,b6415968-013c-4a0a-9df3-d10071b2ad2d,15.15,13.34,22.13,,,17.74,6.76,7.32,,12.54,4.36,,6.81,14.8,9.85,,8.81,9.45,,12.79,13,16.8,237.1,small,,,122,2629,1898,74,2026-04-09 19:27:40.956815+00,
La Salle,CO,Colorado,United States,Mountain,2026,843605,2359,40.3486691,-104.7061081,30,2eff8af0-d3a5-4506-a7e4-9bfff1f87a5a,31.14,12.03,10.98,,,11.51,,,,,,5.89,5.89,,4.97,,,4.97,,12.77,13,4.5,26.2,small,,,85,2630,1899,66,2026-04-09 00:28:40.389975+00,
Centralia,IL,Illinois,United States,Midwest,2026,1712164,12182,38.522066,-89.1235329,30,8c8596fe-5372-4bf2-b9ca-449c45c7160a,12.83,8.2,12.69,,,10.45,12.25,,5.18,1.45,11.33,10.07,8.86,22.2,18.31,,,18.31,0.05,12.75,13,26.4,211.5,small,,,90,2631,1900,68,2026-04-08 22:36:40.35978+00,
Arkansas City,KS,Kansas,United States,Midwest,2026,2002300,11974,37.0724994,-97.038436,30,d81a8bdc-5d01-44a6-83fe-a04e460cd2b3,9.68,7.27,8,13.18,,8.33,7.72,3.76,100,3.64,11.69,,29.65,24.93,15.13,,,15.13,,12.75,13,18.1,208.5,small,,,15,2631,1900,6,2026-04-09 03:50:40.322262+00,
Spencer,NC,North Carolina,United States,South,2026,3763760,3308,35.6912,-80.4348,35,ed7d6a7c-b579-4f5b-844a-41cd50c16b36,17.31,18.12,11.68,,,14.9,,,,,8.07,,8.07,17.6,6.17,,,6.17,12.91,12.75,13,2.1,64,small,,,60,2631,1900,42,2026-04-14 08:04:39.840345+00,
Caldwell,ID,Idaho,United States,Mountain,2026,1612250,60391,43.6458804,-116.6593359,35,1f5adde7-503b-4e00-8bfc-89327fb02664,15.93,9.87,10.59,5.04,,9.58,3.24,4.29,2.38,2.29,8.15,8.33,5.07,14.55,24.35,,0.84,15.31,0.9,12.73,13,98.2,664.8,medium,,,18,2634,661,7,2026-04-06 20:21:41.979291+00,
Olmos Park,TX,Texas,United States,South,2026,4853988,2180,29.4748534,-98.4865982,30,860ea8d9-3178-41c1-9126-fbcd4d91b259,22.24,13.18,,,,13.18,6.65,,,,,,6.65,14.81,9.22,,,9.22,,12.72,13,0.4,26.3,small,,,182,2635,1903,127,2026-04-09 12:49:40.411195+00,
Hurst,TX,Texas,United States,South,2026,4835576,40413,32.8366435,-97.1806272,30,9e0e9a08-80bd-4521-986c-a14f86012a19,14.8,10.05,9.39,2.61,,8.83,6.41,2.54,2.24,8.56,8.51,,5.84,26.04,18.59,,3.12,12.64,1.05,12.71,13,36.6,327.4,small,,,183,2636,1904,128,2026-04-09 09:43:45.003129+00,
Rock Island,IL,Illinois,United States,Midwest,2026,1765078,37108,41.4694441,-90.5853072,30,60acf786-e3f2-49e3-b100-735ed29c8343,14.1,9.48,14.26,11.33,12.97,12.04,,,4.14,0.76,4.06,,3.49,11.76,23.76,0.05,0.98,9.77,,12.68,13,54.5,353.7,small,,,91,2637,1905,69,2026-04-08 22:54:40.333263+00,
Lordsburg,NM,New Mexico,United States,Mountain,2026,3542180,2335,32.3437768,-108.7021199,30,591f0021-4d9f-4026-9f35-6f273ae000d8,14.67,11.57,9.48,,,10.53,10.39,,,,2.29,,5.89,31,15.04,,,15.04,1.63,12.64,13,5,103.9,small,,,14,2638,1906,11,2026-04-11 01:56:40.797524+00,
Everman,TX,Texas,United States,South,2026,4824912,6154,32.6288274,-97.2842465,30,1fd9d2a2-6e23-4841-9dfc-fed9f757603b,20.57,14.44,18.49,,,16.47,,,,,11.52,,11.52,11.52,1.81,,,1.81,,12.63,13,0.2,56.2,small,,,184,2639,1907,129,2026-04-09 09:24:39.698203+00,
Tyler,TX,Texas,United States,South,2026,4874144,105995,32.3172584,-95.3058858,30,ece2fe76-cfdf-4e39-9b45-76fe470fe0e1,15.9,10.8,9.76,10.44,17.71,11.78,3.69,2.63,9.05,5.08,8.84,10.83,7.15,23.65,7.13,,,7.13,,12.63,13,109.3,1204.4,medium,,,184,2639,662,49,2026-04-09 11:44:41.275332+00,
Sterling,CO,Colorado,United States,Mountain,2026,873935,13735,40.6204866,-103.1925816,30,3f6ab212-4b60-467c-a750-d5b4e264f17b,24.87,20.02,3.06,8.34,,11.14,,4.87,1.53,0.48,1.27,6.87,2.74,14.02,1.76,,,1.76,,12.58,13,18.2,155,small,,,86,2641,1908,67,2026-04-09 01:03:40.599539+00,
Villa Park,IL,Illinois,United States,Midwest,2026,1777993,22263,41.8856124,-87.9782345,30,78e369f8-e90c-4016-9aec-6b0135a03e7b,12.79,9.86,8.17,,,9.02,12,0.17,,5.93,9.61,,8.33,24.38,10.5,,,10.5,5.37,12.56,13,13.7,147.2,small,,,92,2642,1909,70,2026-04-08 23:36:40.705572+00,
Tonawanda,NY,New York,United States,Mid-Atlantic,2026,3674166,15129,43.011935,-78.8834425,20,739b3dae-ed50-4db7-bca7-2be011966197,13.01,8.37,8.04,,,8.21,2.35,4.65,,1.86,4.25,2.13,3.13,29.77,19.61,,1.82,12.77,,12.53,13,17.4,116.7,small,,,82,2643,1910,72,2026-04-10 07:18:41.022903+00,
Princess Anne,MD,Maryland,United States,Mid-Atlantic,2026,2464000,3446,38.2051374,-75.6963835,30,116f6a71-de2b-4549-b92f-44950325af18,25.55,18.26,9.14,,,13.7,,,,0.35,0.35,,0.35,10.34,10.36,,3.66,7.78,,12.5,13,0.2,44.6,small,,,64,2644,1911,47,2026-04-10 00:04:40.587533+00,
Bourbonnais,IL,Illinois,United States,Midwest,2026,1707471,18164,41.182994,-87.8784726,30,7b0b7fab-1c16-4ea7-ad69-3d9b61639682,16.18,10.25,9.23,,26.07,13.37,4.29,,,2.12,4.49,,3.99,14.21,16.89,,,16.89,15.45,12.46,12,5.1,177.4,small,,,93,2645,1912,71,2026-04-08 21:45:42.941578+00,
Lubbock,TX,Texas,United States,South,2026,4845000,257772,33.5619007,-101.888883,30,f6fccbfe-f8ef-4f92-8de6-a1f9cde5280e,11.93,7.72,7.69,1.4,21.96,9.93,7.02,3.04,8.96,5.11,5.8,6.43,6.43,29.41,12.48,,6.65,10.24,2.24,12.45,12,247.5,3110.6,medium,,,186,2646,663,50,2026-04-09 14:23:50.725403+00,
Sarasota,FL,Florida,United States,South,2026,1264175,54842,27.3382567,-82.5437207,30,005a9a51-f193-4752-973f-15e31912eb1c,14.95,11.23,6.49,7.35,,8.67,7.87,2.3,3.8,3.18,9.58,7.34,6.38,20.49,19.3,,8.73,15.23,2.05,12.44,12,57.1,519,medium,,,123,2647,664,45,2026-04-09 19:41:40.987762+00,
Marion,IN,Indiana,United States,Midwest,2026,1846908,28289,40.5584,-85.6591,30,1f64f694-82da-4632-82e3-235b3382bbf2,16.61,12.27,12.92,10.12,40.64,17.96,,,6.17,3.83,2.17,,3.93,9.91,19.25,24.21,,21.56,0.4,12.36,12,46.1,383.2,small,,,51,2648,1913,38,2026-04-14 05:41:40.287992+00,
Silver City,NM,New Mexico,United States,Mountain,2026,3573260,9704,32.7785811,-108.2694089,30,8b0a77fe-6452-4e2a-8572-98ad8b22835e,14.72,12.01,18.87,,12.62,14.81,7.27,,12.99,0.74,1.32,2.39,5.35,18.35,9.76,,,9.76,,12.3,12,41.1,191.3,small,,,15,2649,1914,12,2026-04-11 03:02:41.669598+00,
Cañon City,CO,Colorado,United States,Mountain,2026,811810,17141,38.4418862,-105.2208995,30,fce3049c-c67c-421f-aef2-6b096ba40933,15.57,11.23,4.71,4.15,,7.49,6.48,0.64,6.55,0.74,1.47,8.96,4.46,20.22,8.58,6.91,,7.8,5.35,12.25,12,18.8,229.9,small,,,87,2650,1915,68,2026-04-08 23:52:40.439357+00,
Needham,MA,Massachusetts,United States,New England,2026,2544140,32091,42.2815935,-71.2424143,25,c6906ac1-770a-4820-b023-c56aa1ce876d,12.68,8.77,12.69,11.86,,10.87,0.93,1.18,4.78,1.46,5.09,5.4,3.49,11.82,37.34,,5.26,25,5.96,12.25,12,83.4,288.4,small,,,115,2650,1915,96,2026-04-10 23:11:44.715806+00,
Leadville,CO,Colorado,United States,Mountain,2026,844320,2633,39.247277,-106.2934602,30,da41a791-0536-44c6-b5e5-78d9ba02cba0,13.78,15.19,6.93,,,11.06,,,9.76,,6.04,,7.69,26.94,9.13,,,9.13,6.49,12.2,12,7.7,42.4,small,,,88,2652,1917,69,2026-04-09 01:05:40.304629+00,
Cheyenne,WY,Wyoming,United States,Mountain,2026,5613900,65176,41.1287019,-104.7907776,30,953393d4-2595-4317-9f85-3cdf5431bf53,13.55,9.1,11.88,,,10.49,5.55,1.7,3.93,4.6,8.28,6.7,5.6,19.86,17.75,12.91,3.15,12.41,,12.16,12,366.9,786.8,medium,,,8,2653,665,1,2026-03-31 02:53:53.501719+00,
Mansfield,MA,Massachusetts,United States,New England,2026,2538230,7830,42.0334,-71.2187,25,e70bf04b-fb49-4076-8610-b1786765d1b5,20.75,15.8,4.86,,,10.33,,,,3.68,,,3.68,3.13,23.28,,,23.28,13.88,12.14,12,7.3,73,small,,,116,2654,1918,97,2026-04-14 03:05:40.901667+00,
Hialeah,FL,Florida,United States,South,2026,1230000,223109,25.8699408,-80.302865,30,d6a7e291-f205-4439-8586-146cc1ea3cfd,11.46,8.26,23.61,,5.18,13.55,3.02,0.77,3.85,6.79,12.19,,6.09,16.15,8.47,,,8.47,0.35,12.03,12,33.3,862.2,medium,,,124,2655,666,46,2026-04-09 18:43:41.719507+00,
Pine Bluff,AR,Arkansas,United States,South,2026,555310,41253,34.2115909,-92.0175552,30,3a3f3a97-db88-4c7a-8b6a-eb824b52cda1,21.32,11.95,13.54,2.99,52.49,19.72,0.06,,4.26,0.36,3.38,,2.33,10.62,3.94,,0.4,2.58,,12.02,12,35.7,901.2,small,,,29,2656,1919,20,2026-04-07 18:24:42.094591+00,
Ennis,TX,Texas,United States,South,2026,4824348,20174,32.3250674,-96.6337986,30,ed2be5c1-bbbb-4e36-8152-fa98570e58e4,17.18,8.12,16.1,,,12.11,,,1.73,1.06,3.29,,2.32,9.93,15.88,,,15.88,,12.02,12,4.5,422.1,small,,,187,2656,1919,130,2026-04-09 10:10:40.259414+00,
Effingham,IL,Illinois,United States,Midwest,2026,1722736,12254,39.1206617,-88.5508588,30,ff3aac73-fd61-4e84-94bb-d570bb6ec713,17.36,12.82,3.01,,,7.92,8.48,2.75,13.67,8.91,8.62,,9.12,26.58,6.97,4.72,,5.92,0.79,12,12,35.5,218.5,small,,,94,2658,1921,72,2026-04-08 22:06:40.736912+00,
Glen Ellyn,IL,Illinois,United States,Midwest,2026,1729756,28971,41.8667152,-88.0627106,30,729caef9-9513-45a3-98ee-49cdcb8319cb,13.62,10.57,10.71,11.38,,10.73,3.3,1.61,,3.5,7.31,4.29,4.55,17.52,22.72,3.21,,13.62,2.74,11.96,12,19.1,201,small,,,95,2659,1922,73,2026-04-08 23:16:40.394589+00,
Garland,TX,Texas,United States,South,2026,4829000,246148,32.9098262,-96.6303341,30,9b8cc3d9-f771-4a4e-aa67-7955714001a8,12.09,8.79,10.41,2.12,,8.67,8.55,5.2,5.14,5.97,8.44,0.5,6.04,23.18,16.02,5.29,3.27,9.08,4.1,11.95,12,183,1596.2,medium,,,188,2660,667,51,2026-04-09 12:17:44.367691+00,
North Miami,FL,Florida,United States,South,2026,1249450,60193,25.9008286,-80.1685999,30,d40a3f85-ed51-42db-b88a-3fda6489f3b3,11.46,8.67,23.17,,10.28,14.67,9.74,0.63,1.26,2.94,6.75,,4.99,19.88,13.51,,2.13,9.13,,11.94,12,57.8,247.3,medium,,,125,2661,668,47,2026-04-09 19:32:45.114638+00,
Alamogordo,NM,New Mexico,United States,Mountain,2026,3501780,30907,32.8836188,-105.9636068,30,85542268-a077-48ff-b054-315cc8e541ea,13.77,7.95,10.81,,4.27,8.24,4.42,1.88,0.18,0.12,3.98,6.12,3.03,24.84,10.12,,,10.12,,11.93,12,31.4,395.6,small,,,16,2662,1923,13,2026-04-11 02:50:40.508938+00,
Stone Mountain,GA,Georgia,United States,South,2026,1373816,6703,33.8041875,-84.1714198,30,2aa09019-4c1a-4d03-94d6-cd7c57fc4842,33.87,12.7,7.22,,,9.96,0.59,0.59,,,,,0.59,5.74,19.77,,1.85,12.88,,11.87,12,2.6,55.9,small,,,88,2663,1924,70,2026-04-09 21:12:40.175912+00,
Iola,KS,Kansas,United States,Midwest,2026,2034300,5396,37.9274265,-95.4006687,30,e4931480-d5bb-4491-b16f-b875b2b9e535,13.12,10.6,2.58,27.64,,9.22,11.58,,19.04,,,,15.31,12.75,18.59,12.14,0.44,11.8,,11.86,12,40.4,116.7,small,,,16,2664,1925,7,2026-04-09 04:13:40.555836+00,
Olean,NY,New York,United States,Mid-Atlantic,2026,3654716,13937,42.0839431,-78.4351188,20,51480266-31b5-48db-87fb-4eaccf167e49,12.09,9.74,11.73,5.02,,10.02,,,4.94,,9.26,12.11,8.53,9.89,19.67,,,19.67,,11.86,12,3.8,154.6,small,,,83,2664,1925,73,2026-04-10 06:29:40.313384+00,
Anderson,SC,South Carolina,United States,South,2026,4501360,28514,34.5214866,-82.6435172,30,1908a57d-c720-437c-8e2b-3f37f837c925,18.89,11.62,4.53,5.54,17.14,9.63,0.8,,8.26,1.35,7.45,5,5.07,19.55,9.8,,0.48,6.22,,11.79,12,37.9,433.8,small,,,26,2666,1927,19,2026-04-13 21:34:42.121831+00,
Peru,IL,Illinois,United States,Midwest,2026,1759234,9927,41.3579291,-89.1393904,30,a56016c8-5dde-4463-a582-525cfb7ef9ad,12.37,11.3,5.29,,,8.3,0.68,0.93,2.11,15.22,11.46,,5.93,21.32,13.42,,,13.42,,11.78,12,16.2,171.1,small,,,96,2667,1928,74,2026-04-08 22:28:40.364727+00,
Yonkers,NY,New York,United States,Mid-Atlantic,2026,3684000,211569,40.9312,-73.8988,20,be5f3860-114d-4993-9c7e-f977cf4cb2c9,10.33,7.53,17.57,9.15,3.91,10.48,7.35,3.87,6.87,6.98,6.71,8.3,6.85,24.55,23.25,3.02,4.07,11.37,4,11.77,12,95.1,653.5,medium,,,84,2668,669,6,2026-04-14 10:04:40.806044+00,
Riverton,WY,Wyoming,United States,Mountain,2026,5666220,10682,43.0262558,-108.3813031,30,2aec78c7-f17c-4087-aa36-0f1c80b3a80a,16.85,10.79,7.84,,14.89,10.55,,,5.03,6.9,2.75,,4.33,6.83,15.47,,,15.47,,11.74,12,18,169.6,small,,,9,2669,1929,8,2026-03-31 01:50:40.119777+00,
Highland Park,TX,Texas,United States,South,2026,4833824,8864,32.8310564,-96.8012347,30,7b9b7992-c080-4888-82a2-713f88b61175,15.66,8.19,3.85,,,6.02,23.96,,,,7.01,,14.54,10.35,15.49,,,15.49,,11.73,12,21.5,84.2,small,,,189,2670,1930,131,2026-04-09 11:21:40.480446+00,
Emporia,KS,Kansas,United States,Midwest,2026,2021275,24151,38.4018603,-96.1916541,30,6477f61a-24ca-482f-9db4-ead9f51a64f6,11.44,8.3,13.61,8.02,15.72,11.61,3.84,1.59,3.28,3.4,7.79,4.34,4.52,19.11,17.38,,2.01,11.47,,11.66,12,68.5,283.6,small,,,17,2671,1931,8,2026-04-09 03:48:40.544274+00,
Port St. Lucie,FL,Florida,United States,South,2026,1258715,204851,27.2805537,-80.3882609,30,51d6a455-33eb-4753-8e99-72449bdb62d3,15.86,11.03,7.5,10.02,,9.36,5.23,10.33,9.5,2.8,10.18,22.02,10.11,13.69,9.65,100,5.79,40.31,1.17,11.6,12,109.7,2348,medium,,,126,2672,670,48,2026-05-08 21:53:46.849327+00,
Twin Falls,ID,Idaho,United States,Mountain,2026,1682810,51833,42.563807,-114.4605969,35,a35cf823-33c7-4745-b390-f71a8cbd9bb2,11.68,6.74,10.8,7.42,,8.6,3.39,2.36,6.33,2.7,10.22,4.11,5.62,19.33,14.09,,,14.09,,11.59,12,46.9,536.6,medium,,,19,2673,671,8,2026-04-06 20:16:50.892299+00,
Mineral Wells,TX,Texas,United States,South,2026,4848684,14820,32.8234826,-98.0787981,30,5d6ccaad-104f-4932-9d26-ccf6319f1113,14.88,11.23,10.79,1.24,,9.79,6.87,3.75,7.99,16.44,8.02,14.33,9.15,16.61,8.95,5.3,1.23,5.74,,11.58,12,79.2,321.2,small,,,190,2674,1932,132,2026-04-09 12:29:40.840536+00,
Salem,IN,Indiana,United States,Midwest,2026,1867464,6390,38.6045837,-86.0974586,30,dd106202-4ae5-4168-a9c7-39899fd4e631,20.8,11.67,,,,11.67,,,10.31,,2.84,16.44,8.73,4.28,1.12,,,1.12,,11.54,12,14.5,107.3,small,,,52,2675,1933,39,2026-04-09 03:34:40.578844+00,
Huntington Station,NY,New York,United States,Mid-Atlantic,2026,3637044,34878,40.8444877,-73.4048123,20,e6db2e2d-985a-4e6c-9f2b-d8692cb1f707,11.84,10.49,10.86,,,10.68,2.31,1.99,,4.88,11.04,,6.01,28.33,10.54,,,10.54,1.45,11.51,12,9.3,196.3,small,,,85,2676,1934,74,2026-04-10 06:39:40.186693+00,
Owensboro,KY,Kentucky,United States,South,2026,2158620,60192,37.7571718,-87.1173984,35,06791870-78c9-457f-90f3-a0e2a3eef90c,13.59,8.35,9.06,4.88,4.98,7.58,6.49,4.49,0,2.47,6.07,6.22,4.44,15.19,17.01,17.11,,17.06,,11.47,11,77,587.1,medium,,,21,2677,672,2,2026-04-08 21:14:40.380781+00,
Greenlawn,NY,New York,United States,Mid-Atlantic,2026,3630543,13661,40.8635153,-73.3657541,20,64cda171-fd4d-4555-8cce-a10c3fe3302c,16.09,14.06,9.52,,,11.79,3.25,,,3.25,,6.19,4.23,11.71,20.12,,,20.12,6.26,11.46,11,8.2,120.1,small,,,86,2678,1935,75,2026-04-10 05:50:40.703773+00,
Holton,KS,Kansas,United States,Midwest,2026,2032825,3401,39.4698613,-95.7325554,30,f1c43dbd-31da-4a38-b8c7-0675392d5b2f,15.99,10.78,5.7,,,8.24,,,100,,8.67,,49.26,10.92,13.25,,,13.25,,11.43,11,1.5,63.2,small,,,18,2679,1936,9,2026-04-09 03:53:40.11721+00,
Kokomo,IN,Indiana,United States,Midwest,2026,1840392,59604,40.4640111,-86.1273493,30,5322e54b-fab8-4003-b7b6-eaf6ac617544,12.24,7.45,11.16,1.41,3.24,7.3,8.63,4.46,13.44,6.56,4.87,11.87,8.51,19.41,18.72,6.2,2.73,10.34,0.31,11.42,11,75.8,685.8,medium,,,53,2680,673,13,2026-04-09 03:59:44.922554+00,
Powell,WY,Wyoming,United States,Mountain,2026,5662450,6419,44.7617826,-108.7575805,30,fa104186-a956-46b2-9690-03c94c5f1d6c,10.48,9.38,9.46,12.54,,9.81,2.46,,10.75,2.01,13.84,10.4,8.74,17.31,12.43,,,12.43,,11.41,11,17.3,77.5,small,,,10,2681,1937,9,2026-03-31 01:42:58.539271+00,
Pelham Manor,NY,New York,United States,Mid-Atlantic,2026,3657023,5752,40.8930678,-73.8059277,20,c47faa7f-9a09-4060-ab19-8fd102b81784,20.99,12.29,6.88,,,9.59,,,,,2.91,,2.91,17.35,9.42,,,9.42,,11.4,11,0.6,51.3,small,,,87,2682,1938,76,2026-04-10 07:12:40.696922+00,
Hollywood,FL,Florida,United States,South,2026,1232000,153017,26.0309669,-80.1646092,30,333b4f91-38cb-4d8e-abf6-bf690cd7e3de,12.75,9.64,8.64,,74.51,23.67,2.18,,6.07,2.97,8.09,3.36,4.97,19.35,15.35,,6.81,12.07,3.94,11.39,11,51.7,847.8,medium,,,127,2683,674,49,2026-04-09 19:05:45.149844+00,
Englewood,CO,Colorado,United States,Mountain,2026,824785,33659,39.6469793,-104.9944653,30,82a848d4-a093-44cf-b162-518394a7de49,10.59,8.78,4.58,,,6.68,7.17,2.86,6.62,7.41,9.3,,7.19,22.05,14.15,,5.16,10.69,5.16,11.38,11,38.3,244.3,small,,,89,2684,1939,70,2026-04-09 00:47:44.947072+00,
Rockford,IL,Illinois,United States,Midwest,2026,1765000,149028,42.2592998,-89.0634783,30,774cf1b1-fcd3-4737-9e5e-5ca565ce40be,11.17,7.4,11.9,7.25,9.02,9.28,9.61,6.06,5.02,5.51,5.99,7.61,6.72,21.29,14.07,9.1,3.73,9.75,4.31,11.38,11,135.8,1530.8,medium,,,97,2684,675,23,2026-04-08 23:55:42.351043+00,
Union City,IN,Indiana,United States,Midwest,2026,1877768,3454,40.2009,-84.803,30,b07af1e7-4c0d-4287-812b-e5c076ac5273,16.31,14.57,22.58,,,18.58,,,,,,,,2.49,5.73,,,5.73,,11.38,11,6.9,52.7,small,,,54,2684,1939,40,2026-04-14 04:46:40.28433+00,
Danville,IL,Illinois,United States,Midwest,2026,1718563,29204,40.1426281,-87.6107068,30,6b788504-eee6-41f4-967b-5210b56dc94f,16.45,9.69,7.09,2.35,,7.64,0.61,,3.84,0.98,4.14,2.06,2.59,18.98,10.66,,,10.66,1.21,11.37,11,45.9,385.4,small,,,98,2687,1941,75,2026-04-08 22:32:43.514698+00,
Kenmore,NY,New York,United States,Mid-Atlantic,2026,3639232,15205,42.9646327,-78.8712899,20,97bd2439-4cbf-4599-b018-1984d3558a6c,12.81,11.14,12.27,,,11.71,,3.67,,3.88,,,3.78,23.98,7.49,,5.78,6.83,,11.34,11,1.1,65.7,small,,,88,2688,1942,77,2026-04-10 06:51:40.476635+00,
Newburgh,NY,New York,United States,Mid-Atlantic,2026,3650034,28856,41.5032494,-74.0196402,20,1c15a0f8-5154-4f4f-be2f-dea706f9ea1e,10.82,9.93,21.44,9.15,,14.87,,,4.63,1.96,7.44,,5.42,12.45,11.48,,,11.48,,11.26,11,3.5,118.8,small,,,89,2689,1943,78,2026-04-10 06:24:40.223529+00,
China Grove,NC,North Carolina,United States,South,2026,3712480,4448,35.5725087,-80.5747624,35,ae5448f3-2ecb-413a-be0a-958693f0865f,21.13,14.7,10.91,,,12.81,,,,1.54,6.86,,5.34,8.05,13.39,,3.61,9.63,,11.24,11,0,84.8,small,,,61,2690,1944,43,2026-04-10 08:59:40.038478+00,
Watauga,TX,Texas,United States,South,2026,4876672,23650,32.8717988,-97.2514879,30,22c036d2-baae-48c7-acd2-d29f82abc8aa,13.31,8.3,3.87,,,6.09,6.57,5.34,,7.11,7.11,,6.67,19.53,12.67,,,12.67,,11.23,11,12.6,166,small,,,191,2691,1945,133,2026-04-09 11:58:39.821579+00,
Waynesville,NC,North Carolina,United States,South,2026,3771500,10140,35.4856634,-82.9992063,35,a2ff4271-1be4-4866-9a0b-00a0d9ccaf36,16.63,10.52,3.48,,,7,,,,7.28,11.8,3.72,8.47,16.14,6.45,,,6.45,,11.22,11,13.6,228.5,small,,,62,2692,1946,44,2026-04-10 08:30:40.800853+00,
Woodway,TX,Texas,United States,South,2026,4880224,9416,31.4983337,-97.230789,30,946914bf-c318-4f2d-a6b0-8efbfd5a9d5c,25.84,16.71,12.24,,,14.48,0.05,0,,0.81,0.81,,0.45,5.85,9.94,,,9.94,,11.13,11,7.2,170.5,small,,,192,2693,1947,134,2026-04-09 13:15:40.228606+00,
El Paso,TX,Texas,United States,South,2026,4824000,678765,31.8477804,-106.4311055,30,8488dea2-09b1-416b-8bf0-9a7ff379651c,12.26,9.03,10.46,6.08,6.69,8.77,3.89,4.26,4.43,3.59,5.42,7.23,4.89,18.06,16.24,13.7,4.74,12.48,3.73,11.12,11,643.7,4960.5,large,,,193,2694,72,8,2026-03-31 13:24:08.542718+00,
Buffalo,NY,New York,United States,Mid-Atlantic,2026,3611000,278349,42.8924919,-78.8596862,30,65f03160-5833-4508-9e99-f6a16f99b747,8.18,5.97,14.74,5.51,6.8,9.16,5.87,3.29,4.56,4.71,8.5,5.03,5.77,25.26,21.17,4.8,3.98,11.14,4.79,11.1,11,236,1234.9,medium,,,90,2695,676,7,2026-04-10 17:07:05.565497+00,
Albert Lea,MN,Minnesota,United States,Midwest,2026,2700694,18492,43.6542926,-93.3641484,30,5f759b62-baa3-4dba-8db0-b96c93cfc9c3,13.27,10.47,6.26,6.2,,8.09,,,3.64,0.74,8.35,10.07,6.29,8.67,24.35,1.01,,13.46,,11.09,11,20.6,298.7,small,,,69,2696,1948,52,2026-04-10 13:20:40.879657+00,
Chicago,IL,Illinois,United States,Midwest,2026,1714000,2746349,41.8370453,-87.6849386,30,26e56469-297c-404e-a477-c0de660a9d2b,5.28,3.75,13.54,3.5,6.32,7.67,5.84,5.55,3.17,4.9,8.86,8.21,6.29,32.55,17.52,5.25,2.26,9.41,6.47,11.08,11,1834.3,6267.2,large,,,99,2697,73,1,2026-05-08 21:53:50.74062+00,
Marysville,KS,Kansas,United States,Midwest,2026,2045050,3447,39.8447,-96.6483,30,33c774b4-cd34-4106-836f-b15bd3d42bec,14.63,11.38,8.64,,,10.01,2.19,0.56,3.7,1.29,6.58,,3.54,15.29,3.54,,,3.54,,11.04,11,3.8,85.6,small,,,19,2698,1949,10,2026-04-14 05:08:40.179005+00,
Edgecliff Village,TX,Texas,United States,South,2026,4822588,3788,32.6560774,-97.3405976,30,4f753219-84b2-40d4-987d-87888a98e244,25.08,17,,,,17,4.88,,,,,,4.88,6.76,9.4,,9.4,9.4,,11.02,11,0.9,37.2,small,,,194,2699,1950,135,2026-04-09 08:22:40.282155+00,
New Port Richey,FL,Florida,United States,South,2026,1248500,16728,28.2466378,-82.7175016,30,adf44bc3-f5ab-4180-8252-47af4e6852d4,12.04,7.38,7.06,,4.59,6.64,9.22,3.43,3.04,10.18,7.2,13.64,7.66,17.36,12.47,,10.72,11.8,,10.94,11,3.8,160,small,,,128,2700,1951,75,2026-04-09 19:04:39.974279+00,
Wantagh,NY,New York,United States,Mid-Atlantic,2026,3678146,18613,40.6678588,-73.5104645,20,e3abf9c4-9973-42a7-b3d8-91a4f72ca5c1,15.92,10.28,10.44,,,10.36,,3.11,,,6,,5.17,13.92,16.36,,,16.36,0.16,10.89,11,11,135.1,small,,,91,2701,1952,79,2026-04-10 08:05:39.85232+00,
Brainerd,MN,Minnesota,United States,Midwest,2026,2707300,14395,46.3552689,-94.1983723,30,1d1a996c-e37c-413b-a44a-e64ba1882abf,16.56,8.63,6.07,8.69,,7.52,,,6,1,2.73,,3.6,5.05,17.46,28.67,,22.69,,10.87,11,34.5,214.7,small,,,70,2702,1953,53,2026-04-10 13:31:40.188885+00,
Anderson,IN,Indiana,United States,Midwest,2026,1801468,54809,40.0897656,-85.6894485,30,28182e66-9474-4a1d-8076-5537c47f3f15,13.86,12.46,7.36,,15.03,11.05,2.65,4.91,9.16,3.62,7.66,5.71,5.99,16.44,10.52,3.59,2.13,6,0.69,10.86,11,57.7,735.6,medium,,,55,2703,677,14,2026-04-09 03:15:40.686577+00,
Carlsbad,NM,New Mexico,United States,Mountain,2026,3512150,32238,32.4007904,-104.2410124,30,a9dea363-a622-4430-bfa8-3aa99af84edb,11.39,8.76,10.37,6.63,,9.2,3.7,1.88,2.97,3.11,2.41,6.4,3.4,18.02,18.94,2.63,4.84,9.71,,10.85,11,65.3,447,small,,,17,2704,1954,14,2026-04-11 02:55:41.241391+00,
Hagerstown,MD,Maryland,United States,Mid-Atlantic,2026,2436075,43747,39.6401819,-77.7226905,30,883caf70-6788-4e33-bce9-ec4baf6b6d10,12.76,10.41,8.97,,0.58,7.67,1.5,3.09,2.25,3.5,9.59,4.33,4.46,19.33,17.07,,5.54,12.64,0.51,10.83,11,40,245.4,small,,,65,2705,1955,48,2026-04-10 00:56:41.029288+00,
Gaffney,SC,South Carolina,United States,South,2026,4528060,12777,35.0735576,-81.6615325,30,dfdfc2e2-5dea-48f5-b23d-2e9025601a73,15.8,10.1,4.78,36.32,,11.05,2.54,,2.57,4.78,9.58,,5.19,16.66,9.38,,,9.38,,10.78,11,15.7,212,small,,,27,2706,1956,20,2026-04-13 21:19:41.696809+00,
Augusta,KS,Kansas,United States,Midwest,2026,2003300,9256,37.6980162,-96.9731604,30,53c135cf-a039-4edd-be5a-b49fcc0de30d,17.95,10.67,17.08,,,13.88,,,,,4.96,,4.96,6.76,9.98,,,9.98,,10.71,11,16.3,113.6,small,,,20,2707,1957,11,2026-04-09 03:55:40.24763+00,
San Angelo,TX,Texas,United States,South,2026,4864472,99893,31.4410777,-100.450499,30,c68717e9-ec94-4d73-a5b7-46e326043b33,13.25,9.55,7.7,30.94,8.34,10.8,2.74,0.55,4.78,3.15,7.55,1.15,3.93,15.92,9.05,,,9.05,0.05,10.7,11,77.2,1300,medium,,,195,2708,678,52,2026-04-09 13:31:41.114793+00,
Depew,NY,New York,United States,Mid-Atlantic,2026,3620313,15178,42.9117637,-78.7043632,20,6d88d7f0-2c4d-4341-8371-30fe8ed4456c,13.21,10.13,8.65,,,9.39,,6.7,,8.61,8.1,,7.9,14.04,10.84,,3.62,8.06,0.65,10.63,11,3.5,126.1,small,,,92,2709,1958,80,2026-04-10 06:13:40.172412+00,
Port Chester,NY,New York,United States,Mid-Atlantic,2026,3659223,31693,41.0047007,-73.6671746,20,16ee2eb5-1154-4bde-854c-2f859c1558f6,12.53,9.88,10.75,,,10.32,,,,0.61,4.42,3.72,3.45,17.59,21.29,,,21.29,0.97,10.6,11,1.9,87.6,small,,,93,2710,1959,81,2026-04-10 06:33:40.09449+00,
Long Beach,NY,New York,United States,Mid-Atlantic,2026,3643335,35029,40.5858353,-73.6654031,20,c0db123e-7f10-4544-9efc-79dfd740fcde,15.17,12.35,6.88,,,9.62,2.9,2.93,,4.89,7.48,,4.97,15,16.15,,3.27,11.2,8.84,10.58,11,9.1,85.2,small,,,94,2711,1960,82,2026-04-10 06:09:40.497348+00,
Wolfe City,TX,Texas,United States,South,2026,4879948,1399,33.3685277,-96.0719862,30,8a54af58-f4f1-4934-bd45-6a8a773c632c,24.22,4.89,3.22,,,4.06,,,,,2.36,25.73,11.12,2.43,12.88,,,12.88,,10.55,11,2.2,34.4,small,,,196,2712,1961,136,2026-04-09 11:16:40.07276+00,
Flossmoor,IL,Illinois,United States,Midwest,2026,1726571,9704,41.5391067,-87.685704,30,28d16b0d-4804-4dbc-90ed-cf1b6891ca0d,14.82,11.34,10.85,,,11.1,5.43,3.89,,,5.51,,5.19,10.44,18.09,,,18.09,6.22,10.54,11,2.3,106.9,small,,,100,2713,1962,76,2026-04-08 22:05:45.717226+00,
Buhl,ID,Idaho,United States,Mountain,2026,1610810,4558,42.5983624,-114.7595359,35,589eb58b-5085-4e26-80f1-ee42d7c323b2,14.99,12.81,9.75,,,11.28,,4.95,,,4.95,,4.95,10.67,12.12,,,12.12,,10.48,10,0.2,56.5,small,,,20,2714,1963,12,2026-04-06 19:53:45.075511+00,
Grants,NM,New Mexico,United States,Mountain,2026,3530490,9156,35.1541872,-107.8322747,30,61a09b1e-b069-4d37-84ce-7f7de836cd00,17,14.13,8.02,,4.78,9.68,,,8.93,7.09,13.57,,10.7,8.2,4.94,,1.61,3.66,,10.48,10,28,156.6,small,,,18,2714,1963,15,2026-04-11 01:19:41.508908+00,
Las Cruces,NM,New Mexico,United States,Mountain,2026,3539380,111385,32.3264441,-106.7896951,30,59174bb9-9889-4564-a170-90110db2eb90,13.33,7.58,6.92,4.42,11.5,7.82,4.5,2.93,5.07,3.97,6.52,6.67,5.23,16.17,14.13,11.99,,13.13,0.64,10.44,10,142.7,1210.1,medium,,,19,2716,679,3,2026-04-11 02:02:47.344724+00,
Ogdensburg,NY,New York,United States,Mid-Atlantic,2026,3654485,10064,44.7091795,-75.4632712,20,f1e809b4-ed02-4c9d-ab3f-bb21641c2868,14.01,11.92,9.12,,,10.52,3.32,3.32,9.1,2.8,3.65,,4.72,11.86,6.79,,,6.79,,10.44,10,22.8,111.5,small,,,95,2716,1965,83,2026-04-10 06:22:40.204099+00,
Brockton,MA,Massachusetts,United States,New England,2026,2509000,105643,42.082543,-71.0246378,25,fa724f35-762e-431b-9a48-be29f5ebe6fc,9.78,7.32,14.49,7.62,6,9.6,3.03,3.07,9.59,5.8,5.95,5.05,5.66,13.78,19.75,,,19.75,1.01,10.38,10,34.2,579.5,medium,,,117,2718,680,19,2026-04-10 23:59:40.319344+00,
Miami Springs,FL,Florida,United States,South,2026,1245200,13859,25.8201643,-80.2889453,30,c0280710-df5c-462d-81a1-6f33a6bb4d7f,14.62,9.89,16.55,,,13.22,12.19,1.03,3.9,,1.22,,4.83,8.76,10.48,,11.59,10.91,,10.35,10,14.5,118.9,small,,,129,2719,1966,76,2026-04-09 19:05:40.809289+00,
Huntington,IN,Indiana,United States,Midwest,2026,1835302,17033,40.8842,-85.4969,30,6965a0db-d294-4d30-b380-72abe632fa6d,12.81,10.8,8.46,,9.14,9.52,5.94,,1.68,4.59,3.69,1.6,3.5,8.29,14.39,7.49,1.68,8.8,,10.29,10,25.7,195.7,small,,,56,2720,1967,41,2026-04-14 04:58:40.125052+00,
Las Vegas,NM,New Mexico,United States,Mountain,2026,3539940,13204,35.6048183,-105.2170234,30,62477ca3-33a9-42c8-9834-0859aac54618,10.41,8.54,12.8,,7.68,10.01,0.75,3.86,4.61,1.83,8.06,6.23,4.59,19.86,14.24,,4.88,10.64,2.65,10.19,10,10.2,191.3,small,,,20,2721,1968,16,2026-04-11 00:52:40.917139+00,
Cape Coral,FL,Florida,United States,South,2026,1210275,193998,26.6431921,-81.9973643,30,5901faea-67b2-4ed9-ba2a-85533adacc63,15.15,11.49,5.17,2.95,,7.66,6.46,4.69,2.82,4.97,7.39,2.45,5.04,11.96,9.95,4.58,2.7,6.26,,10.17,10,125.3,2905.9,medium,,,130,2722,681,50,2026-04-09 21:00:45.392087+00,
Alton,IL,Illinois,United States,Midwest,2026,1701114,25676,38.9038978,-90.1512038,30,123d6d0c-8b42-4cf0-a9bf-2ac14953fd96,14.47,9.79,10.45,,,10.12,4.9,3.19,10.17,1.37,3.65,7.05,5.44,14.85,12.31,,0.62,7.81,2.58,10.16,10,20.8,370.4,small,,,101,2723,1969,77,2026-04-08 21:36:53.965834+00,
Marianna,AR,Arkansas,United States,South,2026,544120,3575,34.7736305,-90.7675008,30,cc6949ef-2cb9-42bb-ac11-8ab1f867e85a,20.03,16.6,7.11,,,11.86,1.82,,,,17.52,,10.54,9.87,5.79,,,5.79,1.66,10.09,10,0.4,85.4,small,,,30,2724,1970,21,2026-04-07 18:07:40.445546+00,
Decatur,IL,Illinois,United States,Midwest,2026,1718823,70777,39.8559828,-88.9337462,30,98ec530f-09b0-4a44-8c82-69a93e1f497d,14.22,7.53,7.51,0.68,15.37,8.41,4.47,,5.73,4.07,5.51,6,5.25,11.17,16.51,,10.07,14.03,0.06,10.08,10,75.4,930.2,medium,,,102,2725,682,24,2026-04-08 22:23:40.902018+00,
Elkhart,IN,Indiana,United States,Midwest,2026,1820728,53959,41.6915435,-85.962248,30,7bdc7a2d-7df8-4e01-9e0c-60c9df211e1d,13.84,6.75,8.15,6,0.99,6.01,5.4,3.94,5.46,3.11,6.25,3.27,4.93,10.34,15.89,,,15.89,0.85,10.08,10,66.5,634.3,medium,,,57,2725,682,15,2026-04-09 03:32:40.732404+00,
Gooding,ID,Idaho,United States,Mountain,2026,1632140,3707,42.9370476,-114.7131878,35,5fa6d80e-f7b3-40f9-a4d9-5d10184a2a0e,14.62,11.36,8.22,,,9.79,,,6.76,,13.89,,10.72,10.51,4.64,,,4.64,,10.07,10,6,52.8,small,,,21,2727,1971,13,2026-04-06 20:08:40.982476+00,
Roswell,NM,New Mexico,United States,Mountain,2026,3564930,48422,33.3734421,-104.5293929,30,71b7ab22-cca7-44b3-9893-926c294d9ac9,12.05,6.31,10.34,2.54,28.77,11.84,2.24,2.6,9.34,1.21,1.47,1.14,3.24,15.64,13.24,,,13.24,,10.01,10,58.3,602.4,small,,,21,2728,1972,17,2026-04-11 01:01:42.438872+00,
Gary,IN,Indiana,United States,Midwest,2026,1827000,69093,41.5907404,-87.3471127,30,7c921593-b9c8-403f-8a2b-984b7d00cef1,10.6,6.99,6.06,0.66,6.75,5.98,2.45,1.05,4.31,2.57,2.78,5.43,3.22,18.87,19.13,3.66,2,9.43,4.49,9.9,10,123.2,899.2,medium,,,58,2729,684,16,2026-04-09 04:51:46.66484+00,
University Park,TX,Texas,United States,South,2026,4874492,25278,32.8486235,-96.7952496,30,46160e99-1b60-4874-8c1b-8281e0e0f85a,11.57,12.28,2.9,21.42,25.24,12.5,1.77,,,9.32,2.21,,3.34,14.55,13.99,,3.22,9.85,,9.81,10,19.6,142.6,small,,,197,2730,1973,137,2026-04-09 13:12:40.223285+00,
Glens Falls,NY,New York,United States,Mid-Atlantic,2026,3629333,14830,43.3087,-73.6448,20,52b56f03-90ee-4831-816b-5e5d30f2c914,10.77,9.19,8.35,,,8.77,6.94,2.96,8.19,4.55,2.42,1,4.53,24.67,15.06,,2.67,10.29,1.96,9.8,10,13.3,117.6,small,,,96,2731,1974,84,2026-04-14 08:27:40.923318+00,
Pueblo,CO,Colorado,United States,Mountain,2026,862000,111928,38.2692279,-104.6108157,30,a375bd49-9670-4176-9be1-3ee4ec7322f9,9.43,7.27,6.39,3.69,5.82,6.31,5.41,3.48,7.18,2.66,5.07,6.4,5.36,18.01,18.17,6.81,3.24,10.46,2.63,9.76,10,144.9,1140.5,medium,,,90,2732,685,17,2026-04-09 02:04:49.674267+00,
Rochester,NY,New York,United States,Mid-Atlantic,2026,3663000,211328,43.1699272,-77.6168907,20,baf18cc2-0da8-4b57-a0ec-08e7e1f1b7eb,8.11,5.3,11.44,0.29,8.73,7.63,3.52,3.3,5,2.09,4.83,9.11,4.82,23.24,18.43,4.64,3.13,9.78,3.15,9.73,10,181.6,1081.1,medium,,,97,2733,686,8,2026-04-10 09:38:44.199995+00,
Garnett,KS,Kansas,United States,Midwest,2026,2025925,3242,38.2858727,-95.2412309,30,02dc578f-c244-4cd5-b919-2ae7a3328ec0,12.16,9.99,7.05,,,8.52,,,8.92,11.1,11.1,,10.31,9.33,8.23,,,8.23,,9.68,10,13.9,67.9,small,,,21,2734,1975,12,2026-04-09 03:54:40.046367+00,
Opa-locka,FL,Florida,United States,South,2026,1251650,16463,25.8999976,-80.2552187,30,8200c2f2-1552-4959-8001-69df35862d1c,13.02,7.67,23.1,,,15.39,,,,,,,,11.01,4.67,,,4.67,1.84,9.57,10,11.7,110.4,small,,,131,2735,1976,77,2026-05-08 21:53:46.539698+00,
Moundridge,KS,Kansas,United States,Midwest,2026,2048800,1974,38.2003,-97.5183,30,99e5bccb-11a5-40c0-a380-fc50e5d43441,18.16,10.23,4.6,,,7.42,,,11.7,,7.29,12.46,10.05,3.17,9.51,,,9.51,,9.56,10,1.9,38.7,small,,,22,2736,1977,13,2026-04-14 05:06:40.045232+00,
Farmersville,TX,Texas,United States,South,2026,4825488,3612,33.1609122,-96.3606568,30,0eb641e6-74bb-45df-89f8-fe8f785a315e,15.97,12.7,5.86,4.34,,8.66,2.32,4.85,,3.02,6.78,12.44,6.02,13.99,4.12,6.71,,5.33,,9.54,10,10.7,102.1,small,,,198,2737,1978,138,2026-04-09 08:31:40.07742+00,
Forest Hill,TX,Texas,United States,South,2026,4826544,13955,32.6619358,-97.2662352,30,a5169d02-907f-4563-b7c3-c810cbae9f56,15.32,8.59,3.11,,,5.85,,10.05,,9.64,,,9.85,9.93,6.39,,,6.39,,9.49,9,0.9,135.4,small,,,199,2738,1979,139,2026-04-09 11:28:40.428163+00,
Elmhurst,IL,Illinois,United States,Midwest,2026,1723620,45786,41.8970138,-87.9436567,30,eab56211-6529-4691-a579-76e6bbade655,8.62,5.62,10.07,,7.03,7.66,7.18,3.82,2.48,2.25,4.1,4.25,4.2,16.92,18.03,,9.85,14.88,0.99,9.39,9,26,334.2,small,,,103,2739,1980,78,2026-04-08 22:10:40.710517+00,
Islip,NY,New York,United States,Mid-Atlantic,2026,3637869,18418,40.7303187,-73.2161128,20,01fd59c9-fb17-4599-ad33-35cca44b20e2,12.82,11.44,9.34,,,10.39,,2.64,,,6.34,,5.28,14.97,8.44,,,8.44,4.77,9.34,9,9.3,154.2,small,,,98,2740,1981,85,2026-04-10 06:37:40.598714+00,
Bridgeport,TX,Texas,United States,South,2026,4810264,5923,33.2104492,-97.7724665,30,1227e5ef-782e-4378-862e-48ee4e511603,17.85,11.03,11.9,,,11.47,,,,0.2,0.2,,0.2,12.66,1.12,,,1.12,,9.34,9,5.5,111.4,small,,,200,2740,1981,140,2026-04-09 09:52:40.53436+00,
Fall River,MA,Massachusetts,United States,New England,2026,2523000,94000,41.7253505,-71.0941619,25,07f6d18f-110d-4386-be33-e2dca4569b15,9.45,6.79,16.75,7.17,,11.2,3.42,4.33,1.94,3.45,6.32,2.81,3.85,8.67,13.03,86.1,,47.13,2.38,9.32,9,147.6,517.7,medium,,,118,2742,687,20,2026-04-10 22:33:40.692402+00,
Quincy,IL,Illinois,United States,Midwest,2026,1762367,39602,39.9336751,-91.379304,30,1331ba8c-6941-4cfd-82ee-3be5861a9d15,9.74,7.28,9.14,9.82,,8.41,2.21,,0.3,,6.13,6.12,3.69,13.08,14.83,,,14.83,0.61,9.29,9,11.6,424.5,small,,,104,2743,1983,79,2026-04-08 22:33:40.351509+00,
Lander,WY,Wyoming,United States,Mountain,2026,5644760,7358,42.8309588,-108.7305632,30,c06bca54-669d-44ca-9b13-f0b6fde293b6,11.49,8.05,11.31,0.94,,8.59,8.24,,10.37,,2.68,,6.76,10.37,9.18,,10.37,9.64,,9.29,9,5.6,104.1,small,,,11,2743,1983,10,2026-03-31 01:43:44.801907+00,
Rawlins,WY,Wyoming,United States,Mountain,2026,5663900,8221,41.7909,-107.2398,30,46fd3840-341f-44a2-a1f4-6efc8b907ed4,15.42,12.5,7.54,,,10.02,,,10.88,,0.58,,5.16,6.43,9.68,,,9.68,,9.2,9,15,142.9,small,,,12,2745,1985,11,2026-04-15 17:59:41.105829+00,
Jamestown,NY,New York,United States,Mid-Atlantic,2026,3638264,28712,42.0976026,-79.2361352,20,5104cf8b-ca27-44ee-90c5-7bfdbf921b05,6.82,3.92,5.88,4.01,,4.79,1,1,3.34,0.92,2.53,6.35,2.65,25.24,12.93,,,12.93,1.89,9.09,9,24.1,276.7,small,,,99,2746,1986,86,2026-04-10 06:21:41.244348+00,
Mattoon,IL,Illinois,United States,Midwest,2026,1747553,16870,39.4778328,-88.3622246,30,50628b57-e02b-4598-874d-928d9aeb8d1b,10.16,4.32,5.87,56.91,,11.57,4.53,3.13,,7.33,5.46,9.72,5.97,19.46,14.39,2.8,,8.98,0.26,9.07,9,28.6,264.4,small,,,105,2747,1987,80,2026-04-08 22:49:40.589011+00,
Fort Valley,GA,Georgia,United States,South,2026,1331096,8780,32.5511141,-83.879939,30,1e01231e-deae-4836-b2e2-b49ca00f5655,20.53,12.72,5.8,,21.48,11.98,,,,1.91,0.98,,1.25,4.9,7.38,,,7.38,,9.01,9,5.3,153.8,small,,,89,2748,1988,71,2026-04-09 21:30:40.589785+00,
Mount Sterling,IL,Illinois,United States,Midwest,2026,1751154,2006,39.9858883,-90.7646432,30,29b777db-9234-4a40-b448-a95f9ab29cfe,13.31,11.63,7.97,,,9.8,,,,,,,,2.15,10.14,,,10.14,,8.94,9,0.3,42.1,small,,,106,2749,1989,81,2026-04-08 23:25:40.342089+00,
Ottawa,KS,Kansas,United States,Midwest,2026,2053550,12625,38.6000804,-95.2627774,30,bedffa47-ed32-42a0-b071-6b6646852b57,11.52,8.94,6.11,,13.15,8.78,,6.56,3.98,3.31,1.55,8.54,4.31,13.36,14.05,4.22,11.7,10.02,,8.93,9,31.1,186.9,small,,,23,2750,1990,14,2026-04-09 04:25:40.042463+00,
Oak Lawn,IL,Illinois,United States,Midwest,2026,1754820,58362,41.7138855,-87.7527768,30,29a005fe-b245-42c4-a3fb-88279bf3e651,7.84,5.73,9.09,,,7.41,3.25,1.72,3.5,1.2,4.91,3.38,3.38,22.76,9.69,,,9.69,1.23,8.91,9,18.3,341.5,medium,,,107,2751,688,25,2026-04-08 22:36:40.689826+00,
Park Ridge,IL,Illinois,United States,Midwest,2026,1757875,39656,42.0117617,-87.8434336,30,774a1e77-ba57-4ecb-8571-a2804492a14b,8.76,6.76,7.95,,,7.36,2.98,3.46,8.12,1.77,8.19,5.21,5.57,18.06,18.23,7.76,7.44,11.87,2.63,8.87,9,30,244,small,,,108,2752,1991,82,2026-04-08 23:01:40.347691+00,
Wellington,KS,Kansas,United States,Midwest,2026,2076475,7715,37.278109,-97.4066719,30,d65541e1-9f4c-4d01-9832-11b9db282f79,7.11,6.1,9.91,5.17,,7.65,8.49,,8.49,,5.17,4.81,6.76,16.23,7.33,,,7.33,,8.86,9,5.4,166.5,small,,,24,2753,1992,15,2026-04-09 04:32:40.01233+00,
River Oaks,TX,Texas,United States,South,2026,4862384,7696,32.7765968,-97.3983963,30,1046e704-6cdd-4eb3-9cbd-221f3da72aaf,15.99,8.26,6.1,,,7.18,,,,,,,,6.61,6.18,,6.18,6.18,,8.85,9,2.1,67.5,small,,,201,2754,1993,141,2026-04-09 10:52:40.065633+00,
Bradley,IL,Illinois,United States,Midwest,2026,1707744,15419,41.1637236,-87.8465325,30,9f6b3bb5-30d1-481a-a2ca-cd3f87cf65c5,15.44,5.5,6.12,,,5.81,1.03,,,,2.83,4.06,2.54,12.98,8.18,,,8.18,,8.82,9,1.1,166.5,small,,,109,2755,1994,83,2026-04-08 21:52:41.157961+00,
Salina,KS,Kansas,United States,Midwest,2026,2062700,46889,38.813085,-97.6144775,30,a6f37d90-2658-4950-811d-2d11b14bedb9,10.64,6.63,9.46,2.82,3.55,6.62,3.81,1.31,1.98,2.26,6.24,1.46,3.29,12.96,11.56,7.02,,9.44,,8.68,9,50.4,579.1,small,,,25,2756,1995,16,2026-04-09 04:56:40.189926+00,
Brady,TX,Texas,United States,South,2026,4809916,5118,31.1153777,-99.345935,30,9ba7e415-6674-43c6-bd80-e04d35e493a5,11.93,9.13,6.81,,,7.97,,,8.24,,6.31,,7.17,3.77,5.71,,,5.71,,8.65,9,8.6,197.7,small,,,202,2757,1996,142,2026-04-09 09:01:40.026645+00,
Casper,WY,Wyoming,United States,Mountain,2026,5613150,59099,42.8421196,-106.3212822,30,6a2972b8-f8e6-497e-a531-a58fcb162ced,12.03,8.83,10.48,4.92,,9.06,4.43,1.61,4.59,1.98,4.77,4.68,4.06,8.5,9.3,5.88,,7.7,,8.65,9,63.3,644.1,medium,,,13,2757,689,2,2026-03-31 02:02:41.193701+00,
Walhalla,SC,South Carolina,United States,South,2026,4574095,4072,34.7695023,-83.0554501,30,a7c6e40a-e4ec-4348-98f7-2fbb58bbd534,17.67,7.61,8.21,,,7.91,,8.79,,0.73,0.73,,2.52,5.27,10.29,,,10.29,,8.56,9,1.9,90.6,small,,,28,2759,1997,21,2026-04-13 21:37:41.142655+00,
Merrick,NY,New York,United States,Mid-Atlantic,2026,3646668,21973,40.6531755,-73.552013,20,0b33cf66-9033-4464-81ee-1c93e821ed57,11.96,7.76,10.34,,,9.05,1.17,,,1.06,4.3,,2.57,18.97,7.97,,,7.97,0.67,8.37,8,1.3,148.1,small,,,100,2760,1998,87,2026-04-10 06:08:40.437438+00,
Binghamton,NY,New York,United States,Mid-Atlantic,2026,3606607,47969,42.1013306,-75.9093694,20,17f31161-8f80-4464-8e37-72d1e8880325,9.38,5.92,8.57,,2.01,6.08,3.57,3.2,4.16,2.88,3.47,,3.55,19.42,13.29,,2.72,9.22,2.61,8.36,8,21.4,344,small,,,101,2761,1999,88,2026-04-10 05:59:40.476948+00,
Skokie,IL,Illinois,United States,Midwest,2026,1770122,67824,42.0359704,-87.7399938,30,d97f0519-3f60-45d9-b2e7-98e3235982d7,4.26,5.46,7.02,4.63,,6.04,3.5,3.64,6.09,2.38,5.4,3.28,4.36,22.01,17.5,1.49,0.68,7.69,2.63,8.3,8,50.8,350.4,medium,,,110,2762,690,26,2026-04-08 23:54:41.630204+00,
Paducah,KY,Kentucky,United States,South,2026,2158836,27145,37.0708921,-88.6444767,35,fb0cf95b-c18d-4cb0-8b6e-0cc9b0e88aef,13.6,7.19,3.34,6.29,1.01,4.52,2.97,2.71,2.94,2.2,3.37,3.63,3.06,11.8,9.18,,3.36,6.94,1.21,8.29,8,59,467,small,,,22,2763,2000,18,2026-04-08 21:32:45.465702+00,
Sterling,IL,Illinois,United States,Midwest,2026,1772546,14818,41.7996882,-89.6959334,30,4a47773e-8425-4655-be2d-665a96e33841,7.78,5.3,13.08,,,9.19,6.27,0,4.3,3.04,1.4,4.16,3.39,10.53,11.39,,,11.39,,8.18,8,15.9,170.9,small,,,111,2764,2001,84,2026-04-08 23:00:40.267332+00,
New Bedford,MA,Massachusetts,United States,New England,2026,2545000,101079,41.6613028,-70.9379126,25,e3dd7466-0e4b-42d4-be4f-89cf52e0a1b7,7.91,5.8,9.49,,20.83,10.58,0.37,3.44,7.59,2.12,2.44,,3.24,15.9,11.02,9.09,6.61,9.24,0.95,8.14,8,38.4,548.4,medium,,,119,2765,691,21,2026-04-10 22:57:44.926828+00,
Oswego,NY,New York,United States,Mid-Atlantic,2026,3655574,16921,43.4580517,-76.5036887,20,8aa6137f-a89f-4321-b051-56952282d7d3,9.38,4.75,5.62,,,5.19,0.87,1.31,1.96,2.98,2.06,7.59,2.65,10.83,15.3,,,15.3,,8.13,8,12.7,174.8,small,,,102,2766,2002,89,2026-04-10 06:53:40.187463+00,
Uvalde,TX,Texas,United States,South,2026,4874588,15217,29.2151835,-99.7772147,30,0664a72a-c653-4a51-a5f7-4ce935851e8c,11.29,6.54,7.44,,,6.99,,,6.23,4.86,4.79,,5.33,10.77,11.73,,,11.73,5.03,8.06,8,2.7,190.4,small,,,203,2767,2003,143,2026-04-09 13:19:41.156589+00,
Massapequa,NY,New York,United States,Mid-Atlantic,2026,3645986,21355,40.6683024,-73.4715151,20,59ba970f-dda7-4dcd-bb22-9aa004ee6c13,12.23,7.09,4.31,,,5.7,2.13,1,,0.8,1.68,,1.58,16.6,16.71,,0.93,10.64,0.37,8.01,8,7.5,161,small,,,103,2768,2004,90,2026-04-10 06:04:40.43704+00,
Lake Worth Beach,FL,Florida,United States,South,2026,1239081,42219,26.6197202,-80.0587184,30,037fa7ae-d1f8-485a-bb2b-4bf53d0cd13d,9.21,7.85,12.06,,,9.96,,,,6.1,5.03,,5.34,11.82,7.63,,,7.63,2.28,7.84,8,35,216.5,small,,,132,2769,2005,78,2026-04-09 19:10:41.33416+00,
Richland Hills,TX,Texas,United States,South,2026,4861844,8621,32.8102381,-97.2265158,30,5a9975ec-dc0b-48e5-b56b-6ce994274602,14.63,8.53,8.39,,,8.46,2.03,,,1.3,3.62,,2.62,6.21,8.14,,,8.14,,7.68,8,11,100.9,small,,,204,2770,2006,144,2026-04-09 10:39:40.705477+00,
Kankakee,IL,Illinois,United States,Midwest,2026,1738934,24075,41.101654,-87.8636903,30,3881f782-af44-49a3-82d9-8e99648e4dcc,8.43,7.26,7.57,6.99,,7.36,2.32,,5.22,1.28,2.11,5.76,3.36,9.49,16.6,,,16.6,0.69,7.66,8,14.8,295.7,small,,,112,2771,2007,85,2026-04-08 22:08:40.325086+00,
Trinidad,CO,Colorado,United States,Mountain,2026,878610,8329,37.1694,-104.5008,30,bbc3a4d8-f5f8-43fe-88f3-751275b1088e,10.89,6.2,4.41,8.29,,5.68,3.94,,5.14,,3.21,5.24,4.26,14.74,6.48,3.61,5.93,5.34,0.84,7.55,8,32,166,small,,,91,2772,2008,71,2026-04-14 04:10:40.038912+00,
Dodge City,KS,Kansas,United States,Midwest,2026,2018250,27788,37.7606703,-100.0178633,30,bcdaa5f7-c86f-4236-9e86-2420a9f91be8,10.24,9.38,3.32,12.46,,7.11,1.56,,8.66,4.9,4.62,,4.92,5.27,7.55,9.73,,8.57,0.29,7.48,7,13.3,317.4,small,,,26,2773,2009,17,2026-04-09 04:14:39.94269+00,
Corning,NY,New York,United States,Mid-Atlantic,2026,3618256,10551,42.1481948,-77.0564013,20,5b64a2cc-0b2e-4ca9-8e30-3258cca1c473,9.43,4.69,7.02,,,5.86,5.8,3.74,,2.22,1.75,9.14,4.46,15.41,15.99,,0.05,9.86,0.57,7.41,7,7.7,111.2,small,,,104,2774,2010,91,2026-04-10 05:49:42.523049+00,
Valley Stream,NY,New York,United States,Mid-Atlantic,2026,3676705,40634,40.6647468,-73.7049022,20,c5918f6d-0913-4cd4-bdab-4fa8fb25c56b,7.46,3.66,8.06,,,5.86,5.94,3.78,,2.86,1.46,,3.41,22.37,6.94,,3.6,5.66,1.29,7.38,7,5.8,177.7,small,,,105,2775,2011,92,2026-04-10 08:02:44.106099+00,
McPherson,KS,Kansas,United States,Midwest,2026,2043950,14086,38.3698807,-97.6645184,30,c7a07419-bd33-49f9-afe3-cf549f1d61a4,12.01,6.08,7.08,9.25,,6.91,0.33,1.3,3.74,0.63,7.74,,3.46,5.43,13.81,,0.43,8.66,,7.36,7,18.8,197.3,small,,,27,2776,2012,18,2026-05-08 21:53:52.978693+00,
Dublin,TX,Texas,United States,South,2026,4821484,3359,32.087765,-98.3388655,30,f0a25716-cd0f-45c5-bd02-c32d297bbc84,12.36,10.51,4.44,,,7.48,,,,,2.77,,2.77,,6.61,,,6.61,,6.99,7,0.1,84.6,small,,,205,2777,2013,145,2026-04-09 11:08:40.366421+00,
Niagara Falls,NY,New York,United States,Mid-Atlantic,2026,3651055,48671,43.0928407,-79.0147434,20,cdec1298-1ca5-47d8-854b-eaf98412a0ca,7.44,5.6,6.87,,,6.24,4.48,4.83,4.15,2.75,3.87,,4.06,13.33,8.24,4.16,4.21,5.8,2.24,6.9,7,52.3,399.4,small,,,106,2778,2014,93,2026-04-10 06:31:40.562594+00,
Liberal,KS,Kansas,United States,Midwest,2026,2039825,19829,37.0461084,-100.9277063,30,3dc369f8-29d7-410b-9d39-012208666751,7.51,4.61,11.45,5.74,,7.74,,3.34,10.08,1.6,4.8,10.03,6.52,6.44,5.1,,,5.1,,6.81,7,33.7,223.5,small,,,28,2779,2015,19,2026-04-09 04:19:40.295965+00,
Deer Park,NY,New York,United States,Mid-Atlantic,2026,3619972,28837,40.7614408,-73.3217362,20,8bbb72bd-22b9-4586-bf88-e46c5453cec4,10.38,6.5,4.8,,,5.65,,,,1.05,2.46,,2.06,9.69,7.2,,4.14,6.02,,6.81,7,45.8,217.5,small,,,107,2779,2015,94,2026-04-10 05:40:51.667957+00,
Lawrence,MA,Massachusetts,United States,New England,2026,2534550,89136,42.707,-71.1631,25,faadb4a7-db8c-460a-9550-7c97429d16bc,6.82,3.91,11.45,1.3,,6.88,1.25,2.03,1.63,0.81,2.14,,1.64,7.33,16.79,,,16.79,0.49,6.73,7,29.1,267.5,medium,,,120,2781,692,22,2026-04-14 03:23:44.492087+00,
Hutchinson,KS,Kansas,United States,Midwest,2026,2033625,40021,38.0642372,-97.9086294,30,51e7cebf-75d8-43af-a9bb-e621c03090aa,9.02,5.54,4.9,2.92,,4.93,3.4,1.81,2.74,2.43,3.35,5.31,3.29,13.63,8.73,5.52,0.69,5.6,1.18,6.52,7,47.3,583.8,small,,,29,2782,2017,20,2026-04-09 03:52:40.824292+00,
Mount Vernon,NY,New York,United States,Mid-Atlantic,2026,3649121,73893,40.9131051,-73.8293172,20,82496141-52ff-4dae-b2c6-ba0a678851fe,6.71,4.95,8.65,0.68,,6.04,2.67,3.2,1.37,2.84,4.8,3.76,3.18,15.45,10.18,,3.21,7.5,1.26,6.51,7,3.9,166.5,medium,,,108,2783,693,9,2026-04-10 06:41:40.283056+00,
Gulfport,FL,Florida,United States,South,2026,1228175,11783,27.7464372,-82.7099427,30,0be97e60-c772-42d6-9f49-3f69da968f97,10.65,6.74,3.66,3.03,,4.93,,,,1.46,,2.8,2.26,3.1,13.92,,13.62,13.8,,6.47,6,2.6,119.3,small,,,133,2784,2018,79,2026-04-09 18:26:40.644102+00,
Fort Scott,KS,Kansas,United States,Midwest,2026,2024000,7552,37.8279995,-94.7041413,30,1f0c891e-4330-4b5e-b160-2b516a046370,8.65,6.31,5.65,11.1,,6.62,3.71,,,3.2,5.79,9.58,5.64,7.55,8.23,,1.24,5.54,,6.46,6,20.6,160.3,small,,,30,2785,2019,21,2026-04-09 04:02:40.617537+00,
Rushville,IL,Illinois,United States,Midwest,2026,1766339,3005,40.1199662,-90.566548,30,eff95699-5d91-461c-982f-1a5a174a7e1c,14.1,10.66,5.86,,,8.26,,,2.5,,,,2.5,4.74,2.22,,,2.22,,6.24,6,2.1,48.7,small,,,113,2786,2020,86,2026-04-08 23:07:40.237973+00,
Lyons,KS,Kansas,United States,Midwest,2026,2043525,3613,38.346138,-98.2046721,30,603c8369-cd1d-4ee7-ad76-aa4b8e6ab64c,10.43,6.39,5.32,,,5.86,,,6.18,,0.98,,3.29,3.46,9.36,,,9.36,,6.24,6,3.8,67.6,small,,,31,2786,2020,22,2026-04-09 03:56:39.851956+00,
Berwyn,IL,Illinois,United States,Midwest,2026,1705573,57250,41.8433327,-87.7909258,30,9f7527b6-ba6e-4b68-b961-255fa3d89f53,3.46,2.26,5.46,,,3.86,0.3,0.58,1.49,0.72,0.69,,0.78,23.37,4.5,,0.65,3.02,0.6,5.73,6,14.8,135.1,medium,,,114,2788,694,27,2026-04-08 22:00:40.580317+00,
Parsons,KS,Kansas,United States,Midwest,2026,2054675,9600,37.3403,-95.2613,30,0de81bbf-c81c-4b48-862b-c820e4f1f221,7.7,4.23,3.57,1.42,,3.59,1.58,0.42,5.37,1.24,0.84,9.5,3.19,10.14,8.49,,0.72,5.5,,5.7,6,8.2,222.1,small,,,32,2789,2022,23,2026-04-14 04:30:40.142297+00,
Deming,NM,New Mexico,United States,Mountain,2026,3520270,14758,32.2687,-107.7523,30,a9215318-0e25-4f26-9cf5-dd711d51975d,7.92,5.6,4.53,,,5.07,0.39,0.91,1.58,0.77,1.9,,1.22,6.6,4.17,,,4.17,0.33,5.67,6,0.9,319.7,small,,,22,2790,2023,18,2026-04-11 01:11:40.515518+00,
Mena,AR,Arkansas,United States,South,2026,545170,5589,34.5862,-94.2396,30,4ecf1530-ff90-48df-b751-7e008c439986,14.19,4.17,4.25,0.46,0.46,3.09,,,2.33,1.27,0.4,,1.26,7.45,2.03,,,2.03,,5.47,5,7.8,149.1,small,,,31,2791,2024,22,2026-04-14 04:27:40.571513+00,
La Junta,CO,Colorado,United States,Mountain,2026,842110,7322,37.985,-103.5441,30,43612081-cb4d-4474-8dd7-40bff3f9403c,6.7,6.36,7.78,8.4,14.41,8.67,,0.68,3.21,69.77,0.52,,12.03,2.72,9.63,,,9.63,0.68,5.43,5,6.2,103.6,small,,,92,2792,2025,72,2026-04-14 03:38:42.134555+00,
Kewanee,IL,Illinois,United States,Midwest,2026,1739727,12505,41.2390872,-89.9256604,30,fbb539ed-3d16-4ab7-9db6-e4d1d1551fe1,9.88,8.33,5.03,,,6.68,,,3.2,3.41,1.25,4.73,2.86,5.37,7.19,,,7.19,0.31,5.36,5,6,174.1,small,,,115,2793,2026,87,2026-04-08 22:29:41.153783+00,
Fort Morgan,CO,Colorado,United States,Mountain,2026,827810,11597,40.2530029,-103.7886516,30,ca6ebedc-56ea-4d4f-9217-35fc25961600,7.24,3.61,8.17,0.29,,5.19,,,2.11,0.62,1.39,,1.51,5.41,12.73,,,12.73,0.17,5.32,5,5.5,133.7,small,,,93,2794,2027,73,2026-04-08 23:59:40.680669+00,
Massapequa Park,NY,New York,United States,Mid-Atlantic,2026,3645997,17109,40.6809094,-73.4496893,20,6e05de68-3a70-4d5f-a16e-fe1544c24385,8.96,3.97,4.89,,,4.43,0.61,0.68,,,3.66,,2.01,5.8,6.35,,0.82,4.22,2.83,4.6,5,0.9,119.6,small,,,109,2795,2028,95,2026-04-10 07:09:40.164407+00,
Independence,KS,Kansas,United States,Midwest,2026,2033875,8548,37.2334582,-95.7160048,30,77ce8c88-44ec-436f-9457-e37e637b2deb,8.29,4.42,6.42,,,5.42,,,0.94,0.7,2.39,,1.56,2.01,3.55,,,3.55,,4.4,4,1.9,189.7,small,,,33,2796,2029,24,2026-04-09 04:15:40.225478+00,
Clay Center,KS,Kansas,United States,Midwest,2026,2013625,4199,39.3786,-97.1244,30,1f2f8561-7a31-41e3-b2dd-192d37dd9fdb,6.66,3.89,4.68,,,4.29,,,2.67,,0,,1.19,0.58,3.85,,,3.85,,3.59,4,2.7,96.4,small,,,34,2797,2030,25,2026-04-14 04:22:39.984729+00,
Chunchula,AL,Alabama,United States,South,2026,114968,195,30.9271941,-88.2082,25,14be86fc-8484-4d0c-8603-57389f96fa39,89.68,87.69,87.69,,,87.69,,,,,,,,,,,,,,88.54,89,12.9,5.6,other,,,,,,,2026-04-06 23:26:41.705459+00,
Leighton,AL,Alabama,United States,South,2026,142160,665,34.6936802,-87.5242822,25,3592c5cb-83b9-47d4-850b-e56de2690ab1,68.04,66.27,35.17,,,50.72,,,,,,,,,,,,,,58.14,58,14.1,7.9,other,,,,,,,2026-04-06 23:22:40.324815+00,
Slocomb,AL,Alabama,United States,South,2026,171040,2082,31.1121258,-85.5986597,25,07ecafdf-b092-4717-a8b3-23447892101b,47.12,45.63,33.2,,,39.42,,,,,,,,,,,,,,42.87,43,55,24,other,,,,,,,2026-04-06 23:49:40.576114+00,
Sumiton,AL,Alabama,United States,South,2026,173848,2461,33.754,-87.0483,25,20c8688f-5053-4621-a011-7eb9477e6310,58.79,41.58,10.1,,,25.84,,,,,18.93,,18.93,,,,,,,33.43,33,61.5,21.3,other,,,,,,,2026-04-14 04:29:40.630466+00,
Indian Wells,AZ,Arizona,United States,Mountain,2026,435310,232,35.5056,-110.1528,25,e7d3d0d9-5888-42f2-ada5-aa32b9ec95cb,100,,100,,,100,,,,,,,,,,,,,,71.43,71,8.6,7.3,other,,,,,,,2026-04-14 03:55:40.445136+00,
Rock Point,AZ,Arizona,United States,Mountain,2026,460880,552,36.7289,-109.6503,25,c95df942-ec93-4849-ad71-b04ca62e5169,59.92,26.81,69.43,,,48.12,,,,,,,,22.65,,,,,,47.45,47,5.6,47.5,other,,,,,,,2026-04-14 03:40:40.268501+00,
Stanfield,AZ,Arizona,United States,Mountain,2026,469130,558,32.8843,-111.9635,25,bb596bbd-cf54-4972-b486-afeea13a190d,78.08,33.69,33.87,,,33.78,,,,,,,,26.52,,,,,,44.89,45,12.6,6,other,,,,,,,2026-04-14 04:09:39.983938+00,
Topawa,AZ,Arizona,United States,Mountain,2026,474680,233,31.8178,-111.594,25,a74d0dcf-1ae6-473d-add2-973a5211c0c0,81.53,,44.98,,,44.98,,,,,,,,,,,,,,49.36,49,18.4,5.3,other,,,,,,,2026-04-14 03:26:40.196945+00,
Austin,AR,Arkansas,United States,South,2026,502860,3460,34.9931,-91.9829,30,711cdd60-9ac5-48cc-ae65-206bcd6e449c,72.19,45.65,,,,45.65,,,,,,,,6.79,,,,,,54.42,54,0.2,47.7,other,,,,,,,2026-04-14 03:30:40.442527+00,
Blue Lake,CA,California,United States,Pacific,2026,607162,1174,40.8809929,-123.994912,25,e79bae82-62a8-4b77-8e76-e71849f8a0ab,71.65,60.42,33.82,,,47.12,,,,,,,,,19.85,,,19.85,,46.3,46,14,6.6,other,,,,,,,2026-04-09 05:37:40.109427+00,
Bradbury,CA,California,United States,Pacific,2026,607946,921,34.1481,-117.9742,25,97614c55-5f21-4da7-89dc-4f11d37b8f06,77.54,75.19,100,,,87.6,,,,,,,,,,,,,,97.42,97,3.2,2.5,other,,,,,,,2026-04-10 20:36:47.320099+00,
Davenport,CA,California,United States,Pacific,2026,618086,388,37.0177787,-122.1878849,25,8380be01-872b-43c4-b8e4-27fdfd0b60c7,85.68,83.18,75.52,,,79.35,,,,,,,,69.95,82.73,,,82.73,,79.42,79,19.4,6.3,other,,,,,,,2026-04-09 05:17:40.277913+00,
East Whittier,CA,California,United States,Pacific,2026,621292,10394,33.9417,-117.9958,25,fca6fc04-5b89-4b69-89f4-8c44bb8aefd2,62.12,63.73,50.4,,41.98,53.71,,,,,,,,44.9,,,,,,53.59,54,41,7.3,other,,,,,,,2026-04-10 21:07:40.413678+00,
Industry,CA,California,United States,Pacific,2026,636490,264,34.0262321,-117.9403266,25,0e8e6ef2-cec5-46e3-8784-d64ec3bcd319,75.99,38.91,32.49,,,35.7,,,25,0,45.11,64.52,37.08,43.04,70.59,100,,84.31,0,62.91,63,49.6,131.6,other,,,,,,,2026-04-09 05:48:40.466814+00,
La Habra Heights,CA,California,United States,Pacific,2026,639304,5682,33.9581,-117.9464,25,a0fa69c6-8268-4021-8ae5-e9740b000670,69.79,51.93,0,,,25.97,,,,,,,,,36.35,26.1,,31.57,,44.3,44,98.5,21.6,other,,,,,,,2026-04-10 21:46:44.061752+00,
Laguna Woods,CA,California,United States,Pacific,2026,639259,17644,33.6120583,-117.7303193,25,cdae845a-d029-4776-88d5-e3c343198fd8,47.83,35.53,,,,35.53,42.61,42.61,,24.17,47.31,13.36,36.29,54.28,29.37,,,29.37,,62.66,63,2.3,15,other,,,,,,,2026-04-09 06:22:40.918973+00,
Marina del Rey,CA,California,United States,Pacific,2026,645806,11342,33.9803,-118.4517,25,da94b1c1-b0d7-4361-a1ed-002d60002e55,56.3,40.01,,,,40.01,17.2,22.77,,22.77,17.67,,19.09,68.6,31.56,,,31.56,46.92,42.91,43,9.5,12.1,other,,,,,,,2026-05-08 21:53:43.125207+00,
Midway City,CA,California,United States,Pacific,2026,647430,8825,33.8453,-117.9903,25,1128df08-e219-4f91-9dc5-ee57e7ecad7f,63.7,59.16,,,,59.16,,,,,,,,29,,,,,,52.22,52,22.9,2.7,other,,,,,,,2026-04-10 21:05:40.22781+00,
North El Monte,CA,California,United States,Pacific,2026,651820,3730,34.0803,-117.9992,25,4c21770e-1bc7-429c-ae27-f6dbf4715061,73.78,73.65,58.59,,,66.12,,,,,,37.88,37.88,47.74,,,,,,55.76,56,13.7,2.9,other,,,,,,,2026-04-10 22:19:40.820989+00,
Pescadero,CA,California,United States,Pacific,2026,656756,595,37.2555,-122.383,25,cbfd69f1-03c4-4cea-8f08-fb4b2b0353e1,80.16,76.94,41.46,,,59.2,,,,,,,,74.61,,,,,,70.11,70,3.7,11.3,other,,,,,,,2026-04-10 22:18:40.37378+00,
Point Arena,CA,California,United States,Pacific,2026,657876,460,38.912306,-123.6956087,25,03e7eae4-c4c6-4e42-9f05-e21f804b3687,87.74,90.95,60.18,,,75.57,,,,,,,,100,80.46,,,80.46,,85.44,85,5.5,5.2,other,,,,,,,2026-04-09 07:53:40.317201+00,
Rolling Hills,CA,California,United States,Pacific,2026,662602,1739,33.7667,-118.3517,25,88322554-07e7-4b7d-9e48-0686ba9b680b,78.36,79.36,,,,79.36,,,,,,,,,85.11,,,85.11,,93.49,93,2.2,2.1,other,,,,,,,2026-04-10 21:48:40.075758+00,
Rose Hills,CA,California,United States,Pacific,2026,662860,2927,34.0336,-117.9717,25,018e946e-2bb1-4645-b2b0-bb7c5d34137f,100,100,,,,100,,,,,,,,100,,,,,,100,100,11.3,0,other,,,,,,,2026-04-10 22:34:40.810729+00,
San Pasqual,CA,California,United States,Pacific,2026,668308,2101,33.1047,-116.8789,25,dfb767ca-0b5d-4d02-a964-9209b77d01ca,68.88,67.26,49.59,,,58.43,,,,76.3,,,76.3,83.9,,,,,,71.33,71,6.6,3.2,other,,,,,,,2026-04-10 22:16:40.163656+00,
Silverado,CA,California,United States,Pacific,2026,671918,932,33.7386,-117.6486,25,390bcc81-bb0f-4fdf-a034-e2581e5d524c,94.77,95.37,,,,95.37,,,,,,,,,,,95.57,95.57,,95.19,95,34.1,9,other,,,,,,,2026-04-10 22:46:40.260392+00,
South Monrovia Island,CA,California,United States,Pacific,2026,673167,6515,34.1344,-118.0225,25,d467c47b-3736-47b7-9bab-a753fab7dca4,67.64,67.2,54.43,,,60.82,,,,,,,,68.24,68.75,,,68.75,,65.93,66,18.3,5.1,other,,,,,,,2026-04-10 22:29:40.354966+00,
Valley Springs,CA,California,United States,Pacific,2026,681890,728,38.1893777,-120.8252791,25,06be739f-3af0-43c7-a010-21ea3e8fc48b,83.87,43.66,86.68,,,65.17,,,,11.68,7.94,,9.01,11.68,76.04,,,76.04,,47.73,48,6.1,3.9,other,,,,,,,2026-04-09 08:48:39.886026+00,
Vernon,CA,California,United States,Pacific,2026,682422,222,34.0047,-118.2161,25,15407779-ed6e-471f-b058-919b61b04fe9,74.94,26.07,46.75,,,36.41,,,,,,,,29.46,,,,,,53.03,53,41.3,62.1,other,,,,,,,2026-04-10 22:31:40.921742+00,
Westmont,CA,California,United States,Pacific,2026,684592,33913,33.9742,-118.3042,25,6d804c17-edd4-474f-9c7c-128d9ae70c9b,66.38,66.36,42.5,,,54.43,,,,,,,,80.93,,,,,,66.07,66,58.4,17.4,other,,,,,,,2026-04-10 23:37:40.64781+00,
Black Hawk,CO,Colorado,United States,Mountain,2026,807025,127,39.8016491,-105.493494,30,1ade2b34-11e2-4739-aa3c-41cd60cf6d71,81.73,47.64,,,,47.64,,,,,,,,,30,,,30,,58.36,58,32.1,11.2,other,,,,,,,2026-04-09 00:00:40.683426+00,
Bow Mar,CO,Colorado,United States,Mountain,2026,808070,853,39.6265942,-105.0509145,30,072fcc05-1ae3-4d08-9b2c-687c96a961b2,42.91,36.56,,,,36.56,,,,,,,,,12.95,,,12.95,,28.42,28,3.1,13.6,other,,,,,,,2026-04-09 00:12:40.468092+00,
Columbine Valley,CO,Colorado,United States,Mountain,2026,816385,1502,39.5995676,-105.0308851,30,9eceed6b-0c31-4902-9491-4e2815383ff1,68.26,57.43,,,,57.43,,,,,,,,,62.39,,,62.39,,65.74,66,15.3,22.7,other,,,,,,,2026-04-08 23:54:40.818078+00,
Empire,CO,Colorado,United States,Mountain,2026,824620,345,39.7594405,-105.6816773,30,de335b0d-22c8-42c5-ad0d-41dd4c56a51b,94.03,92.74,,,,92.74,,,,,,,,85.83,66.32,,,66.32,,82.06,82,7.7,1.9,other,,,,,,,2026-04-09 00:06:40.164576+00,
Garden City,CO,Colorado,United States,Mountain,2026,829185,254,40.3945914,-104.689494,30,1b482456-0e9c-4a88-8f28-6e1af9ec10f7,67.87,60.78,,,,60.78,,,,,,,,57.72,35.43,,,35.43,,53.67,54,0.2,4.5,other,,,,,,,2026-04-09 00:56:40.941587+00,
Glendale,CO,Colorado,United States,Mountain,2026,830350,64,40.0869113,-105.3715458,30,fcda9532-1651-4849-afba-bd39a425db18,92.97,98.33,,,,98.33,,,,,,,,,,,,,,92.97,93,0.3,4.9,other,,,,,,,2026-04-09 00:40:40.702511+00,
Ignacio,CO,Colorado,United States,Mountain,2026,838535,852,37.1078,-107.6294,30,c3fda3ff-e95a-4df6-be0b-f8e289981521,29.78,20.92,21.85,,,21.39,,,,,,,,12.58,,,,,,21.26,21,0.1,15.3,other,,,,,,,2026-04-14 03:41:39.768314+00,
Larkspur,CO,Colorado,United States,Mountain,2026,843550,206,39.2295733,-104.885679,30,9ef09d2e-c054-49c6-b273-83673bb3792a,75.71,69.42,,,,69.42,,65.53,,,,,65.53,77.55,65.53,,,65.53,,70.66,71,3.7,9.3,other,,,,,,,2026-04-09 00:41:40.454388+00,
Morrison,CO,Colorado,United States,Mountain,2026,852075,396,39.636357,-105.2059588,30,46a09584-8094-40f0-ac66-3a0450ed6fdf,79.48,58.35,26.84,,,42.6,,,,,,,,53.01,28.53,,,28.53,,50.36,50,6.6,19.5,other,,,,,,,2026-04-09 00:38:40.611983+00,
Silver Plume,CO,Colorado,United States,Mountain,2026,870360,207,39.6953724,-105.7270214,30,8c83009f-8875-4ade-9336-f4751a8389cc,79.15,67.21,,,,67.21,,,,,,,,48.41,53.62,,,53.62,62.8,61,61,1.5,9,other,,,,,,,2026-04-09 00:35:40.691044+00,
Silverton,CO,Colorado,United States,Mountain,2026,870580,622,37.812,-107.6647,30,040d858d-ebd7-4f06-8187-b6605e9164c6,32.01,27.19,,,,27.19,,,,,23.15,,23.15,13.22,11.09,,,11.09,6.59,17.58,18,1.4,22.1,other,,,,,,,2026-04-14 03:47:40.05743+00,
Canton Valley,CT,Connecticut,United States,New England,2026,912370,1623,41.8315574,-72.8977433,25,5fc83ce8-0a4f-41cd-a143-6ada39be1afd,77.37,73.54,,,,73.54,,,,,,,,78.44,61.83,,,61.83,,73.58,74,18.6,6.2,other,,,,,,,2026-04-07 03:30:40.743203+00,
Gales Ferry,CT,Connecticut,United States,New England,2026,930190,1159,41.4301,-72.0748,25,1dfd9958-b316-4693-8fcb-0a1c2e810f92,86.66,81.44,,,,81.44,,,,64.88,,,64.88,57.15,87.55,,,87.55,,73.36,73,19.4,3.4,other,,,,,,,2026-04-14 04:54:40.261945+00,
Weston,CT,Connecticut,United States,New England,2026,983360,980,41.2032361,-73.3787805,25,80ffa633-ab21-4ff0-a556-4eeb3ea44a99,80.19,65.16,76.63,,,70.9,,,,59.8,59.8,,59.8,59.8,76.63,,,76.63,,68.98,69,15.2,5.8,other,,,,,,,2026-04-07 03:39:40.281965+00,
Sopchoppy,FL,Florida,United States,South,2026,1266925,426,30.0598718,-84.485396,30,d55e25d4-ff79-4871-983b-0a8daea7d8c2,38.93,30.57,7.35,,,18.96,,,,,29.58,,29.58,30.38,16.15,,,16.15,,26.54,27,2.7,27.5,other,,,,,,,2026-04-09 19:15:41.071485+00,
Tierra Verde,FL,Florida,United States,South,2026,1271825,3833,27.6620001,-82.7242528,30,ed50799a-5ed8-4d9e-a5a6-02d72cdc2a46,71.36,61.32,,,,61.32,,,,,,,,,,,,,,71.36,71,7.1,32.2,other,,,,,,,2026-04-09 20:03:40.650718+00,
Virginia Gardens,FL,Florida,United States,South,2026,1274575,2364,25.8095208,-80.2974761,30,05876fc3-7b0d-4281-bafe-55b8266b8f96,52.05,37.07,,,,37.07,48.22,,,,,,48.22,40.65,18.98,,,18.98,,40.61,41,1.4,12.5,other,,,,,,,2026-04-09 19:50:40.661441+00,
Webster,FL,Florida,United States,South,2026,1275600,816,28.612509,-82.0500944,30,a93d4315-8f22-4bdb-8f9a-bdb4aa87e9f7,40.24,33.95,19.41,,,26.68,,,,,,,,,3.39,,,3.39,,25.01,25,2.4,35.6,other,,,,,,,2026-04-09 19:48:39.911746+00,
Braswell,GA,Georgia,United States,South,2026,1310104,355,33.9835453,-84.9584,30,8099ec78-6194-4e16-89f6-1abf70cf8f37,79.89,,,,,,,,,,,,,91.52,,,,,,84.41,84,3.1,14.1,other,,,,,,,2026-04-09 21:16:40.367212+00,
Brooklet,GA,Georgia,United States,South,2026,1311000,1724,32.3782,-81.664,30,da06a6ba-23af-4b24-84d7-2181067cbfc5,39.08,31.11,34.4,,,32.76,,,,,,,,,22.1,,,22.1,,31.45,31,,49.1,other,,,,,,,2026-04-14 04:23:40.063242+00,
Mansfield,GA,Georgia,United States,South,2026,1349616,442,33.5174374,-83.7346134,30,8c062b6b-e52c-4965-896a-c1e98db3ef13,47.27,32.9,38.01,,,35.46,,,,,15.16,,15.16,,,,,,,31.3,31,1.5,17.4,other,,,,,,,2026-04-09 21:39:40.667588+00,
Oxford,GA,Georgia,United States,South,2026,1358744,2308,33.6283853,-83.8723259,30,78b7d25d-2880-43a6-ab9e-aa8ac04c874c,58.9,52.83,58.18,72.32,,57.61,,,,,,,,,27.85,,,27.85,,49.33,49,11.6,29.3,other,,,,,,,2026-04-09 22:17:40.331173+00,
Roberta,GA,Georgia,United States,South,2026,1365856,813,32.7197762,-84.0103813,30,a933d4be-bc29-46c9-9533-1bf204ed27d5,36.53,32.49,10.01,,,21.25,,,,,,,,25.17,6.79,,,6.79,,22.34,22,0.5,24,other,,,,,,,2026-04-09 21:09:40.440253+00,
Sautee-Nacoochee,GA,Georgia,United States,South,2026,1368880,332,34.6888093,-83.6830777,30,da18d1b1-19dc-4a90-b44b-d2d44511f81e,81.41,76.09,,,,76.09,,,,,,,,56.14,46.23,,39.46,43.63,,60.4,60,0.6,26.9,other,,,,,,,2026-05-08 21:53:48.907151+00,
Tallulah Falls,GA,Georgia,United States,South,2026,1375328,199,34.7258452,-83.3875121,30,e58d28e0-42e9-4e26-bfe6-c0ec32f6e597,67.69,47.93,49.34,,,48.64,,,,,,,,25.93,81.91,100,,90.35,,55.44,55,30.6,27.1,other,,,,,,,2026-04-09 22:39:41.199035+00,
Warm Springs,GA,Georgia,United States,South,2026,1380480,465,32.8871955,-84.6786242,30,22c9de44-7685-46b5-8e56-843382e40ff5,51.53,38.34,30.54,,,34.44,,,33.76,,,,33.76,,18.7,,,18.7,,34.5,35,2.5,16,other,,,,,,,2026-04-09 22:21:40.360871+00,
White,GA,Georgia,United States,South,2026,1382468,661,34.2822337,-84.7480282,30,a25f3061-4565-4196-8438-6f8397ece734,50.02,34.12,31.56,,,32.84,,,,,,,,34.38,38.13,,,38.13,,40.14,40,1.6,11.1,other,,,,,,,2026-04-09 22:28:42.700971+00,
Whitesburg,GA,Georgia,United States,South,2026,1382720,596,33.4920681,-84.9142997,30,be1028c7-2aa4-4632-b21c-ea2de9ea036d,57.36,49.82,37.97,,,43.9,,,,,,,,16.78,54.58,,,54.58,,43.42,43,1.3,23.5,other,,,,,,,2026-04-09 22:35:40.146206+00,
Sun Valley,ID,Idaho,United States,Mountain,2026,1678850,1783,43.6838517,-114.3342027,35,6540f7d8-4806-48b6-a593-b39e1a563772,82,65.71,76.48,,,71.1,,,,,,,,,,78.3,,78.3,,75.52,76,67.9,73.3,other,,,,,,,2026-04-06 20:00:40.819921+00,
Alto Pass,IL,Illinois,United States,Midwest,2026,1701205,319,37.5736544,-89.319546,30,85da8c4c-1685-4296-ab89-1eb52be57881,95.29,95.85,,,,95.85,,,,,,,,75.17,93.2,,88.71,91.47,,87.31,87,7.6,10.2,other,,,,,,,2026-04-08 21:37:40.248405+00,
McCook,IL,Illinois,United States,Midwest,2026,1745564,249,41.7982646,-87.8415915,30,96ebe484-5eef-444e-97e3-f67fcb5cca6f,83.39,15.08,,,,15.08,,,,,,,,57.91,100,,,100,,80.44,80,1.7,18.6,other,,,,,,,2026-05-08 21:53:51.0471+00,
Towanda,IL,Illinois,United States,Midwest,2026,1775822,431,40.562,-88.899,30,5ffce377-63ee-4346-8a3d-8531be9178fd,42.43,37.69,17.4,,,27.55,,,,,,,,8.58,15.59,,10.44,13.61,,23.39,23,4.2,15.5,other,,,,,,,2026-04-14 04:20:39.847493+00,
Borden,IN,Indiana,United States,Midwest,2026,1806634,786,38.4617,-85.9022,30,e58586d2-cbff-49a3-aad9-2f3079a0d14d,56.77,53.19,55.34,,,54.27,,,,,,,,55.34,,,,,,55.34,55,5.7,20.6,other,,,,,,,2026-04-14 05:03:40.007797+00,
Monroeville,IN,Indiana,United States,Midwest,2026,1850562,1294,40.9735804,-84.8676779,30,f93c4fd3-9049-470b-9b1b-bdd8c942da4a,38.44,26.65,,,,26.65,,,,,,,,14.47,,,,,,26.56,27,7,17.6,other,,,,,,,2026-04-09 03:10:40.19245+00,
Wolcottville,IN,Indiana,United States,Midwest,2026,1885076,1004,41.5254845,-85.3665251,30,3c469d86-bf3b-4944-9248-d3a329e7dfb2,59.71,53.23,6.47,,,29.85,,,,,,,,,6.47,,,6.47,,31.8,32,0.1,18.6,other,,,,,,,2026-04-09 04:40:40.445663+00,
Balltown,IA,Iowa,United States,Midwest,2026,1904375,79,42.6372278,-90.8697969,25,b6fefbd5-4dba-4d9e-bf1e-a0b273b2985f,100,100,,,,100,,,,,,,,,,,,,,100,100,1.5,,other,,,,,,,2026-04-08 20:54:40.874313+00,
Bouton,IA,Iowa,United States,Midwest,2026,1907660,127,41.8511,-94.0377,25,0e8c2b89-5ac1-42a8-a674-234d50f76c41,93.34,67.38,,,,67.38,,,,,,,,,,,,,,93.34,93,4.1,1.1,other,,,,,,,2026-04-14 05:10:45.083127+00,
Elk Run Heights,IA,Iowa,United States,Midwest,2026,1924870,1069,42.4688448,-92.256048,25,d574e4cb-8ce3-4df3-af64-43b070f44d5c,74.79,31.9,42,,,36.95,,,,,,,,38.78,16.84,,,16.84,,41.47,41,11.2,6.3,other,,,,,,,2026-04-08 21:05:40.33601+00,
Carbondale,KS,Kansas,United States,Midwest,2026,2010600,1352,38.8172,-95.6933,30,46f801c7-2308-47d9-9126-5e460ca70970,29.11,18.44,31.36,,,24.9,,,,,,,,,12.57,,,12.57,,22.47,22,0,21.2,other,,,,,,,2026-04-14 04:57:40.4215+00,
Englewood,KS,Kansas,United States,Midwest,2026,2021350,58,37.0404488,-99.9876162,30,2aace44d-bfcf-4956-be24-b011e768e77d,39.45,,,,,,,,,,,,,,,,,,,39.45,39,0.9,22.5,other,,,,,,,2026-04-09 04:07:40.463998+00,
Campton,KY,Kentucky,United States,South,2026,2112358,316,37.7351606,-83.5472413,35,bb2d6c07-4586-4a46-b137-ed48808510a9,68.25,64.64,50,,,57.32,,,,27.53,,,27.53,43.99,50,,,50,,48.6,49,0.4,15.5,other,,,,,,,2026-04-08 21:09:44.596003+00,
Grand Rivers,KY,Kentucky,United States,South,2026,2132212,345,37.0047355,-88.2318404,35,a29af9e5-58fb-4e47-abc9-cbdc7aa2707c,45.92,20.54,,,,20.54,,,,,,,,32.46,29.57,,,29.57,,35.98,36,0.1,35,other,,,,,,,2026-04-08 21:11:40.560061+00,
Lewisburg,KY,Kentucky,United States,South,2026,2145064,748,36.9872304,-86.9501883,35,7fb43a39-eb33-460c-ba24-93921ed9cc8e,51.97,52.84,,,,52.84,,,,,,,,52.41,45.45,,,45.45,,49.94,50,3.8,17.3,other,,,,,,,2026-04-08 21:13:40.557774+00,
Midway,KY,Kentucky,United States,South,2026,2152140,1742,38.1464607,-84.6861436,35,704a736a-ab1f-4914-af1b-4b1fd3bc1f79,38.36,33.01,17.97,,36.91,28.03,,,,,,,,13.77,,,,,,26.85,27,8.4,26.7,other,,,,,,,2026-04-08 21:23:41.24691+00,
Nippa,KY,Kentucky,United States,South,2026,2192560,3227,37.8551,-82.7349,35,dc0a520a-fef1-4733-8b15-07b5d6f7815b,62.94,54.77,,,,54.77,,,,,,,,22.23,,,,,,58.58,59,5.8,191.1,other,,,,,,,2026-04-14 05:02:40.862708+00,
Patten,ME,Maine,United States,New England,2026,2357115,539,46.0043426,-68.442762,25,0ea53132-c3a8-428f-883f-b4fccefe6f44,73.35,73.38,,,,73.38,62.89,,,67.35,62.89,,63.7,46.2,45.75,,,45.75,,57.75,58,10.4,6.4,other,,,,,,,2026-04-14 06:30:42.470826+00,
Flintstone,MD,Maryland,United States,Mid-Atlantic,2026,2428425,167,39.7026,-78.5623,30,d4f33d8b-1895-426d-aa6b-7f5f3de70d62,93.97,88.57,81.44,,,85.01,,,,,,,,,81.44,,,81.44,,86.62,87,3.3,4.8,other,,,,,,,2026-04-11 00:07:40.360076+00,
Friendsville,MD,Maryland,United States,Mid-Atlantic,2026,2430850,438,39.6624478,-79.4044138,30,1450474e-95b6-4d09-abf7-fd6fbf2dfdd1,36.62,32.32,30.37,,,31.35,,,,,,,,44.98,21.83,,,21.83,,33.51,34,3.5,14.2,other,,,,,,,2026-04-10 00:37:40.304928+00,
Galena,MD,Maryland,United States,Mid-Atlantic,2026,2431225,539,39.3426,-75.8798,30,c6f34b9c-5a87-443e-a6a7-e5cd57a04ec3,76.86,76.29,26.94,,,51.62,,,,61.6,,16.33,34.44,77.92,29.04,,,29.04,,52.68,53,0.1,6.2,other,,,,,,,2026-04-11 02:05:40.79441+00,
Little Orleans,MD,Maryland,United States,Mid-Atlantic,2026,2447275,65,39.6087,-78.7448,30,1ff5a51e-eb18-4c51-a4e2-bdacc27cf9f8,72.27,78.46,,,,78.46,,,,,,,,,,,,,,87,87,8.3,4.6,other,,,,,,,2026-04-10 23:54:40.697911+00,
Luke,MD,Maryland,United States,Mid-Atlantic,2026,2448775,85,39.4823,-79.0548,30,2993f1f6-d374-4c72-98ca-805c58047869,87.9,67.34,,,,67.34,,,,,,,,,,,,,,87.9,88,0.1,4.5,other,,,,,,,2026-04-11 01:01:40.300814+00,
North Beach,MD,Maryland,United States,Mid-Atlantic,2026,2456300,2146,38.7077359,-76.5345,30,c483f462-8e48-4965-9af0-1d8ecd1899fc,39.87,30.86,,,,30.86,16.36,20.04,,,,16.22,17.13,26.39,32.94,,20.13,28.01,,27.03,27,2.6,14.1,other,,,,,,,2026-04-10 00:11:41.21284+00,
Oxford,MD,Maryland,United States,Mid-Atlantic,2026,2459450,611,38.6873,-76.1698,30,5ed3434a-14c2-4f45-adcc-9ca776e550df,58.25,53.75,,,,53.75,,,,,,,,,21.36,,32.08,25.48,,41.86,42,,14.5,other,,,,,,,2026-04-10 23:57:40.169796+00,
Boxford,MA,Massachusetts,United States,New England,2026,2507385,2432,42.6637117,-70.9842162,25,3b762f54-43b7-458c-ac9d-ef54be97f583,58.27,42.4,21.82,,,32.11,,,,,,,,,57.47,,,57.47,,47.86,48,41.8,56.2,other,,,,,,,2026-04-10 23:14:40.384712+00,
Dighton,MA,Massachusetts,United States,New England,2026,2516950,8101,41.8126,-71.1273,25,caaa2b7b-f20a-41b5-ae43-efcf2d371063,44.25,32.59,10.03,,,21.31,,,,,,,,,37.88,,,37.88,,35.47,35,6,149.1,other,,,,,,,2026-04-14 02:38:41.143956+00,
Dover,MA,Massachusetts,United States,New England,2026,2517370,2452,42.2466727,-71.2680707,25,892f241d-99f4-4de6-b7c8-a0862a3b7035,52.07,47.62,21.03,,,34.33,,,,,,,,,68.95,24.97,,48.43,,44.2,44,25.3,50.4,other,,,,,,,2026-04-10 22:40:40.117131+00,
Groveland,MA,Massachusetts,United States,New England,2026,2527620,6749,42.7609,-71.0262,25,11cc3da5-6167-4e0b-a34d-9b6c00503bd5,48.14,39.52,17.55,,,28.54,,,,,,,,,68.9,,,68.9,,46.74,47,46.8,84.5,other,,,,,,,2026-04-14 02:40:40.807184+00,
Calumet,MI,Michigan,United States,Midwest,2026,2612580,621,47.2477442,-88.4534164,25,166ec9b9-2956-4873-9ea1-fe61629b0cc0,96.63,96.48,,,,96.48,,,,,,90.02,90.02,94.98,90.89,,,90.89,,92.89,93,7,1.8,other,,,,,,,2026-04-10 02:52:40.408347+00,
Copper Harbor,MI,Michigan,United States,Midwest,2026,2618100,136,47.4673,-87.8851,25,e4ded79d-0b2d-4762-b770-29307e0dd020,83.62,80.88,38.71,,,59.8,,,,,,,,90.35,74.56,,,74.56,95.97,82.04,82,24.6,7.2,other,,,,,,,2026-04-14 08:20:40.409865+00,
Glen Arbor,MI,Michigan,United States,Midwest,2026,2632360,261,44.8942918,-85.9890504,25,9c7bf55e-146f-49f5-a6e9-d97bb69c6d8e,92.82,93.2,,,,93.2,,,,,93.87,,93.87,81,80.19,,,80.19,,87.5,88,15.4,5.2,other,,,,,,,2026-04-10 03:15:40.261128+00,
Thompsonville,MI,Michigan,United States,Midwest,2026,2679600,451,44.519962,-85.9379698,25,0d52a2ee-07c4-4f54-a62d-3437bc21814d,74.54,74.93,,,,74.93,,,,,,,,33.61,55.72,,,55.72,,54.63,55,16.4,4,other,,,,,,,2026-04-10 03:52:40.066832+00,
Esko,MN,Minnesota,United States,Midwest,2026,2719718,2082,46.7112,-92.3648,30,5888bcf4-a46c-4026-88f5-ae274392d594,62.01,61.9,,,,61.9,,,,,,,,,48.32,,,48.32,,55.17,55,0,53,other,,,,,,,2026-04-10 20:14:40.433733+00,
Heron Lake,MN,Minnesota,United States,Midwest,2026,2728700,602,43.7980593,-95.3197781,30,f92bce3e-54c0-4970-a27d-55fdd50debd6,28.9,29.47,,,,29.47,,,,,,32.72,32.72,7.31,6.88,,,6.88,,20.01,20,,23.8,other,,,,,,,2026-04-10 14:14:40.520653+00,
Lewiston,MN,Minnesota,United States,Midwest,2026,2736800,1533,43.9823863,-91.8694866,30,e646925e-8b7e-47cb-86f0-04d2c5be15e4,56.36,37.67,23.6,,,30.64,,,,,,,,9.72,0,,,0,,32.08,32,1.3,20.9,other,,,,,,,2026-04-10 13:53:40.458002+00,
Trail,MN,Minnesota,United States,Midwest,2026,2765344,40,47.7832849,-95.6980341,30,b6aad6f8-d034-4aac-993e-752645e5a3bc,82.63,35,,,,35,,,,,,,,,,,,,,82.63,83,,9.1,other,,,,,,,2026-04-10 14:31:41.635637+00,
Boyle,MS,Mississippi,United States,South,2026,2808180,532,33.7087,-90.7248,25,d284e2f3-bf9b-4325-b2ff-3369e54761ab,65.04,49.56,16.17,,,32.87,,,,,,,,38.8,,,,,,44.3,44,14.8,4.9,other,,,,,,,2026-04-13 21:08:40.629998+00,
Woodland,MS,Mississippi,United States,South,2026,2881000,110,33.779675,-89.05069,25,a7cebd9a-1dd7-41d8-b6ca-d4cfd724a606,90.96,87.15,84.55,,,85.85,,,,,,,,,,,,,,88.04,88,4.4,2.5,other,,,,,,,2026-04-13 20:56:40.50668+00,
Newburg,MO,Missouri,United States,Midwest,2026,2951716,333,37.9155842,-91.900374,25,7541eb64-090b-4956-a15b-92ad0322bcf9,67.2,44.74,,,,44.74,,,,,,,,,,,,,,67.2,67,13.9,3.7,other,,,,,,,2026-04-14 04:18:40.418015+00,
Box Elder,MT,Montana,United States,Mountain,2026,3008725,85,48.3230495,-110.017664,25,b6c95b5c-b8b3-4291-bb85-45ecc11a66d8,72.8,50.59,40,,,45.3,,,,,,,,,,,,,,57.08,57,4,1.3,other,,,,,,,2026-04-14 06:46:40.086988+00,
Emigrant,MT,Montana,United States,Mountain,2026,3024325,465,45.3842177,-110.7568892,25,05b0d4e3-9533-4d2e-bf48-7214f09d84a1,79.79,77.44,,,,77.44,,,,,,,,43.05,,,,,,63.12,63,31.3,13.5,other,,,,,,,2026-04-14 06:26:41.20035+00,
Lame Deer,MT,Montana,United States,Mountain,2026,3042250,1897,45.617651,-106.6133617,25,3ebe222d-1df8-493d-959f-c02a2ff12151,74.43,62.04,76.39,22.97,,63.43,14.53,,,,,,14.53,,,,,,,50.58,51,61,44.4,other,,,,,,,2026-04-14 06:34:40.766431+00,
Sula,MT,Montana,United States,Mountain,2026,3071800,41,45.8461857,-113.957482,25,a55bfe8a-2f5b-4fd3-9101-342518b5e7de,82.89,76.38,,,,76.38,,,,,,,,,,,,,,89.43,89,9.4,5.9,other,,,,,,,2026-04-14 06:48:40.228075+00,
Winnett,MT,Montana,United States,Mountain,2026,3081100,188,47.0043009,-108.3466118,25,6c4a9505-3a14-49ff-a776-b4d81b9344c2,92.69,90.21,89.36,,,89.79,,,,,80.32,,80.32,57.98,72.07,,,72.07,,79.33,79,9.4,3.9,other,,,,,,,2026-04-14 07:42:39.936763+00,
Elkhorn,NE,Nebraska,United States,Midwest,2026,3115010,268,41.2937,-96.2273,25,cb1bf564-c503-46d8-9d94-b0cc602ab3e3,60.89,44.49,31.43,,,37.96,,,,,,,,,,,,,,56.45,56,15.4,133.5,other,,,,,,,2026-04-14 08:08:44.846632+00,
Murdock,NE,Nebraska,United States,Midwest,2026,3133320,270,40.9261171,-96.2811063,25,de8a87c4-b155-4c5b-a8cd-d970aa520d71,97.33,99.12,100,,,99.56,,,,,,,,94.07,,,,,,97.25,97,6.1,1.1,other,,,,,,,2026-04-07 02:41:40.607082+00,
Blue Diamond,NV,Nevada,United States,Mountain,2026,3205700,268,36.0399488,-115.4127985,25,0d459de9-dbd0-420c-9e72-db467fefd01c,90.85,86.94,100,,,93.47,,,,,,,,99.23,100,99.23,,99.64,,96.41,96,111.3,13.7,other,,,,,,,2026-04-14 08:25:41.166583+00,
Glenbrook,NV,Nevada,United States,Mountain,2026,3227900,310,39.1001232,-119.9272889,25,8b952fa8-fd5c-46bd-9cd0-4f82b558339f,80.43,79.79,,,,79.79,,,,,,,,,,,,,,95.9,96,9.9,5.2,other,,,,,,,2026-04-14 08:57:40.15596+00,
Stateline,NV,Nevada,United States,Mountain,2026,3269200,595,38.9687297,-119.944509,25,d9151275-0088-4273-a3a4-89f771ef0083,95.13,70.18,,,,70.18,,,,59.54,,,59.54,75.72,,,,,,76.53,77,4,3.8,other,,,,,,,2026-04-14 06:56:40.489559+00,
New Hampton,NH,New Hampshire,United States,New England,2026,3351460,373,43.6106294,-71.6527543,30,03e3ebce-5031-40b2-82c4-7ea2f7354a4e,61.33,54.77,26.01,,,40.39,,,,,,,,,57.29,,,57.29,,51.74,52,0.7,13.1,other,,,,,,,2026-04-14 06:37:44.19353+00,
Seabrook Beach,NH,New Hampshire,United States,New England,2026,3368340,1078,42.8809366,-70.8245109,30,0275d464-35f5-4e93-9712-16ebdc67943f,82.43,79.62,,,,79.62,,,,,62.71,,62.71,62.71,53.99,,,53.99,,65.25,65,9.8,13.4,other,,,,,,,2026-04-14 06:01:40.797248+00,
Warner,NH,New Hampshire,United States,New England,2026,3378500,453,43.2842609,-71.8240591,30,fe2d59a1-00f9-4167-9fbf-30c27cd7c352,79.26,75.78,75.28,,,75.53,,,,,20.97,,20.97,49.67,63.82,,,63.82,,56.72,57,2.6,11.3,other,,,,,,,2026-04-14 06:52:40.091644+00,
Bordentown,NJ,New Jersey,United States,Mid-Atlantic,2026,3406670,3993,40.1496935,-74.707679,25,659f6e6a-7a70-45d3-867e-42006b132273,64.02,58.56,46.06,,,52.31,,,,,,,,32.79,55.76,,72.15,62.06,33.01,49.05,49,17.5,7.4,other,,,,,,,2026-04-10 07:37:40.318627+00,
Folsom,NJ,New Jersey,United States,Mid-Atlantic,2026,3423940,1811,39.5967446,-74.8431626,25,d39d8d15-d4bc-4990-99b7-009714cd6f7f,68.96,51.83,49.06,,,50.45,,,,,,,,10.26,,,,,,53.19,53,31,26.7,other,,,,,,,2026-04-10 07:01:40.629502+00,
Hancocks Bridge,NJ,New Jersey,United States,Mid-Atlantic,2026,3429520,155,39.5053082,-75.4593163,25,71a9a11a-b801-4fb3-8355-bca7adaf8906,82.78,31.61,,,,31.61,,,,,,,,,77.42,,,77.42,,80.1,80,4,2.9,other,,,,,,,2026-04-10 07:29:40.626039+00,
Montclair,NJ,New Jersey,United States,Mid-Atlantic,2026,3447524,2180,40.8259,-74.209,25,ce0d2574-7c07-4357-82e0-386b41980341,76.86,36.7,36.7,,100,50.77,36.7,,,,,,36.7,,36.7,,,36.7,36.7,47.09,47,5.2,1.6,other,,,,,,,2026-04-14 07:00:40.214256+00,
Sussex,NJ,New Jersey,United States,Mid-Atlantic,2026,3471670,2024,41.2087713,-74.6082414,25,64db44ec-502f-46c2-af94-ba14dda8c418,51.51,38.96,,,,38.96,,,,22.78,10.72,,14.17,9.27,,,,,,23.9,24,14.1,4.2,other,,,,,,,2026-04-10 08:14:40.188013+00,
Swedesboro,NJ,New Jersey,United States,Mid-Atlantic,2026,3471850,2711,39.7458837,-75.310947,25,4a9714f5-ba9a-46b8-ada3-6efa0a05f40f,58.58,53.59,23.74,,,38.67,,,,,,,,,,,,,,47.2,47,15.8,7.2,other,,,,,,,2026-04-10 09:03:42.927106+00,
Voorhees,NJ,New Jersey,United States,Mid-Atlantic,2026,3476250,1517,39.8487,-74.9573,25,875c1531-d32e-4652-a502-bc93478baac6,97.05,69.32,,,,69.32,0.79,,,72.31,,,24.63,29.48,97.76,,,97.76,,59.34,59,10.5,5,other,,,,,,,2026-04-14 07:28:40.534532+00,
West Wildwood,NJ,New Jersey,United States,Mid-Atlantic,2026,3480210,540,39.0005979,-74.823573,25,e0c4e7f8-fa1c-43c6-9e85-f6fa7fb73c7f,94.63,94.92,,,,94.92,,,,,,,,,100,,,100,,97.32,97,10.2,1.5,other,,,,,,,2026-04-10 07:50:40.454477+00,
Arroyo Seco,NM,New Mexico,United States,Mountain,2026,3505150,1979,36.5187,-105.5923,30,82606d14-1355-4baa-aa02-ff0d963ca244,69.23,64.15,42.5,,,53.33,,,,,,,,52.84,,,,,,57.95,58,9.4,70.8,other,,,,,,,2026-04-11 00:46:40.33156+00,
Mosquero,NM,New Mexico,United States,Mountain,2026,3550300,98,35.7743104,-103.9544133,30,2145a34d-8b95-4538-8e5a-1b21d200d215,32.7,17.69,28.57,,,23.13,,,,,,,,,,,,,,27.23,27,2.2,10.6,other,,,,,,,2026-04-11 02:59:40.440802+00,
Navajo,NM,New Mexico,United States,Mountain,2026,3551420,1942,36.8087,-108.6948,30,9b6c9f4c-e2d8-40d6-9ce8-87a2b12658df,89.78,79.23,81.01,,,80.12,,,,,,,,40.37,63.05,,,63.05,,69.24,69,0.6,23.2,other,,,,,,,2026-04-11 02:58:40.666945+00,
Tierra Amarilla,NM,New Mexico,United States,Mountain,2026,3577670,297,36.705901,-106.5651323,30,c5697c86-f379-4e5d-bbfe-ab7f8a781ff8,88.43,72.49,68.01,,,70.25,68.01,,,,,,68.01,76.95,72.19,,93.6,80.42,,75.91,76,1.3,17.2,other,,,,,,,2026-04-11 02:07:40.845393+00,
Brewster,NY,New York,United States,Mid-Atlantic,2026,3608070,2508,41.396162,-73.6162687,20,df96fa43-c2e6-4f1a-934a-b200194666ea,59.22,50.76,44.63,,,47.7,,,,,,,,7.77,38.65,,,38.65,13.72,34.3,34,2.7,12.4,other,,,,,,,2026-04-10 05:52:40.333432+00,
Chautauqua,NY,New York,United States,Mid-Atlantic,2026,3614058,218,42.2100774,-79.4690149,20,23d625da-5997-4c8e-bd62-fe39f9453cf4,95.11,96.6,,,,96.6,95.41,,,,,,95.41,97.25,96.79,,95.41,96.26,,95.96,96,25.1,4,other,,,,,,,2026-04-10 05:47:40.457392+00,
Clinton,NY,New York,United States,Mid-Atlantic,2026,3616419,1683,43.0488663,-75.3784617,20,95112f04-c641-4dd7-b0f1-7869989cf18f,45.17,49.78,16.7,,,33.24,40.4,29.66,,37.43,,,36.97,53.17,20.55,,,20.55,,37.5,38,1.5,16.3,other,,,,,,,2026-04-10 06:10:39.982552+00,
Dundee,NY,New York,United States,Mid-Atlantic,2026,3621050,1690,42.5236126,-76.977422,20,997ed09d-f924-4989-8c8f-285a4791a39b,39.51,37.51,27.04,,,32.28,,,,,,,,,9.53,,,9.53,,27.62,28,0.1,19.6,other,,,,,,,2026-04-10 06:47:40.789728+00,
Ellicottville,NY,New York,United States,Mid-Atlantic,2026,3624020,256,42.2748519,-78.6722833,20,3dd49667-9c3c-444a-b533-70f5094f6c67,42.61,26.14,,,,26.14,,,,,17.97,,17.97,25.2,,,,,,27.53,28,,14.2,other,,,,,,,2026-04-10 06:36:40.489786+00,
Evans,NY,New York,United States,Mid-Atlantic,2026,3624823,678,42.6637,-79.0023,20,60c0429b-fdf3-4def-9262-891f801745f8,55.93,52.03,,,,52.03,,,,,,,,10.68,39.32,,,39.32,,35.42,35,0.2,9.2,other,,,,,,,2026-04-14 08:34:40.166479+00,
Kinderhook,NY,New York,United States,Mid-Atlantic,2026,3639562,1170,42.3937,-73.6948,20,4af85bbd-690f-48d4-81b5-5047afd3b044,62.86,61.06,56.66,,,58.86,,,,,,,,41.3,42.36,,,42.36,,51.92,52,3.4,21.5,other,,,,,,,2026-04-14 08:43:40.242213+00,
Lake Mohegan,NY,New York,United States,Mid-Atlantic,2026,3640689,5896,41.3188029,-73.8480574,20,462eec9e-7aaf-4e13-b71a-e4db5bf74934,44.79,43,6.8,,,24.9,,,,,,,,,44.3,,,44.3,,37.29,37,14,56.8,other,,,,,,,2026-04-10 06:06:40.797012+00,
Philmont,NY,New York,United States,Mid-Atlantic,2026,3657639,1377,42.249004,-73.6469017,20,6a521d7a-92e6-4285-9e53-9dfe8ad9c5ba,56.8,46.43,,,,46.43,,,,,,,,54.32,,,,,,55.56,56,1.6,15.3,other,,,,,,,2026-04-10 06:34:40.181979+00,
Pittsford,NY,New York,United States,Mid-Atlantic,2026,3658354,1419,43.0904921,-77.5165703,20,f4611a14-4eae-4cd0-b095-16da021a66c3,49.44,36.49,34.36,,,35.43,36.5,17.9,,,,,30.3,39.21,36.11,,,36.11,,37.48,37,5,15,other,,,,,,,2026-04-10 06:30:40.651093+00,
Sandy Creek,NY,New York,United States,Mid-Atlantic,2026,3665068,646,43.6433731,-76.0863342,20,6ac939cc-9eb6-484f-8c2e-407a3008e7b9,54.47,33.17,20.9,,,27.04,,,,,31.89,,31.89,45.6,20.9,,,20.9,,35.21,35,,13.5,other,,,,,,,2026-04-10 07:07:40.597902+00,
Stuyvesant,NY,New York,United States,Mid-Atlantic,2026,3671850,1931,42.3954848,-73.7554777,20,04b5d0a0-8e77-4400-b2b5-4d56d08e6a17,62.57,57.08,,,,57.08,,,,,,,,,35.44,,,35.44,,54.71,55,18.3,91.7,other,,,,,,,2026-04-10 07:35:40.519874+00,
Weedsport,NY,New York,United States,Mid-Atlantic,2026,3679015,1788,43.048124,-76.5636075,20,71acea38-4776-423f-9c45-8c261b27ed27,36.19,36.95,23.49,,,30.22,,,,,,,,26.4,,,,,,30.87,31,1.7,20.6,other,,,,,,,2026-04-10 06:28:40.715225+00,
Fort Yates,ND,North Dakota,United States,Midwest,2026,3827860,176,46.0865941,-100.630078,25,54e8effa-b68d-4f61-8dac-37eafe79190f,100,100,,,,100,,,,,100,,100,,,,,,,100,100,3.9,,other,,,,,,,2026-04-07 02:29:40.57766+00,
Andover,OH,Ohio,United States,Midwest,2026,3902050,972,41.6062208,-80.5683848,25,8d8a374e-6ffb-4f1c-886c-55f923e976ee,78.46,66.21,,,,66.21,49.59,,,,53.09,,51.53,65.76,36.42,,,36.42,,57.54,58,12.4,4.2,other,,,,,,,2026-04-10 12:12:40.530561+00,
Mount Hope,OH,Ohio,United States,Midwest,2026,3952822,197,40.624212,-81.772588,25,aa23fa21-e874-40af-97f0-2d9fe491a74f,93.78,93.77,,,,93.77,,,,,,,,97.46,,,,,,95.62,96,2.3,2.9,other,,,,,,,2026-04-10 11:52:40.460523+00,
Perrysville,OH,Ohio,United States,Midwest,2026,3962190,729,40.6584017,-82.3143798,25,f2d18249-42d1-429c-b68c-8acd0b2fe56c,92.53,85.71,88.78,,,87.25,,,,,,,,,,,,,,89.82,90,9.5,3.1,other,,,,,,,2026-04-10 13:03:40.247335+00,
Dover,OK,Oklahoma,United States,South,2026,4021350,400,35.9812,-97.9098,25,6346a101-430a-484d-a703-3a7b5c0d9ed7,78.07,73.98,74,,,73.99,,,,,,,,83.75,44.53,,78.25,57.5,,73.38,73,8.9,1.9,other,,,,,,,2026-04-14 07:36:40.135112+00,
Gilchrist,OR,Oregon,United States,Pacific,2026,4128800,216,43.4987,-121.6898,25,c8d9245c-daab-4684-b0d1-014d8e77227e,91.51,21.92,90.28,,,56.1,,,,,100,,100,100,,,,,,85.64,86,6.2,0.7,other,,,,,,,2026-04-14 07:32:40.528285+00,
Mosier,OR,Oregon,United States,Pacific,2026,4150050,468,45.6887,-121.4048,25,50f28b7a-3c29-4430-b727-2374bcd53a8f,73.29,65.88,61.54,,,63.71,,,,,,,,25.21,35.17,,,35.17,,50.45,50,9.8,7,other,,,,,,,2026-04-14 09:50:41.61396+00,
Turner,OR,Oregon,United States,Pacific,2026,4175150,2454,44.8487,-122.9498,25,8dc9e20a-14c2-4cef-a35d-1d04a13d5c96,51.84,37.51,15.17,,,26.34,,,,,,,,,40.11,,,40.11,,39.06,39,21,12,other,,,,,,,2026-04-14 08:56:39.892344+00,
Bellwood,PA,Pennsylvania,United States,Mid-Atlantic,2026,4205384,1827,40.6006772,-78.333271,25,117b4291-8e83-4b34-9b7c-6bc34a13a43d,86.14,77.48,97.12,,,87.3,,,,,92.26,,92.26,89.43,32.08,,,32.08,,75.57,76,18.4,3.1,other,,,,,,,2026-04-10 08:42:40.309042+00,
Blakely,PA,Pennsylvania,United States,Mid-Atlantic,2026,4206928,6657,41.4859326,-75.6012546,25,4ec09956-83d5-4f75-bc23-37ee24b30b60,50.21,48.3,16.41,,,32.36,,,,,,,,,18.55,,,18.55,,33.68,34,81.7,17.4,other,,,,,,,2026-04-10 09:39:39.97447+00,
Buffalo,PA,Pennsylvania,United States,Mid-Atlantic,2026,4210008,1224,40.7387,-77.6273,25,3f516246-8a9f-401f-97a1-b6f5010c73cc,77.61,69.62,48.93,,,59.28,,,,,,,,42.1,,,,,,61.2,61,52.4,50.7,other,,,,,,,2026-04-14 09:21:39.962494+00,
Cleona,PA,Pennsylvania,United States,Mid-Atlantic,2026,4214160,2013,40.3385107,-76.4770928,25,c4b27b7a-231e-45e2-8299-4e21b31a030a,58.25,30.71,58.97,,,44.84,,,,,,,,48.73,58.97,,,58.97,,52.09,52,17.5,5.2,other,,,,,,,2026-04-10 09:32:40.154077+00,
Delmont,PA,Pennsylvania,United States,Mid-Atlantic,2026,4218768,2596,40.4144078,-79.5728896,25,3eb614a2-48dc-45b0-a812-29d9cc64a158,57.66,49.53,13.06,,,31.3,,,,,,,,,36.86,,,36.86,,40.88,41,20.9,7.5,other,,,,,,,2026-04-10 10:37:42.018339+00,
Douglassville,PA,Pennsylvania,United States,Mid-Atlantic,2026,4219680,518,40.2587,-75.6848,25,827afe2e-f134-40e1-b326-fa4def849996,63.99,65.87,25.1,,,45.49,25.1,57.72,,,,56.76,42.9,64.35,16.6,,,16.6,,46.37,46,5.1,4.9,other,,,,,,,2026-04-14 09:26:40.033122+00,
East Earl,PA,Pennsylvania,United States,Mid-Atlantic,2026,4221064,1113,40.1101707,-76.0259533,25,3ad02a27-29c9-45da-a824-d4fdaa61de5b,69.12,31,,,,31,,,,,9.79,,9.79,42.42,,,,,,37.38,37,10.3,6.9,other,,,,,,,2026-04-10 09:28:39.955898+00,
Emlenton,PA,Pennsylvania,United States,Mid-Atlantic,2026,4223568,614,41.1787,-79.7048,25,038c02d4-3f10-4c76-b3c6-675288d06865,74.52,59.64,,,,59.64,,,,,29.8,,29.8,47.72,46.42,,,46.42,,48.09,48,15,4.1,other,,,,,,,2026-04-14 09:12:40.674208+00,
Garrett,PA,Pennsylvania,United States,Mid-Atlantic,2026,4228520,415,39.8643838,-79.0618471,25,f44da447-2330-4dfd-b0c7-e7120b971e64,62.97,53.41,24.82,,,39.12,,,,,,,,,,,,,,49.34,49,8.9,3.2,other,,,,,,,2026-04-10 09:20:40.101653+00,
Gilpin,PA,Pennsylvania,United States,Mid-Atlantic,2026,4229184,2411,40.5087,-79.7273,25,07e75510-96a2-40cc-bf33-d21241a39f8c,82.73,78.67,49.12,,,63.9,,,,,,,,,55,100,,76,,68.77,69,121.9,11.7,other,,,,,,,2026-04-14 09:22:40.351107+00,
Hatfield,PA,Pennsylvania,United States,Mid-Atlantic,2026,4233112,3496,40.2770945,-75.2988719,25,4a4fffe8-b8ce-4d13-8c98-ba39b7757f8c,64.48,52.58,,,,52.58,,64.19,,,64.19,64.19,64.19,59.61,43.29,,,43.29,,58.38,58,15.3,6.6,other,,,,,,,2026-04-10 10:49:40.071882+00,
Hulmeville,PA,Pennsylvania,United States,Mid-Atlantic,2026,4236192,982,40.1432771,-74.9069441,25,0de4011d-d2f8-487c-94fe-dabb2e05874d,65.52,53.86,,,,53.86,,,,,,,,,33.38,,,33.38,,49.45,49,5.4,4.2,other,,,,,,,2026-04-10 10:36:40.457603+00,
Hydetown,PA,Pennsylvania,United States,Mid-Atlantic,2026,4236616,529,41.6587,-79.7448,25,b502b5e2-dd1d-48ea-bdbb-585c954d0147,52.17,40.79,21.17,,,30.98,,,,,,,,39.96,18.94,,,18.94,,35.16,35,5.3,11.6,other,,,,,,,2026-04-14 08:09:39.835151+00,
Jamestown,PA,Pennsylvania,United States,Mid-Atlantic,2026,4237696,582,41.4841083,-80.4372451,25,abec422a-f159-44ad-9984-9bc2233a1b47,83.87,75.68,,,,75.68,,,,54.98,,,54.98,68.69,55.29,,,55.29,,64.89,65,11.8,4.3,other,,,,,,,2026-04-10 09:48:40.083449+00,
Langhorne,PA,Pennsylvania,United States,Mid-Atlantic,2026,4241392,1643,40.1774525,-74.9234165,25,e2100192-04d3-478e-bf24-1d58fb547895,45.46,45.87,10.59,,,28.23,,,,,,,,30.71,19.48,,,19.48,,30.76,31,8,6,other,,,,,,,2026-04-10 11:06:40.427565+00,
Middletown,PA,Pennsylvania,United States,Mid-Atlantic,2026,4249152,284,40.1987,-76.7348,25,085f2d9b-9aa1-4c39-a484-034350776e0f,81.25,50.58,73.98,,,62.28,,,,,,,,,,,,,,78.17,78,80.1,31.9,other,,,,,,,2026-04-14 09:18:40.474818+00,
Muncy,PA,Pennsylvania,United States,Mid-Atlantic,2026,4252264,2440,41.2021612,-76.7855073,25,b853dba5-4b9c-43fd-8ebe-6f3a6b2fa5cf,53.47,50.56,,,,50.56,,,,,,,,11.93,,,,,,32.7,33,21.2,5.4,other,,,,,,,2026-04-10 11:02:40.122108+00,
Newton Hamilton,PA,Pennsylvania,United States,Mid-Atlantic,2026,4254160,196,40.3929906,-77.8353445,25,0c1c01db-dcc6-446d-988e-44bf41915296,95.31,98.88,,,,98.88,,,,,,,,43.37,,,,,,69.34,69,2.1,2.2,other,,,,,,,2026-04-10 09:35:39.949237+00,
Newtown,PA,Pennsylvania,United States,Mid-Atlantic,2026,4254184,2268,40.2283443,-74.9322926,25,4078b58c-518a-4d53-b9cf-4271a9a95797,88.46,84.07,78.22,,,81.15,,,,81.96,,,81.96,77.23,80.17,,,80.17,,81.76,82,18.3,3.4,other,,,,,,,2026-04-10 10:23:40.614994+00,
Rimersburg,PA,Pennsylvania,United States,Mid-Atlantic,2026,4264904,942,41.0437,-79.5048,25,73137bdb-6b9d-439c-9fa6-f83ac88baa5a,53.99,49.2,41.72,,,45.46,,,,,44.9,,44.9,50.42,29.09,,,29.09,,44.82,45,6.5,3.4,other,,,,,,,2026-04-14 09:33:40.0894+00,
Robinson,PA,Pennsylvania,United States,Mid-Atlantic,2026,4265360,583,40.4034076,-79.140271,25,9fe12f50-0113-46dd-9718-d863eaf96d2e,77.96,73.02,,,,73.02,,,,,,,,,,,,,,77.96,78,9.8,2.5,other,,,,,,,2026-04-10 09:57:40.715993+00,
Sadsburyville,PA,Pennsylvania,United States,Mid-Atlantic,2026,4267104,1001,39.9823213,-75.8938972,25,4757112a-11ce-4d3f-ab17-02ff13824d73,63.54,63.93,,,,63.93,,,,,,,,42.86,,,,,,53.2,53,6.1,3.2,other,,,,,,,2026-04-10 11:18:40.355518+00,
South Bethlehem,PA,Pennsylvania,United States,Mid-Atlantic,2026,4271976,489,40.9991583,-79.3395403,25,145201e3-3ed0-4e2a-9e5e-4c6b7bd1ce80,72.19,78.39,,,,78.39,25.36,,,,,,25.36,,,,,,,45.43,45,5.3,1.7,other,,,,,,,2026-04-10 10:05:40.61701+00,
Susquehanna Depot,PA,Pennsylvania,United States,Mid-Atlantic,2026,4275568,1365,41.9408637,-75.6081561,25,862dc299-1bf0-4085-9658-3092eb14d08f,72.27,60.24,,,,60.24,,,7.47,59.71,59.71,,40.71,59.36,59.71,,,59.71,,56.68,57,17.2,5,other,,,,,,,2026-04-10 10:43:40.56608+00,
Tatamy,PA,Pennsylvania,United States,Mid-Atlantic,2026,4276144,1203,40.7406674,-75.2561339,25,9ac230c1-4737-4685-98b0-c8888dbdc9fd,71.71,53.98,,,,53.98,,,,,,,,64.01,40.18,,,40.18,,58.63,59,14.1,3.7,other,,,,,,,2026-04-10 10:33:39.954803+00,
West Grove,PA,Pennsylvania,United States,Mid-Atlantic,2026,4283104,2770,39.8201874,-75.8285157,25,873be453-b3c2-4b2a-913f-30e7f89cb7e5,63.66,57.4,,,,57.4,,46.06,,,20.22,,27.6,35.15,28.44,,,28.44,,37.86,38,16.5,3.4,other,,,,,,,2026-04-10 10:14:40.604383+00,
Glendale,SC,South Carolina,United States,South,2026,4529275,244,34.9337,-81.8398,30,638888bb-38a0-4fe9-b3f6-2a0102f8f54f,84.37,68.85,,,,68.85,,,,,,,,,,,,,,84.37,84,2.2,5.8,other,,,,,,,2026-04-13 21:20:40.268828+00,
Tabor,SD,South Dakota,United States,Midwest,2026,4662820,407,42.9476723,-97.6593899,25,d0e6a46e-d7db-4cb7-9ab3-cd19d47d90b6,73.71,68.87,,,,68.87,,,,,,,,,,,,,,73.71,74,6.7,4.6,other,,,,,,,2026-03-31 22:34:40.436843+00,
Whitewood,SD,South Dakota,United States,Midwest,2026,4671580,879,44.4622508,-103.6383057,25,e050850d-3cce-4451-bff5-7eb939c96068,70.29,71.04,,,,71.04,,,,,,30.15,30.15,,28.67,,48.81,36.42,,44.07,44,14.2,3.1,other,,,,,,,2026-03-31 22:40:41.50041+00,
Annetta,TX,Texas,United States,South,2026,4803336,3041,32.7012943,-97.66937,30,1437bad8-eadd-4ecc-9a50-5494dfee76a5,65.22,62.29,28.1,,,45.2,,,,,,,,,,,,,,53.76,54,4.5,50.2,other,,,,,,,2026-04-09 08:11:40.545026+00,
Aurora,TX,Texas,United States,South,2026,4804672,1390,33.0559424,-97.5096152,30,d800cfb2-5778-4df4-a5ae-d654fb725630,70.33,60.85,,,,60.85,,,,,,,,,28.19,,,28.19,,49.31,49,0.9,38.7,other,,,,,,,2026-04-09 09:43:40.524773+00,
Blue Mound,TX,Texas,United States,South,2026,4808860,2393,32.8542566,-97.3383694,30,d9ae2540-95a1-4bac-b613-0c8b51b20ffb,85.64,84.76,79.4,,,82.08,,,,,,,,0,,,12.95,12.95,,62.41,62,8.6,5.8,other,,,,,,,2026-04-09 10:20:40.497812+00,
Combine,TX,Texas,United States,South,2026,4816216,2245,32.5900792,-96.5171602,30,6912634f-3117-4841-b696-2641a9a3d5be,65.3,59.82,,,,59.82,,,,,,,,,,,,,,65.3,65,0.2,76.4,other,,,,,,,2026-04-09 09:18:40.191323+00,
Copper Canyon,TX,Texas,United States,South,2026,4816636,1762,33.0966765,-97.0971273,30,97777ecf-bb0f-4505-a93c-ec3b52919a65,58.89,62.79,,,,62.79,,,,,,,,,12.45,,,12.45,,37.72,38,3.1,57.8,other,,,,,,,2026-04-09 10:06:40.452657+00,
Cresson,TX,Texas,United States,South,2026,4817648,1349,32.5298607,-97.6153493,30,42864fe5-d9c7-404f-93bd-d7bd72f815eb,79.93,69.01,,,,69.01,,,,,,,,64.34,,,,,,74.1,74,4.7,62.7,other,,,,,,,2026-04-09 10:54:39.926406+00,
DeCordova,TX,Texas,United States,South,2026,4819570,3007,32.4291037,-97.6930844,30,dabdde90-320b-4a8e-b1e1-59b559e955f5,64.64,60.12,,,,60.12,,,,,,,,,,,,,,64.64,65,,38.6,other,,,,,,,2026-05-08 21:54:02.658883+00,
Hackberry,TX,Texas,United States,South,2026,4831715,2973,33.1497481,-96.9183134,30,e5560b4a-a2b6-4d9c-98bd-a291dfd0f720,39.42,51.13,,,,51.13,,,,,,,,50.22,18.06,,,18.06,,35.9,36,0.2,17.5,other,,,,,,,2026-04-09 09:38:39.967327+00,
Josephine,TX,Texas,United States,South,2026,4838068,2125,33.0631065,-96.3166431,30,a3e82552-3249-4a90-b1f7-b8dda411383a,45.14,24.81,,,,24.81,,,,,,,,,33.38,,,33.38,,39.26,39,1.1,47.5,other,,,,,,,2026-04-09 11:50:40.132206+00,
Krum,TX,Texas,United States,South,2026,4839928,5539,33.2650331,-97.2249386,30,d3e5b21b-985c-4ab5-a7d3-ff8c5ca61f17,32.9,18.48,7.13,,,12.81,,,,,,,,,31.2,,,31.2,,24.92,25,2.4,68.2,other,,,,,,,2026-04-09 09:54:40.355404+00,
Lakeside,TX,Texas,United States,South,2026,4840744,1649,32.8208356,-97.4794314,30,210c0e46-8f0f-4987-9424-dd0dfd20fe34,64.77,58.92,,,,58.92,,,,,,,,,66.61,,,66.61,,67.93,68,0,35.5,other,,,,,,,2026-04-09 09:59:40.006043+00,
Lowry Crossing,TX,Texas,United States,South,2026,4844308,1689,33.1692793,-96.5449849,30,fb622789-b763-45c8-8408-3172df377976,62.81,50.62,,,,50.62,,,,,,,,,,,,,,62.81,63,,38,other,,,,,,,2026-04-09 10:48:40.306725+00,
Nevada,TX,Texas,United States,South,2026,4850760,1314,33.0353289,-96.3706394,30,803f093a-1a2b-430e-95ed-4da533677ca5,40.73,21.97,6.74,,,14.36,,,,,,,,8.61,,,,,,29.16,29,,39.6,other,,,,,,,2026-04-09 12:18:40.66704+00,
New Fairview,TX,Texas,United States,South,2026,4850920,1384,33.1090959,-97.4345801,30,931ce82e-cc93-4097-8b66-2765e2fedbac,81.37,43.62,,,,43.62,,,,,,,,1.42,,,,,,73.14,73,5.2,86.3,other,,,,,,,2026-04-09 12:51:40.869891+00,
Oak Leaf,TX,Texas,United States,South,2026,4853115,1552,32.5224956,-96.8492942,30,e093f866-890d-4fa6-a6a7-46ca4b91c508,76.79,72.5,,,,72.5,,,,,,,,,,,,,,76.79,77,2.5,27.7,other,,,,,,,2026-04-09 12:29:40.467879+00,
Palmer,TX,Texas,United States,South,2026,4854744,2393,32.4251361,-96.6671093,30,b733cc23-a147-431b-95b6-f7945efba4f8,45.95,32.24,28.59,,,30.42,,,,,,,,5.94,,,,,,29.48,29,,52.9,other,,,,,,,2026-04-09 10:28:40.6494+00,
Parker,TX,Texas,United States,South,2026,4855152,5462,33.0608392,-96.6251921,30,6736288b-c691-473f-9109-11fdfaac3df7,46.98,42.67,,,,42.67,,,,,,,,,20.74,,,20.74,,36.15,36,4.8,120.3,other,,,,,,,2026-04-09 10:32:39.870358+00,
Pelican Bay,TX,Texas,United States,South,2026,4856640,2049,32.9227501,-97.5189214,30,adf9a6a1-786a-4f34-80f6-14979b211b50,55.62,41.04,,,,41.04,,,,,,,,,,,,,,55.76,56,,26.2,other,,,,,,,2026-04-09 10:27:40.422704+00,
Reno,TX,Texas,United States,South,2026,4861604,2878,32.9488349,-97.5659873,30,a6bc3c6d-cf64-4e4f-83cd-3b96b4c53bac,66.59,53.33,46.26,,,49.8,,,,,,,,,,,,,,58.52,59,0.1,99.8,other,,,,,,,2026-04-09 10:49:40.070372+00,
Rice,TX,Texas,United States,South,2026,4861736,1203,32.2392598,-96.4973795,30,77f01e76-caf0-4b77-8ca5-9cb29e18919d,58.36,22.18,,,,22.18,,,,,,,,5.07,,,,,,34.86,35,,59.8,other,,,,,,,2026-04-09 10:41:44.546671+00,
Runaway Bay,TX,Texas,United States,South,2026,4863782,1546,33.175379,-97.8747941,30,3e8b8011-7ee7-4e91-aac2-43a809fa62a5,52.99,35.46,,,,35.46,,,,,,,,,12.16,,,12.16,,32.58,33,,58.3,other,,,,,,,2026-04-09 12:39:40.684868+00,
Sansom Park,TX,Texas,United States,South,2026,4865660,5454,32.802738,-97.4020642,30,f8532ea1-367b-42ff-9750-236a88db7af7,18.65,14.89,10.07,,,12.48,,,,,,,,6.41,,,,,,12.51,13,1.7,46.3,other,,,,,,,2026-04-09 11:35:40.390004+00,
Shady Shores,TX,Texas,United States,South,2026,4867100,2764,33.1621262,-97.0349911,30,c9c5d8d7-530b-454e-b665-0305d9f9526b,62.41,61.69,39.67,,,50.68,,,,,,,,,40.36,,,40.36,,51.16,51,2.3,54.9,other,,,,,,,2026-04-09 11:04:40.479143+00,
St. Paul,TX,Texas,United States,South,2026,4864220,992,33.0474861,-96.5533913,30,10f4993e-8b90-4068-bb8e-51a04ff59df2,67.09,57.31,38.58,,,47.95,,,,,,,,,,,,,,57.69,58,,19.7,other,,,,,,,2026-05-08 21:54:04.37208+00,
Talty,TX,Texas,United States,South,2026,4871756,2500,32.6944388,-96.4007635,30,80264648-ff7c-4af3-aa46-e0dcb1e96bbc,51.36,55.06,,,,55.06,,,,,,,,47.8,,,,,,60.03,60,,35.1,other,,,,,,,2026-04-09 10:59:40.2194+00,
Brighton,UT,Utah,United States,Mountain,2026,4908570,432,40.6106555,-111.6039233,25,88ea3850-3a77-43fd-a0fb-c86ba77a0b13,78.3,81.55,,,,81.55,70.21,,,,,,70.21,81.79,,52.71,,52.71,,74.09,74,89.5,19.3,other,,,,,,,2026-04-11 02:11:40.343209+00,
Liberty,UT,Utah,United States,Mountain,2026,4944870,1522,41.3425357,-111.8648802,25,415f9873-e583-4634-a3e3-433c00e01442,71.26,52.6,,,,52.6,,,,,,,,,32.52,,,32.52,,52.08,52,28.9,17.2,other,,,,,,,2026-04-11 00:22:40.840787+00,
Bolton,VT,Vermont,United States,New England,2026,5006475,23,44.3787,-72.8648,25,85842351-d6c7-4b3a-b43a-8fbb17906238,97.58,89.57,,,,89.57,,,,,,,,,,,,,,97.58,98,0.2,1.3,other,,,,,,,2026-04-14 02:34:40.656971+00,
Concord,VT,Vermont,United States,New England,2026,5015250,1141,44.4187,-71.8948,25,3a686cb0-3e7c-47e9-9469-627474fe7c45,78.48,68.24,60.21,,,64.23,,,,,,,,56.79,,,,,,72.87,73,120.2,33.9,other,,,,,,,2026-04-14 02:32:40.596846+00,
Gilman,VT,Vermont,United States,New England,2026,5027925,238,44.4087,-71.7348,25,1207ba6f-1255-4264-b34c-73c7bd61be60,74.33,40.68,33.61,,,37.15,,,,,,,,,,,,,,53.08,53,1.9,3.9,other,,,,,,,2026-04-14 02:25:40.593743+00,
Newbury,VT,Vermont,United States,New England,2026,5048100,447,44.0987,-72.0548,25,6c45b8cf-5954-4a79-8a27-f929573fdd3e,65.76,61.99,35.3,,,48.65,,,,,,,,,,,,,,55.98,56,8.5,10.2,other,,,,,,,2026-04-14 02:35:40.181865+00,
Richford,VT,Vermont,United States,New England,2026,5059050,1304,44.9940142,-72.6694427,25,23007fe8-80ff-4831-9a3c-9f56d70e0a0d,50.76,29.5,21.16,,,25.33,,,,,20.94,,20.94,36.89,19.3,,,19.3,,29.76,30,14.5,5.4,other,,,,,,,2026-04-07 00:11:41.001556+00,
Rochester,VT,Vermont,United States,New England,2026,5060025,321,43.8787,-72.8148,25,e55dd301-bf73-400d-9680-8c19cae69a62,83.55,88.39,81,,,84.7,,,,,,,,33.33,49.91,,,49.91,,64.55,65,3.7,3.4,other,,,,,,,2026-04-14 02:33:40.276912+00,
Stowe,VT,Vermont,United States,New England,2026,5070450,616,44.4672414,-72.68377,25,ea1cc656-77ff-4f37-90ce-65f039bf9c07,68.22,72.3,56.01,,,64.16,,,,,33.44,,33.44,75.6,64.27,,,64.27,,59.68,60,9.3,3.8,other,,,,,,,2026-04-06 23:59:41.013173+00,
Victory,VT,Vermont,United States,New England,2026,5075175,70,44.5187,-71.9048,25,9053f257-cbd3-49f3-bb7c-1366f84d5a95,90.69,,,,,,,,,,,,,,100,100,,100,,95.34,95,62,17.6,other,,,,,,,2026-04-14 02:29:40.762863+00,
Wallingford,VT,Vermont,United States,New England,2026,5075850,839,43.4687,-72.9748,25,7c9545d7-3099-4629-95f0-47deb9b493f2,72.27,72.96,69.96,,,71.46,,,,,,,,45.79,60.07,,,60.07,,63.1,63,14.2,10.2,other,,,,,,,2026-04-14 02:41:40.09196+00,
Wolcott,VT,Vermont,United States,New England,2026,5085300,176,44.5487,-72.4648,25,c2acf3e7-ec81-4c16-8bde-b6e4bdec65e1,89.59,89.64,58.52,,,74.08,,,,,100,,100,,67.05,,,67.05,,83.3,83,8.7,3.3,other,,,,,,,2026-04-14 02:27:40.772067+00,
Hillsboro,VA,Virginia,United States,South,2026,5137288,114,39.1997882,-77.722604,25,1e318942-688e-465e-9a39-e2546aab3aa8,93.06,88.56,79.82,,,84.19,,,,,100,,100,100,79.82,,,79.82,,91.5,92,1.1,2.2,other,,,,,,,2026-04-10 10:57:44.155895+00,
Keezletown,VA,Virginia,United States,South,2026,5141624,369,38.4128261,-78.7976558,25,fbd37efb-92fa-4fc6-90b2-9e8abaea8b19,70.22,79.16,36.31,,,57.74,,,,,,,,,36.31,,,36.31,,55.05,55,4.3,4.4,other,,,,,,,2026-04-10 10:40:40.340758+00,
Moneta,VA,Virginia,United States,South,2026,5152536,450,37.1587,-79.6648,25,a1c4e3fa-1599-400c-834c-22ca88df7160,51.87,44.59,,,,44.59,,,,,,,,48.28,16.51,,,16.51,,38.89,39,10.5,17,other,,,,,,,2026-04-14 02:23:40.649656+00,
Yorktown,VA,Virginia,United States,South,2026,5188240,221,37.2340154,-76.5182017,25,4ce8d9bf-b6e1-42e0-87eb-9e4dd7ed42b6,80.72,71.35,83.26,,,77.31,,,,,,,,71.58,87.96,,,87.96,,79.23,79,4.6,6.5,other,,,,,,,2026-04-10 12:10:40.350501+00,
Winthrop,WA,Washington,United States,Pacific,2026,5379380,511,48.471574,-120.1790837,25,91326240-4111-4c94-9c42-75762f3d817f,63.26,59.19,26.52,,,42.86,,,,,17.21,,17.21,46.6,27.31,,0.62,17.04,,38.26,38,15.2,7.6,other,,,,,,,2026-04-09 18:11:41.188492+00,
Berkeley Springs,WV,West Virginia,United States,South,2026,5404876,753,39.6287,-78.2298,25,27c0ee8e-054f-497f-bdf2-54228f1ce8f9,62.52,59.34,59.1,,,59.22,71.18,,,,,66.93,69.36,56.91,54.75,,,54.75,,60.99,61,12,4.2,other,,,,,,,2026-04-15 18:07:40.23925+00,
Clay,WV,West Virginia,United States,South,2026,5415676,396,38.4614566,-81.0849099,25,964bb518-1707-4f59-b8fa-7039b34bd72d,79.61,71.43,30.53,,,50.98,,,,,,,,44.86,,,,,,60.01,60,9.5,8.8,other,,,,,,,2026-03-31 03:53:47.071235+00,
Gassaway,WV,West Virginia,United States,South,2026,5430220,759,38.6667229,-80.7703607,25,fe58213a-ac6c-449b-8aa5-f0ef9f3adeb9,80.1,72.43,81.71,,,77.07,76.29,79.14,,76.29,,,77,74.14,83.11,,83.11,83.11,,76.68,77,16.1,4.6,other,,,,,,,2026-03-31 03:57:40.823201+00,
Harpers Ferry,WV,West Virginia,United States,South,2026,5435284,269,39.3252427,-77.7414418,25,9786784d-57d5-4f71-8b02-7200412380d8,69.23,59.64,,,,59.64,,,,,,,,63.64,19.85,,,19.85,10.41,40.78,41,10.9,3.9,other,,,,,,,2026-03-31 04:01:40.54412+00,
Tunnelton,WV,West Virginia,United States,South,2026,5481268,296,39.392886,-79.7465784,25,bdff328f-ea3e-4c36-a731-a68c70dd6a64,79.58,68.12,5.07,,,36.6,,,,,,,,54.39,59.8,,,59.8,,55.98,56,7,1.3,other,,,,,,,2026-03-31 04:09:40.575401+00,
Deerfield,WI,Wisconsin,United States,Midwest,2026,5519275,1684,43.0537,-89.0748,25,75ead41e-2ab5-40dc-b721-6f0450980427,75.14,68.02,43.13,,,55.58,,,,,,,,,40.52,63.93,,51.44,,63.54,64,99.9,55.9,other,,,,,,,2026-04-15 16:27:40.49807+00,
Dover,WI,Wisconsin,United States,Midwest,2026,5520575,515,42.7337,-88.0548,25,fa690178-e113-49e7-bea0-ca38201c82a3,76.03,37.78,,,,37.78,,,,,,,,,,,,,,76.03,76,67.7,50.1,other,,,,,,,2026-04-15 16:23:40.592992+00,
Hustisford,WI,Wisconsin,United States,Midwest,2026,5536625,1101,43.3426962,-88.6034713,25,3070a204-53f0-4912-ba4e-076c085befcd,83.09,73.57,58.5,,,66.04,,,,,,,,67.52,47.73,,,47.73,,66.28,66,12.7,6,other,,,,,,,2026-04-09 12:35:40.400012+00,
