{
"type": "FeatureCollection",
"name": "Area_Plans",
"crs": { "type": "name", "properties": { "name": "urn:ogc:def:crs:OGC:1.3:CRS84" } },
"features": [
{ "type": "Feature", "properties": { "OBJECTID": 13, "District_Name": "Far West", "sequence": 10, "Anticipated_Timing": "2029 - 2030", "ShapeSTArea": 329570779.53280324, "ShapeSTLength": 86385.877419332348 }, "geometry": { "type": "Polygon", "coordinates": [ [ [ -89.520915609956802, 43.086115579836296 ], [ -89.520885473075097, 43.086726027422898 ], [ -89.520846108947325, 43.087008646281568 ], [ -89.530930596596392, 43.086991672179728 ], [ -89.53099569674454, 43.085511674538374 ], [ -89.531756188076841, 43.085521802793735 ], [ -89.531826911523609, 43.085519533450338 ], [ -89.531967428174184, 43.085507086332697 ], [ -89.532036853009515, 43.085496942216729 ], [ -89.532130610671288, 43.085478867306783 ], [ -89.532205486811947, 43.085459175878597 ], [ -89.532267452516905, 43.085442879394634 ], [ -89.532398408218924, 43.085396598922941 ], [ -89.532492030313747, 43.085355113107127 ], [ -89.532538992285964, 43.0853315896114 ], [ -89.532636875084293, 43.085272797819115 ], [ -89.532692356600236, 43.085239473837568 ], [ -89.532686371421505, 43.08526832156624 ], [ -89.532685957988235, 43.085282224933081 ], [ -89.532687881440211, 43.085294045010151 ], [ -89.532690729519132, 43.085302401504372 ], [ -89.532697546085117, 43.085316625530673 ], [ -89.532877183210132, 43.085497846774999 ], [ -89.533006170983484, 43.085627971196978 ], [ -89.533073175830253, 43.085694412126671 ], [ -89.533133432047165, 43.085745489423239 ], [ -89.53320380974084, 43.085796489367695 ], [ -89.533266858626135, 43.085835264899828 ], [ -89.533333444496975, 43.08587072099035 ], [ -89.533421557272874, 43.085909824045665 ], [ -89.533475914415575, 43.085931006422001 ], [ -89.533513508621837, 43.085943274264707 ], [ -89.53355110407108, 43.085955542093856 ], [ -89.533594815323028, 43.08596720089259 ], [ -89.533887829690457, 43.086031697534153 ], [ -89.533922353879035, 43.086031094086863 ], [ -89.533948975061818, 43.086024791700034 ], [ -89.53397016158533, 43.086014130920837 ], [ -89.533985403644536, 43.086001048368161 ], [ -89.533989292154743, 43.085995252419004 ], [ -89.53404399160263, 43.085916830768717 ], [ -89.534093451824404, 43.085853118268474 ], [ -89.534166106940575, 43.085773080428119 ], [ -89.53426158373783, 43.085684273919782 ], [ -89.534421192646619, 43.085562139438174 ], [ -89.534561725764931, 43.085476923114236 ], [ -89.53474348999319, 43.085387163786642 ], [ -89.534879242679338, 43.08533474696771 ], [ -89.535027213183952, 43.08528855655139 ], [ -89.535206500790579, 43.085245760823405 ], [ -89.535389273453745, 43.08521706506 ], [ -89.53558930555613, 43.085195512220537 ], [ -89.536270921468997, 43.085209792130797 ], [ -89.536305291554427, 43.085191252693846 ], [ -89.536326863052466, 43.085174672024515 ], [ -89.536346961625014, 43.085152523891111 ], [ -89.536347950250999, 43.085126750296801 ], [ -89.536571170213747, 43.085131423182936 ], [ -89.536609578280661, 43.084149817638369 ], [ -89.536696095903253, 43.082096506869156 ], [ -89.543000373490742, 43.082066069531045 ], [ -89.547193335707178, 43.082045547562544 ], [ -89.548624834494476, 43.082042118799997 ], [ -89.55036563503343, 43.082034767282536 ], [ -89.551752290878724, 43.082027391850517 ], [ -89.552918025360555, 43.08202458787536 ], [ -89.55398304648061, 43.082022173336973 ], [ -89.554697605392292, 43.082020639289375 ], [ -89.55563778053866, 43.082018899239394 ], [ -89.556370428941847, 43.082017537986147 ], [ -89.557102668402848, 43.08201617342543 ], [ -89.557909230183313, 43.082014664796162 ], [ -89.558587443479027, 43.082013622097975 ], [ -89.55917472087377, 43.0820147526547 ], [ -89.559824922011884, 43.082016000794312 ], [ -89.560238357873246, 43.082015659654473 ], [ -89.56097100732903, 43.082013165427306 ], [ -89.561574499003356, 43.082011108256808 ], [ -89.562086612237437, 43.082009360319759 ], [ -89.562618235217101, 43.082007542958486 ], [ -89.563111672398762, 43.082005853845473 ], [ -89.563631104163818, 43.082004072887926 ], [ -89.564100581402386, 43.082002461315319 ], [ -89.564620013112176, 43.082000676770306 ], [ -89.56510247962234, 43.081999017025275 ], [ -89.565530534135064, 43.081997542196603 ], [ -89.565886431464364, 43.081996314772738 ], [ -89.566286272847108, 43.08199511735269 ], [ -89.566280995357971, 43.080730792052798 ], [ -89.565198918960476, 43.080745499138985 ], [ -89.564474107793941, 43.080753774964286 ], [ -89.563868815293858, 43.080759757012856 ], [ -89.563856897262099, 43.079777213221135 ], [ -89.564384393812674, 43.078343327926433 ], [ -89.565112190917162, 43.076326597070768 ], [ -89.565128198491067, 43.075777545441632 ], [ -89.565149928831758, 43.074813239977125 ], [ -89.565151151887093, 43.074704983874739 ], [ -89.566326728632049, 43.074701824747557 ], [ -89.571216583099854, 43.07467046586931 ], [ -89.571236254881271, 43.073698778064688 ], [ -89.57127305686079, 43.073002046895638 ], [ -89.571305617647795, 43.072673742803765 ], [ -89.571336829708045, 43.072014601722174 ], [ -89.571335435981652, 43.071758748891412 ], [ -89.571321520796388, 43.071491419830402 ], [ -89.57133472169987, 43.070928759068984 ], [ -89.571357086584982, 43.070248786483887 ], [ -89.571480779517387, 43.066814817107065 ], [ -89.571583936439154, 43.063877668512184 ], [ -89.571662717927268, 43.060208243645867 ], [ -89.571688721231382, 43.059334333471206 ], [ -89.571695415057349, 43.058756913724821 ], [ -89.571726340236594, 43.055979418953441 ], [ -89.571758529296588, 43.053172127647592 ], [ -89.571789365406246, 43.05062388773198 ], [ -89.571811020130625, 43.048543677948189 ], [ -89.571833815869653, 43.046338746034202 ], [ -89.571843863401213, 43.045601812407838 ], [ -89.56878015762166, 43.045628882481843 ], [ -89.566902224101042, 43.045645435285643 ], [ -89.566986091142468, 43.043762611998439 ], [ -89.566999952710873, 43.043480016165702 ], [ -89.56701333674394, 43.043197407420564 ], [ -89.567038674695354, 43.042632155691145 ], [ -89.567063974714415, 43.042019700443085 ], [ -89.567161834802548, 43.03968778919775 ], [ -89.567512241849784, 43.031121489087973 ], [ -89.578064271747706, 43.031129471821906 ], [ -89.578064527203296, 43.031064633802046 ], [ -89.577993577797599, 43.030922669589742 ], [ -89.577215437752983, 43.030076742380679 ], [ -89.576680105700518, 43.029534935625954 ], [ -89.575315435009557, 43.028190801364012 ], [ -89.574808163908457, 43.02767311794031 ], [ -89.573152954199088, 43.025458362031571 ], [ -89.572801493925652, 43.025049403372108 ], [ -89.572001564629687, 43.02447192342877 ], [ -89.571215965968449, 43.023772285742567 ], [ -89.570191318475864, 43.0225512339156 ], [ -89.569765038343277, 43.021943783498799 ], [ -89.569376603796812, 43.021450403437484 ], [ -89.569054550235705, 43.021137679288891 ], [ -89.568721588251108, 43.020905977375932 ], [ -89.568401444653929, 43.020750777523169 ], [ -89.567704322718313, 43.020537495724135 ], [ -89.566023559423215, 43.020167616264601 ], [ -89.564785417327073, 43.019904055725995 ], [ -89.563683143577336, 43.019675490157525 ], [ -89.563217120276292, 43.019582364969729 ], [ -89.563111633133673, 43.019542625427817 ], [ -89.563004129901088, 43.019471454556793 ], [ -89.562948904905653, 43.019405736044035 ], [ -89.562927404527159, 43.019302277515393 ], [ -89.563011497090244, 43.013051951774251 ], [ -89.559386985799833, 43.013107002330571 ], [ -89.558596108532043, 43.013188325775829 ], [ -89.557602675251232, 43.013397892417224 ], [ -89.556836464406715, 43.013630998299497 ], [ -89.556159560221289, 43.013893764778913 ], [ -89.555130065143643, 43.014320668136129 ], [ -89.554376450016363, 43.014762128804527 ], [ -89.553040659198629, 43.015518954761724 ], [ -89.551956818109019, 43.015937278370593 ], [ -89.55081333713207, 43.016206494835117 ], [ -89.549588473737685, 43.016362666211521 ], [ -89.548273973455892, 43.016334353488524 ], [ -89.544555295409509, 43.016162519643878 ], [ -89.544556452170255, 43.016137222551819 ], [ -89.542973339202106, 43.016100557004862 ], [ -89.540976103693609, 43.01607857257779 ], [ -89.536248891065554, 43.016107755083063 ], [ -89.5335063287054, 43.01608358708603 ], [ -89.532052342049028, 43.016068046555574 ], [ -89.523516030770168, 43.015973312944901 ], [ -89.52350973426887, 43.015973242913397 ], [ -89.522412999981498, 43.015961025250057 ], [ -89.518460826636982, 43.015914503444222 ], [ -89.518438187813999, 43.017004081770324 ], [ -89.518495860125199, 43.017563697488967 ], [ -89.518564635428376, 43.01795972919237 ], [ -89.518700557162603, 43.018742392111854 ], [ -89.518779794860549, 43.020868258640164 ], [ -89.518834812660117, 43.021564414843766 ], [ -89.518859623754992, 43.021862087617293 ], [ -89.518843823521394, 43.022135978655719 ], [ -89.51880358684528, 43.022350352480117 ], [ -89.518674686339963, 43.022677937847604 ], [ -89.517695149853083, 43.024122200978383 ], [ -89.517579547581292, 43.024370153716553 ], [ -89.517540166431559, 43.024761317031157 ], [ -89.517604858670083, 43.025019040366814 ], [ -89.517663985222427, 43.025128739718276 ], [ -89.517723113212313, 43.025238439036166 ], [ -89.518155663001707, 43.025716547845114 ], [ -89.518355775962718, 43.026775674743838 ], [ -89.51836248799566, 43.031529638730149 ], [ -89.518105874006878, 43.03900314755704 ], [ -89.517812409205007, 43.049662766782816 ], [ -89.517849581021835, 43.051955382298097 ], [ -89.517717587526889, 43.055215904448012 ], [ -89.51771580945298, 43.055326137420217 ], [ -89.517718318679201, 43.055360370859283 ], [ -89.517955606129874, 43.055493692489279 ], [ -89.518248778375991, 43.055662214886375 ], [ -89.518895660216316, 43.056104585286242 ], [ -89.519159502171931, 43.056310704136479 ], [ -89.519465660724734, 43.056535138673809 ], [ -89.520044197488502, 43.057028899030847 ], [ -89.520342228594842, 43.057314264509039 ], [ -89.520818664600839, 43.0578090166143 ], [ -89.521263464236057, 43.058365976986046 ], [ -89.521456239621813, 43.05862167487723 ], [ -89.521774591313232, 43.059110926139631 ], [ -89.52197628481872, 43.059460923016523 ], [ -89.522074034354503, 43.059628090849827 ], [ -89.522290515370543, 43.060107766822277 ], [ -89.52245238507227, 43.060490058300374 ], [ -89.52259441552647, 43.060879583974462 ], [ -89.522728696828537, 43.061312574232943 ], [ -89.522792537791645, 43.061542893756368 ], [ -89.522882771516379, 43.061904330833784 ], [ -89.522964258516026, 43.062254454898302 ], [ -89.523020388225035, 43.06263896003157 ], [ -89.523079579012304, 43.063081872922687 ], [ -89.523109466881152, 43.063482230328766 ], [ -89.523131466871774, 43.063825151768057 ], [ -89.523128371033238, 43.064505579677814 ], [ -89.523094186861812, 43.064859721791841 ], [ -89.523052751189454, 43.065308544162143 ], [ -89.522892562461749, 43.066732432611921 ], [ -89.522759585908261, 43.067787048651873 ], [ -89.522673946291917, 43.068561272797389 ], [ -89.52260536185068, 43.069137324830677 ], [ -89.522505813658839, 43.070000685543341 ], [ -89.522433675587266, 43.070511274094869 ], [ -89.522337580321732, 43.071472825526136 ], [ -89.522227496385568, 43.072413932285194 ], [ -89.522117362135802, 43.073325376819504 ], [ -89.521952427884855, 43.074861822139944 ], [ -89.521945700155499, 43.075015253263501 ], [ -89.521908332603388, 43.075509260529053 ], [ -89.521476877613821, 43.083847936234264 ], [ -89.521102764383528, 43.083841874695359 ], [ -89.521098053645545, 43.083841798655534 ], [ -89.521030200874364, 43.085311881359061 ], [ -89.520955382336737, 43.085309899085729 ], [ -89.520915609956802, 43.086115579836296 ] ] ] } },
{ "type": "Feature", "properties": { "OBJECTID": 14, "District_Name": "Far Southeast", "sequence": 12, "Anticipated_Timing": "2030 - 2031", "ShapeSTArea": 372599326.33430475, "ShapeSTLength": 102524.75775640813 }, "geometry": { "type": "Polygon", "coordinates": [ [ [ -89.285637216272988, 43.103769379293084 ], [ -89.285357173683153, 43.101129237864264 ], [ -89.285024958855999, 43.097996934761376 ], [ -89.285678816668337, 43.094154775705469 ], [ -89.285737816906902, 43.092917738831268 ], [ -89.285645576407944, 43.091563640520327 ], [ -89.285517270278334, 43.090810926468009 ], [ -89.285246691828831, 43.089743681687594 ], [ -89.283607785295118, 43.084511882524744 ], [ -89.281543578988831, 43.077850616362802 ], [ -89.280292199548512, 43.073886208132691 ], [ -89.279182847014866, 43.070379213914237 ], [ -89.278125301436859, 43.066996112814955 ], [ -89.277760790576465, 43.066010959910926 ], [ -89.277330861802355, 43.064346438542771 ], [ -89.277133303421607, 43.063413032669338 ], [ -89.276993089491043, 43.062269718828034 ], [ -89.276983673936357, 43.060755050149496 ], [ -89.277295358534317, 43.055287438538819 ], [ -89.277138172399233, 43.05200019322686 ], [ -89.277533838473673, 43.047027668604386 ], [ -89.277656811484903, 43.044441470085161 ], [ -89.277618989076572, 43.043955587818665 ], [ -89.277503542892376, 43.043341003403413 ], [ -89.277143474335901, 43.042506462481136 ], [ -89.276818358582133, 43.041998780760643 ], [ -89.276795000492385, 43.040903636241183 ], [ -89.276794337420412, 43.04086486320255 ], [ -89.276621476444518, 43.040792917213828 ], [ -89.275616159371339, 43.040218623697143 ], [ -89.27362781199848, 43.038998279457033 ], [ -89.271928446112028, 43.037870185169943 ], [ -89.271322865909752, 43.037466230561556 ], [ -89.270180383703448, 43.037494679554278 ], [ -89.266884420015714, 43.035412000689028 ], [ -89.266876650084058, 43.032843310524562 ], [ -89.264727912365046, 43.032894970709393 ], [ -89.264725061921396, 43.030678256309415 ], [ -89.262098066060261, 43.030744226635626 ], [ -89.262083633711555, 43.026785063263738 ], [ -89.247046121994615, 43.027170301907994 ], [ -89.244776859845814, 43.027265373708296 ], [ -89.239660346884861, 43.02743000769744 ], [ -89.239610782954813, 43.027430584746334 ], [ -89.23972643736704, 43.02479981136819 ], [ -89.237602142132701, 43.02486080010852 ], [ -89.237618576628307, 43.025234338090279 ], [ -89.234528637295995, 43.025332345990591 ], [ -89.234550314969283, 43.023980013227167 ], [ -89.231951996956354, 43.024065877480737 ], [ -89.231209557227388, 43.024889493777174 ], [ -89.229767553220128, 43.026521858182804 ], [ -89.229723888528412, 43.026644490679836 ], [ -89.229315697357677, 43.02779085706505 ], [ -89.224751293050417, 43.027913882704766 ], [ -89.224825020423339, 43.03158099167225 ], [ -89.222817734272923, 43.031639229301675 ], [ -89.222529890593933, 43.033519763777917 ], [ -89.219904853699276, 43.033539986270299 ], [ -89.219910875494335, 43.033900686839942 ], [ -89.218643432502418, 43.034448550809408 ], [ -89.216058695262689, 43.033936846805091 ], [ -89.215314835640484, 43.034588744980979 ], [ -89.214987480515632, 43.035498080208342 ], [ -89.210038843290576, 43.035583950633956 ], [ -89.210013776290779, 43.039220293402657 ], [ -89.205024027834028, 43.039329856355764 ], [ -89.204958787559704, 43.044320209000531 ], [ -89.205644809468737, 43.044808960912221 ], [ -89.207504090527721, 43.046133532024534 ], [ -89.208059857136149, 43.046529449285224 ], [ -89.209878793142295, 43.046491845449154 ], [ -89.209768866972325, 43.050127053698901 ], [ -89.219731437005706, 43.049844302665441 ], [ -89.221548363484956, 43.049145411977044 ], [ -89.222468377503461, 43.048788920922675 ], [ -89.224524322403482, 43.048181837633443 ], [ -89.225431498433267, 43.048044331301199 ], [ -89.226565695735431, 43.047877331656473 ], [ -89.229716087915875, 43.047882069682295 ], [ -89.23068980607583, 43.047872247475233 ], [ -89.231196188532053, 43.047930251076551 ], [ -89.231814293233796, 43.048274630759671 ], [ -89.231841864714553, 43.04828960495167 ], [ -89.231704967601331, 43.048478207286252 ], [ -89.231583638158298, 43.048645359699442 ], [ -89.231731519019021, 43.049531182517072 ], [ -89.232144069280906, 43.049514006948897 ], [ -89.232081091108526, 43.053160008245463 ], [ -89.229600070524597, 43.053266203216118 ], [ -89.229488186555429, 43.071430260764117 ], [ -89.234461062971803, 43.071204353418288 ], [ -89.234450761199795, 43.07379922591317 ], [ -89.239451811697435, 43.072888558635739 ], [ -89.239429588323574, 43.089549822706886 ], [ -89.238308661129295, 43.089635807147403 ], [ -89.237334399545773, 43.08968654365394 ], [ -89.236057913514813, 43.089719168494142 ], [ -89.235231418065069, 43.089720087025029 ], [ -89.235303330712796, 43.092461833294379 ], [ -89.23530904954211, 43.0926107797724 ], [ -89.235376029019051, 43.092965823524324 ], [ -89.235508309442679, 43.093247391320887 ], [ -89.23768252019434, 43.096606360234659 ], [ -89.239392908879481, 43.099247540048403 ], [ -89.239505105716106, 43.099463990811152 ], [ -89.239548061775039, 43.099610546212908 ], [ -89.239573080411034, 43.099759317832067 ], [ -89.239574711695084, 43.10008759427182 ], [ -89.239623511741044, 43.103854622591065 ], [ -89.239646375530199, 43.105807164181236 ], [ -89.239190274400528, 43.106358395029723 ], [ -89.248009694538382, 43.104634976807937 ], [ -89.250398983175486, 43.104180964722502 ], [ -89.253392914024573, 43.103621018889157 ], [ -89.255271665411996, 43.103501473447388 ], [ -89.258255799060436, 43.103311527843431 ], [ -89.265663066407782, 43.103437761423322 ], [ -89.275815671440796, 43.10343931414311 ], [ -89.27939433937668, 43.103435107484344 ], [ -89.280956662093615, 43.103494764450133 ], [ -89.282288753496061, 43.103545613030512 ], [ -89.282311333146154, 43.103546475014127 ], [ -89.282447562777364, 43.103551673842766 ], [ -89.283982730187532, 43.10361025365011 ], [ -89.28422757310372, 43.103619594076946 ], [ -89.285603030578898, 43.103765747115702 ], [ -89.285637216272988, 43.103769379293084 ] ] ] } },
{ "type": "Feature", "properties": { "OBJECTID": 15, "District_Name": "West", "sequence": 2, "Anticipated_Timing": "early 2023 - mid 2024", "ShapeSTArea": 242976241.04198539, "ShapeSTLength": 84506.021064803033 }, "geometry": { "type": "Polygon", "coordinates": [ [ [ -89.451146381932446, 43.07537710958605 ], [ -89.453665377527244, 43.075409795859684 ], [ -89.453665566140558, 43.075524157414463 ], [ -89.453665573396322, 43.075528743433964 ], [ -89.454058906037758, 43.075520261945712 ], [ -89.454101285520863, 43.075519348246765 ], [ -89.454536997512776, 43.075509952300905 ], [ -89.45483698499082, 43.075508386539788 ], [ -89.455136971225713, 43.075506819992725 ], [ -89.455610015361202, 43.075504349008874 ], [ -89.455599693369507, 43.07682875259367 ], [ -89.455334029750247, 43.076865472017516 ], [ -89.455192286517388, 43.076883657195452 ], [ -89.455085626972419, 43.076897341519853 ], [ -89.455050543201111, 43.076901843097843 ], [ -89.45494257794924, 43.07691472747257 ], [ -89.454834612652178, 43.076927611745525 ], [ -89.454699092712787, 43.076942607277218 ], [ -89.45465187920388, 43.076947831355746 ], [ -89.454563571479952, 43.076957603548891 ], [ -89.454387148918087, 43.076975173752544 ], [ -89.454306906024755, 43.076983164879067 ], [ -89.454210726255425, 43.076992743684187 ], [ -89.454122212418227, 43.077000731591909 ], [ -89.454033697330189, 43.077008719431475 ], [ -89.453998161981517, 43.077011651934221 ], [ -89.45390278917607, 43.077019524562964 ], [ -89.453771880975964, 43.077030329544705 ], [ -89.453661899220023, 43.07703869115376 ], [ -89.453661977567151, 43.077264024492457 ], [ -89.453669375228316, 43.077263525603811 ], [ -89.454630512469748, 43.077172580305721 ], [ -89.455281949312635, 43.07711093412339 ], [ -89.455322988673018, 43.077107050922805 ], [ -89.45532641173935, 43.077106630485183 ], [ -89.455748766245279, 43.077041774902533 ], [ -89.456711173982953, 43.0768939838051 ], [ -89.456956377742827, 43.076856328589024 ], [ -89.456961407770692, 43.076855404457724 ], [ -89.457453277892114, 43.07674991875156 ], [ -89.458495240437145, 43.076526451636823 ], [ -89.458560344122802, 43.076512489302104 ], [ -89.458561275929412, 43.076512260380305 ], [ -89.458534323575009, 43.075443748481376 ], [ -89.458634248768888, 43.075444443117135 ], [ -89.458681491089791, 43.075444771016599 ], [ -89.463603125591092, 43.075478874652852 ], [ -89.463626126384412, 43.078165292459289 ], [ -89.463515228928429, 43.078326942230539 ], [ -89.46352357011034, 43.079301723454833 ], [ -89.463539341518739, 43.079543181767484 ], [ -89.463546389390743, 43.080322993133215 ], [ -89.463532307227524, 43.080322621073904 ], [ -89.46166094912536, 43.080273153607735 ], [ -89.460681499144343, 43.080490832633885 ], [ -89.460687052313304, 43.08112768411501 ], [ -89.460980034633394, 43.081114491507563 ], [ -89.461122595555707, 43.081108632991473 ], [ -89.461363764255566, 43.081031398574829 ], [ -89.461453408293409, 43.080966505669501 ], [ -89.461516156674662, 43.080921081224361 ], [ -89.46163205787667, 43.080908565970461 ], [ -89.461818980615178, 43.080922513340035 ], [ -89.461943502161162, 43.080942698177324 ], [ -89.4620592269046, 43.080949775062194 ], [ -89.462210409119777, 43.080976615578848 ], [ -89.462370614499932, 43.080990435462994 ], [ -89.462495305268817, 43.080991024430318 ], [ -89.462709294881705, 43.080965908114308 ], [ -89.463154622409746, 43.080968009883598 ], [ -89.463321094033802, 43.080961398392162 ], [ -89.463448653123649, 43.080956332653344 ], [ -89.463519706814978, 43.080959926347774 ], [ -89.463591103122383, 43.080963536976249 ], [ -89.463650158242331, 43.080972082783703 ], [ -89.46365069859759, 43.080972171698207 ], [ -89.463705300780404, 43.080980082717048 ], [ -89.463869461524112, 43.0810081260747 ], [ -89.464059207610319, 43.081041179714191 ], [ -89.464139462601892, 43.081057635711574 ], [ -89.464355118822638, 43.081053292752003 ], [ -89.464570304774497, 43.081102543405059 ], [ -89.464769167820037, 43.081144486396958 ], [ -89.464769212032991, 43.081144496281674 ], [ -89.464769939084221, 43.08114464992876 ], [ -89.464778231395385, 43.081146398443572 ], [ -89.464821916483999, 43.081165362634131 ], [ -89.465183141366154, 43.081231380586765 ], [ -89.465259881076165, 43.081231741502535 ], [ -89.46529422492307, 43.081237806069488 ], [ -89.46543138300224, 43.081262022911716 ], [ -89.465518288883743, 43.081277990276341 ], [ -89.465532473542837, 43.081280596104513 ], [ -89.46566830636884, 43.081352799374713 ], [ -89.465725728290877, 43.081362112517425 ], [ -89.465801329514917, 43.08140358293771 ], [ -89.465961063126315, 43.081498974171893 ], [ -89.465969358950105, 43.081517630104877 ], [ -89.466030514503288, 43.081539639398763 ], [ -89.466095036370277, 43.081563991233836 ], [ -89.466235017925371, 43.081635359644238 ], [ -89.466242455920806, 43.081639151611654 ], [ -89.466275898407787, 43.081685851309835 ], [ -89.466490903487667, 43.08177373887164 ], [ -89.46653540311577, 43.081764640529613 ], [ -89.46664122655767, 43.081800783589571 ], [ -89.466657290633421, 43.081807437204951 ], [ -89.466898146566436, 43.081892005189268 ], [ -89.466991139885394, 43.081901750257614 ], [ -89.467153577125984, 43.081953707070511 ], [ -89.467186785570391, 43.082026781362927 ], [ -89.467195145862291, 43.08203055760422 ], [ -89.467683017254558, 43.082250959923222 ], [ -89.467974714353034, 43.082035120006068 ], [ -89.468019179871987, 43.081998396089382 ], [ -89.468074647258192, 43.081952584825309 ], [ -89.468103553909103, 43.081934997862135 ], [ -89.46834920392331, 43.081785536303812 ], [ -89.468671518889764, 43.081575730930361 ], [ -89.468947837243093, 43.081473888997841 ], [ -89.469253183677438, 43.081389984296756 ], [ -89.469377246178752, 43.0811834040612 ], [ -89.469475470102381, 43.08107836580885 ], [ -89.469509893520993, 43.081011814285517 ], [ -89.469540120301104, 43.080976298187863 ], [ -89.469595380574518, 43.080911367205651 ], [ -89.469634051267334, 43.080843284612392 ], [ -89.469815076316721, 43.080702946653339 ], [ -89.469897870936506, 43.08066919889157 ], [ -89.469966996760704, 43.080644253465266 ], [ -89.469978507904315, 43.080640098294523 ], [ -89.470004628141481, 43.080652165857181 ], [ -89.469999796298495, 43.080666510093373 ], [ -89.469937316589267, 43.080851987690089 ], [ -89.469900267414005, 43.080977483589471 ], [ -89.469895225163199, 43.081070545389942 ], [ -89.469938927248805, 43.081130025692531 ], [ -89.4698746392841, 43.081248866777337 ], [ -89.469916445441655, 43.081550511182627 ], [ -89.46988564472278, 43.081686892984941 ], [ -89.469804184373572, 43.081810628718237 ], [ -89.469752303232369, 43.081845846939466 ], [ -89.469736087908558, 43.081856853811132 ], [ -89.469551624204684, 43.081905641021919 ], [ -89.46932510674101, 43.0819247545029 ], [ -89.46916536997584, 43.08193487335712 ], [ -89.469165330683126, 43.081934876073554 ], [ -89.469165259464674, 43.081934880603271 ], [ -89.469164807596329, 43.081934909591808 ], [ -89.468914484584516, 43.081950765552399 ], [ -89.468757388736734, 43.081994570855009 ], [ -89.468744837903031, 43.081998070150483 ], [ -89.468619495632041, 43.082067733967286 ], [ -89.468560751010472, 43.082100382838675 ], [ -89.468269082807439, 43.082313121586516 ], [ -89.468260339453522, 43.082345660166517 ], [ -89.468192144975461, 43.082402744097735 ], [ -89.468193814000387, 43.082453951091935 ], [ -89.468278011939958, 43.082502438106864 ], [ -89.468449758039498, 43.082555172418104 ], [ -89.468503763380127, 43.082571754763698 ], [ -89.468691800604901, 43.08259900835629 ], [ -89.468786914788822, 43.082629867480428 ], [ -89.468786923408516, 43.0826298989805 ], [ -89.46879272970736, 43.082630457381406 ], [ -89.468831147319705, 43.082634155562609 ], [ -89.468987565001513, 43.082649211665832 ], [ -89.469135763908042, 43.082690029122759 ], [ -89.469170961309359, 43.082705928482468 ], [ -89.469201044611282, 43.082725586052987 ], [ -89.469240470706822, 43.082742432362451 ], [ -89.469346593367689, 43.08279139833639 ], [ -89.469493699723046, 43.082879845537306 ], [ -89.469530335095143, 43.082901872981687 ], [ -89.469533574784037, 43.082903821261972 ], [ -89.46954349175995, 43.082913121509335 ], [ -89.469545190472473, 43.082920040785496 ], [ -89.46954074421113, 43.082926769080238 ], [ -89.469539738194882, 43.082934361850192 ], [ -89.469542578477316, 43.082943881947081 ], [ -89.469553243707395, 43.08295370754329 ], [ -89.46955421327479, 43.082954601843021 ], [ -89.469610988303387, 43.082991817341075 ], [ -89.469611062019197, 43.08299186501587 ], [ -89.469611206994799, 43.082991960366613 ], [ -89.469647910352833, 43.083016018373179 ], [ -89.46967088897371, 43.083031079245401 ], [ -89.469741608846732, 43.083077435725578 ], [ -89.469834968075574, 43.083141343721842 ], [ -89.469844811928468, 43.083148082285064 ], [ -89.469895418359627, 43.0831827241174 ], [ -89.469928326270491, 43.083205251641772 ], [ -89.469953195898782, 43.083224756368466 ], [ -89.469966252460992, 43.08323499767544 ], [ -89.46999625572839, 43.083263202429741 ], [ -89.470006892403674, 43.083266141320834 ], [ -89.470076796320924, 43.083314248629677 ], [ -89.470097045686316, 43.083328184529954 ], [ -89.470187199151539, 43.083390228567474 ], [ -89.470265309788346, 43.083453745653543 ], [ -89.470360264352067, 43.08351958236485 ], [ -89.470533028340455, 43.083649123245976 ], [ -89.470713437302095, 43.083773921592922 ], [ -89.470893845767236, 43.083898718753169 ], [ -89.471015924177607, 43.084005797712898 ], [ -89.471213643940672, 43.084170692787133 ], [ -89.471227418843625, 43.084215808056747 ], [ -89.471240996773062, 43.08426028073648 ], [ -89.471295060044966, 43.084302012359586 ], [ -89.471529106189635, 43.084497578445763 ], [ -89.471689887420794, 43.084646884438449 ], [ -89.471812760749216, 43.084767636525626 ], [ -89.471916339286338, 43.08486942452857 ], [ -89.472011909333361, 43.084967080856046 ], [ -89.472033179116764, 43.084988813540711 ], [ -89.472080549386817, 43.085048456108126 ], [ -89.472110560197805, 43.085086700922311 ], [ -89.472159792366881, 43.085149440791795 ], [ -89.472221732908125, 43.085228060069888 ], [ -89.472258158006994, 43.085275499273216 ], [ -89.472276668027703, 43.085290494062448 ], [ -89.47229839516595, 43.0853080977339 ], [ -89.472361771495684, 43.085407658952974 ], [ -89.472398545371846, 43.085624931685679 ], [ -89.472417723373312, 43.085823220888464 ], [ -89.472423912841521, 43.08586250757407 ], [ -89.472435934897163, 43.085982247209138 ], [ -89.472466955235319, 43.086170060323752 ], [ -89.47247958223528, 43.086219907760416 ], [ -89.47249227545052, 43.086262097109177 ], [ -89.472499728907763, 43.086306175368755 ], [ -89.472511472997283, 43.086404083165881 ], [ -89.472511477938923, 43.086404119167746 ], [ -89.472511662175179, 43.086405655558728 ], [ -89.472511909477092, 43.086407723881472 ], [ -89.472497727490975, 43.086537878371033 ], [ -89.472440075336692, 43.086560590714605 ], [ -89.472372030288156, 43.086577509134074 ], [ -89.472272694446346, 43.086588539238271 ], [ -89.472235639394185, 43.086597988488791 ], [ -89.472191558845054, 43.086609227494094 ], [ -89.472170269661135, 43.086655087013142 ], [ -89.472180369985452, 43.08669534950883 ], [ -89.472233680347273, 43.086721448952041 ], [ -89.472291112296759, 43.08672362999318 ], [ -89.472334542012931, 43.086734964859055 ], [ -89.472403158467202, 43.086752873806574 ], [ -89.472436990299087, 43.086766434288933 ], [ -89.47246244310972, 43.0868431504 ], [ -89.472566025144019, 43.086945125898481 ], [ -89.472839814170143, 43.087296832882053 ], [ -89.47286825618292, 43.087329520055498 ], [ -89.472899330870618, 43.087360303243678 ], [ -89.47295702307936, 43.087403299795184 ], [ -89.473014604440053, 43.087457704240727 ], [ -89.473026835672883, 43.087470622456635 ], [ -89.473095891651184, 43.087543552137177 ], [ -89.473126817755613, 43.087571116569073 ], [ -89.473160153925136, 43.087600829360156 ], [ -89.473171135364495, 43.087609698564187 ], [ -89.473171244737131, 43.087609787625468 ], [ -89.473404538411842, 43.087798223107846 ], [ -89.473485991311534, 43.0878650767281 ], [ -89.473574100360281, 43.087911055774406 ], [ -89.473621819427365, 43.087913347616585 ], [ -89.473651056984608, 43.087915524429597 ], [ -89.473689846723801, 43.087928154308116 ], [ -89.473733141568772, 43.087928162737825 ], [ -89.474100693308074, 43.087954374203193 ], [ -89.474163363153053, 43.087956707648644 ], [ -89.474198162399134, 43.087959933115556 ], [ -89.474221842400681, 43.087960042974991 ], [ -89.474266384941657, 43.087964334214412 ], [ -89.474422091115045, 43.088001825411943 ], [ -89.474422813683802, 43.088002361542308 ], [ -89.474535258126224, 43.088085855736566 ], [ -89.474599273304321, 43.088133389572683 ], [ -89.474718319702376, 43.088221784311671 ], [ -89.474735970113812, 43.088237976223674 ], [ -89.474741819171953, 43.08824334083922 ], [ -89.474759759788597, 43.088262833282592 ], [ -89.474776281796551, 43.088283556811625 ], [ -89.474823322246493, 43.088323390752656 ], [ -89.474852435964053, 43.088339869911188 ], [ -89.474873200221694, 43.08835528718383 ], [ -89.474981926478051, 43.088389207815055 ], [ -89.475040443057026, 43.08842975645684 ], [ -89.475094773493865, 43.088463573350985 ], [ -89.475094932003827, 43.088463673188912 ], [ -89.475109051586799, 43.08847246154756 ], [ -89.475169311389408, 43.088503483555243 ], [ -89.475277522710016, 43.0885450297936 ], [ -89.475330679878013, 43.088563851446686 ], [ -89.475330713047512, 43.088563864032686 ], [ -89.475600017730287, 43.08865921962569 ], [ -89.475766991906823, 43.088747581008128 ], [ -89.475900050629065, 43.088790126744655 ], [ -89.475945651318028, 43.088807109149123 ], [ -89.475984745042325, 43.088841768061528 ], [ -89.476062211896405, 43.088893044573673 ], [ -89.476217240609969, 43.088995658601554 ], [ -89.476411966229065, 43.08910837436126 ], [ -89.476572757911327, 43.089177137805123 ], [ -89.476751290985419, 43.089244250790223 ], [ -89.476826239504589, 43.089254712034901 ], [ -89.476893608928009, 43.089252228007794 ], [ -89.476929131801256, 43.089258913184217 ], [ -89.476959409462168, 43.089273917784155 ], [ -89.477039215367171, 43.089313466007169 ], [ -89.477192247239586, 43.089398035354577 ], [ -89.477259169803119, 43.089447728338236 ], [ -89.477412892713417, 43.089546204505332 ], [ -89.477424728726874, 43.089553786643464 ], [ -89.477523894469471, 43.089636088951131 ], [ -89.477555471287047, 43.089643688540619 ], [ -89.477564456207361, 43.089655985867054 ], [ -89.477576003717346, 43.089686833018952 ], [ -89.477750900760171, 43.089804611037849 ], [ -89.477883728062267, 43.089856089869095 ], [ -89.478058353482282, 43.089929178474058 ], [ -89.478233189483575, 43.089978169227308 ], [ -89.478302213805975, 43.090018646243053 ], [ -89.478360132363122, 43.090074012719562 ], [ -89.478404085816152, 43.09010902305512 ], [ -89.478434563090161, 43.090133298196498 ], [ -89.478494678802008, 43.090175032408602 ], [ -89.478512610275786, 43.09018530453671 ], [ -89.478554781910304, 43.090219006944317 ], [ -89.478564465427709, 43.090226745740289 ], [ -89.478599740456687, 43.090251631444012 ], [ -89.478647242674171, 43.090297820981121 ], [ -89.478691844332076, 43.090356281193579 ], [ -89.478755755535246, 43.09039686396703 ], [ -89.478828644451852, 43.090472107820467 ], [ -89.478878887320136, 43.090522664990417 ], [ -89.478927265409624, 43.090561970010427 ], [ -89.478942208280174, 43.090574109458359 ], [ -89.478974935500801, 43.090597905386119 ], [ -89.479023110505779, 43.090623305720079 ], [ -89.479076818754919, 43.090630591472326 ], [ -89.47912769306501, 43.090627896498439 ], [ -89.479195108650202, 43.090615386680895 ], [ -89.479262602884987, 43.090592367215997 ], [ -89.479334795555758, 43.090555735854096 ], [ -89.479461762864446, 43.090529565038601 ], [ -89.479558192945049, 43.09053811633963 ], [ -89.479578180132791, 43.090551836454196 ], [ -89.479606639295483, 43.090577707270292 ], [ -89.47971320802705, 43.090674581978021 ], [ -89.479737590585145, 43.090699889545419 ], [ -89.479739614065096, 43.090701989362316 ], [ -89.479796830003167, 43.090755153814321 ], [ -89.479854370842872, 43.090810240687468 ], [ -89.479906920605316, 43.090877097053848 ], [ -89.479975309907999, 43.090957095867005 ], [ -89.480204488644645, 43.091225174717067 ], [ -89.48024600906156, 43.09127374197697 ], [ -89.480263293470969, 43.091299159238993 ], [ -89.480308130433585, 43.091365094923127 ], [ -89.480334830287688, 43.091398710007233 ], [ -89.480430636651093, 43.091509680560982 ], [ -89.480512656426754, 43.09155754124658 ], [ -89.480594386108422, 43.09163993705446 ], [ -89.480676149976702, 43.091718014106064 ], [ -89.480734328784536, 43.091800302120951 ], [ -89.480792540481886, 43.091878274109504 ], [ -89.480851123829936, 43.091913077087582 ], [ -89.480915298901067, 43.091982441903596 ], [ -89.480955396938683, 43.092033571313351 ], [ -89.48099684644265, 43.092086421905883 ], [ -89.481223857314873, 43.092393961952681 ], [ -89.481281924659385, 43.092489199472823 ], [ -89.481339921882096, 43.092593071655159 ], [ -89.48139382978934, 43.092667924003834 ], [ -89.481581384555597, 43.092956463690626 ], [ -89.481641901305395, 43.093086583112147 ], [ -89.481694157161314, 43.093173162669018 ], [ -89.48175207810911, 43.093285666625498 ], [ -89.481804151320972, 43.093393827012946 ], [ -89.481978329232419, 43.093683859038649 ], [ -89.482013142474173, 43.093744454468364 ], [ -89.482089244575448, 43.093796606071876 ], [ -89.482165677389716, 43.093809904653718 ], [ -89.482210796971344, 43.093802767533987 ], [ -89.482260464003289, 43.093792536169772 ], [ -89.482363412801604, 43.093768502582975 ], [ -89.482450427524967, 43.093742637483523 ], [ -89.482513225354325, 43.093722599716827 ], [ -89.482576980832533, 43.093699748599541 ], [ -89.482634766000572, 43.093681905150909 ], [ -89.482684273386823, 43.093661872502338 ], [ -89.482713048053043, 43.09364610285909 ], [ -89.482747769409698, 43.093613884345082 ], [ -89.48279512176336, 43.093564480737143 ], [ -89.48282436646501, 43.093519755512403 ], [ -89.482880961778335, 43.093477525269449 ], [ -89.482997258484673, 43.093429318163018 ], [ -89.483135514127696, 43.093403704358892 ], [ -89.483241353887607, 43.093382942104597 ], [ -89.48336925825312, 43.093372276088751 ], [ -89.483457887416407, 43.093371429428871 ], [ -89.483539537000425, 43.093389295009899 ], [ -89.483594526788096, 43.093413845465804 ], [ -89.483665913354329, 43.09345350156935 ], [ -89.483715044964583, 43.093494217299941 ], [ -89.483760948891288, 43.093560652390572 ], [ -89.483791883417283, 43.093655063408349 ], [ -89.483788137882556, 43.09375489006807 ], [ -89.483767487537378, 43.093827887545793 ], [ -89.483738085706619, 43.093894252387294 ], [ -89.483707145387783, 43.093916913712683 ], [ -89.483689277517044, 43.093924307723974 ], [ -89.483687163426481, 43.093925182855735 ], [ -89.483657909159177, 43.093956211488006 ], [ -89.483383311070853, 43.094071008692282 ], [ -89.483286404306156, 43.094078327824356 ], [ -89.483193181208307, 43.094083472072398 ], [ -89.483157771624036, 43.09407686709222 ], [ -89.483110238469521, 43.094074024664764 ], [ -89.483042573771371, 43.094055012724873 ], [ -89.482977631603177, 43.094035552850883 ], [ -89.482940295907454, 43.094019900124863 ], [ -89.482940041562543, 43.094019792247799 ], [ -89.482909143112522, 43.094006838196236 ], [ -89.482853759434292, 43.093981670154022 ], [ -89.482798117727512, 43.093965075669622 ], [ -89.482751210246391, 43.093958911394708 ], [ -89.482724525000179, 43.093961338666936 ], [ -89.482627112105121, 43.093963447732506 ], [ -89.482563692091844, 43.093960444240444 ], [ -89.48243671286852, 43.093976575172348 ], [ -89.482436647781668, 43.093976583307516 ], [ -89.482434535705778, 43.093977027267314 ], [ -89.48233238246695, 43.093991014488367 ], [ -89.482318977123256, 43.093991530982237 ], [ -89.482242991412136, 43.094001183906734 ], [ -89.482234879582208, 43.094004171989134 ], [ -89.482215596911217, 43.094021937458642 ], [ -89.48221480409768, 43.094051512444274 ], [ -89.482221281217463, 43.09409512067203 ], [ -89.482301329917419, 43.094231244846426 ], [ -89.482318875333888, 43.094348575307222 ], [ -89.482322492722432, 43.094372763581745 ], [ -89.482352928007685, 43.094483487737925 ], [ -89.482378400465535, 43.094538009582081 ], [ -89.482386959455241, 43.094553876538058 ], [ -89.482972497717128, 43.094563895074039 ], [ -89.483109945971464, 43.094566246925723 ], [ -89.48321287157458, 43.094569862746354 ], [ -89.483368623369259, 43.094575334180973 ], [ -89.484773917343276, 43.094609230636578 ], [ -89.485196386334025, 43.094619384384004 ], [ -89.485587704652403, 43.094628786032914 ], [ -89.485330532191483, 43.092108767839768 ], [ -89.485326954150764, 43.092074877451509 ], [ -89.485323975429694, 43.092040958829486 ], [ -89.48532159234091, 43.092007010175593 ], [ -89.485320144290895, 43.091979439113949 ], [ -89.48532003854578, 43.091978122326104 ], [ -89.48532002779497, 43.091977220431914 ], [ -89.485319808581735, 43.091973044989331 ], [ -89.48531862415399, 43.091939065971054 ], [ -89.485318037832201, 43.09190507672178 ], [ -89.485318050852825, 43.091871086241881 ], [ -89.485318416952992, 43.091847253194643 ], [ -89.48531823301569, 43.091845138961318 ], [ -89.485319339118902, 43.091811167680831 ], [ -89.485321040890128, 43.091777207773085 ], [ -89.485323344476541, 43.091743266435437 ], [ -89.485326243745718, 43.091709352672346 ], [ -89.485329741152867, 43.0916754664823 ], [ -89.485330573705838, 43.091668151811277 ], [ -89.484690536414547, 43.09171162753055 ], [ -89.484613700343218, 43.091172976699184 ], [ -89.484154928118386, 43.091204650098916 ], [ -89.484111795567216, 43.090842261646237 ], [ -89.484058540375784, 43.090569386377936 ], [ -89.4837721347631, 43.088309863236418 ], [ -89.485863498121375, 43.089555626951196 ], [ -89.48604764509362, 43.089665313263382 ], [ -89.488755205501548, 43.091566826421506 ], [ -89.488755250977363, 43.091566857898606 ], [ -89.488769561272335, 43.091576908198384 ], [ -89.489516111561798, 43.091058138396008 ], [ -89.489283250134989, 43.090885750154698 ], [ -89.490053125083406, 43.090283856860374 ], [ -89.490115794596733, 43.090317666178649 ], [ -89.490123767980052, 43.09032132665768 ], [ -89.490144110005645, 43.090330667531596 ], [ -89.490186000712569, 43.090349903013838 ], [ -89.490188247931655, 43.090350777477212 ], [ -89.490247061992008, 43.090370822879791 ], [ -89.49024782000582, 43.090371054655272 ], [ -89.490281140927578, 43.090379250065105 ], [ -89.490286403678766, 43.090380544880716 ], [ -89.490316643616751, 43.090387983327552 ], [ -89.490318569764497, 43.09038837732578 ], [ -89.490388145524989, 43.09039910381734 ], [ -89.490390734744949, 43.09039938940753 ], [ -89.490458267582738, 43.090404074700317 ], [ -89.49045876007456, 43.090404084307899 ], [ -89.490548281215041, 43.090401961582828 ], [ -89.490550060637915, 43.090401834506764 ], [ -89.490626075305997, 43.090392464973938 ], [ -89.490627875419477, 43.090392169565561 ], [ -89.490687385407043, 43.090379681104601 ], [ -89.490687791800227, 43.090379574649766 ], [ -89.49073124058333, 43.090367381102126 ], [ -89.491126729003398, 43.090227515698054 ], [ -89.490757663153616, 43.089694592551801 ], [ -89.490421696613865, 43.08941443264299 ], [ -89.490421545461231, 43.089414347223496 ], [ -89.487226169533372, 43.087614048482337 ], [ -89.487226175428304, 43.087613816253054 ], [ -89.487281258215148, 43.085447622187388 ], [ -89.487927927997703, 43.085031143331065 ], [ -89.488464334387032, 43.085374332528914 ], [ -89.489562582593194, 43.086076953193619 ], [ -89.491211248367577, 43.086085925675661 ], [ -89.492238869789546, 43.08608338722901 ], [ -89.492360298713038, 43.082463112141916 ], [ -89.502259654731859, 43.082520377868669 ], [ -89.502260677642596, 43.082520383454103 ], [ -89.502141909369115, 43.086214433507209 ], [ -89.506950475878384, 43.086094201657396 ], [ -89.507113184100774, 43.086085756075761 ], [ -89.507240637595316, 43.086079140254576 ], [ -89.507710560582737, 43.086070271720708 ], [ -89.51194995929626, 43.085990174770217 ], [ -89.512101145826776, 43.085991501726269 ], [ -89.512926521056229, 43.085607792840747 ], [ -89.513074143418805, 43.085496416962165 ], [ -89.513098904924121, 43.085477734608276 ], [ -89.513493766180119, 43.085117974015645 ], [ -89.514108506262389, 43.084557864001589 ], [ -89.51411222086611, 43.084554479338834 ], [ -89.514870361006345, 43.084527459255483 ], [ -89.514870448225167, 43.084527478987084 ], [ -89.515445937373741, 43.084658242036795 ], [ -89.515450360898527, 43.084655945875994 ], [ -89.517156033708858, 43.083770382419772 ], [ -89.518070598331335, 43.083781525913103 ], [ -89.518084119131018, 43.08378185392904 ], [ -89.518963616086168, 43.083803150293257 ], [ -89.519794006434765, 43.083823251330337 ], [ -89.519794167307083, 43.08382325389352 ], [ -89.520072823666993, 43.08382522937783 ], [ -89.520998237511904, 43.083839991918474 ], [ -89.521097648049434, 43.083841577580891 ], [ -89.521098053645545, 43.083841798655534 ], [ -89.521102764383528, 43.083841874695359 ], [ -89.521476877613821, 43.083847936234264 ], [ -89.521908332603388, 43.075509260529053 ], [ -89.521945700155499, 43.075015253263501 ], [ -89.521952427884855, 43.074861822139944 ], [ -89.522117362135802, 43.073325376819504 ], [ -89.522227496385568, 43.072413932285194 ], [ -89.522337580321732, 43.071472825526136 ], [ -89.522433675587266, 43.070511274094869 ], [ -89.522505813658839, 43.070000685543341 ], [ -89.52260536185068, 43.069137324830677 ], [ -89.522673946291917, 43.068561272797389 ], [ -89.522759585908261, 43.067787048651873 ], [ -89.522892562461749, 43.066732432611921 ], [ -89.523052751189454, 43.065308544162143 ], [ -89.523094186861812, 43.064859721791841 ], [ -89.523128371033238, 43.064505579677814 ], [ -89.523131466871774, 43.063825151768057 ], [ -89.523109466881152, 43.063482230328766 ], [ -89.523079579012304, 43.063081872922687 ], [ -89.523020388225035, 43.06263896003157 ], [ -89.522964258516026, 43.062254454898302 ], [ -89.522882771516379, 43.061904330833784 ], [ -89.522792537791645, 43.061542893756368 ], [ -89.522728696828537, 43.061312574232943 ], [ -89.52259441552647, 43.060879583974462 ], [ -89.52245238507227, 43.060490058300374 ], [ -89.522290515370543, 43.060107766822277 ], [ -89.522074034354503, 43.059628090849827 ], [ -89.52197628481872, 43.059460923016523 ], [ -89.521774591313232, 43.059110926139631 ], [ -89.521456239621813, 43.05862167487723 ], [ -89.521263464236057, 43.058365976986046 ], [ -89.520818664600839, 43.0578090166143 ], [ -89.520342228594842, 43.057314264509039 ], [ -89.520044197488502, 43.057028899030847 ], [ -89.519465660724734, 43.056535138673809 ], [ -89.519159502171931, 43.056310704136479 ], [ -89.518895660216316, 43.056104585286242 ], [ -89.518248778375991, 43.055662214886375 ], [ -89.517955606129874, 43.055493692489279 ], [ -89.517718318679201, 43.055360370859283 ], [ -89.517065927098869, 43.054999903481864 ], [ -89.516436169472016, 43.05470440409583 ], [ -89.515607622173633, 43.054362005211622 ], [ -89.515174753956089, 43.054195474422471 ], [ -89.514338900398911, 43.053916262425219 ], [ -89.513279987785438, 43.053640944900522 ], [ -89.512180974285855, 43.053419095618075 ], [ -89.511677767664111, 43.053341031510065 ], [ -89.511099809671137, 43.05326324740907 ], [ -89.510461991832088, 43.053202389865397 ], [ -89.509508055436569, 43.053138340071953 ], [ -89.50855728261044, 43.053148516203862 ], [ -89.506221869930059, 43.053173477440211 ], [ -89.50364967426755, 43.05320091444829 ], [ -89.500532007936783, 43.053234092322292 ], [ -89.49801215108684, 43.053260846484839 ], [ -89.495763671776601, 43.053277035111414 ], [ -89.493833048327105, 43.053277861957319 ], [ -89.49275940854443, 43.053224472153474 ], [ -89.491874290240503, 43.053150434340289 ], [ -89.491166977173819, 43.05306330043981 ], [ -89.490391586514761, 43.052957147503129 ], [ -89.489415584238813, 43.052799507823082 ], [ -89.487664777029053, 43.052409880217461 ], [ -89.486244186622926, 43.051982399952074 ], [ -89.485374662868452, 43.051707140178685 ], [ -89.484707312618923, 43.051449553247451 ], [ -89.4839400934883, 43.051128234798597 ], [ -89.483103742538773, 43.050754848942873 ], [ -89.481947827464765, 43.050231092226866 ], [ -89.48123622053906, 43.049899037783391 ], [ -89.480503695607169, 43.049561876051918 ], [ -89.479896869211998, 43.049277515876319 ], [ -89.479071106056608, 43.048913908973184 ], [ -89.478530514657848, 43.048671805505791 ], [ -89.476310360319886, 43.047674747450287 ], [ -89.475188774253638, 43.047183150518727 ], [ -89.473928982530495, 43.046646581759646 ], [ -89.473480416798353, 43.04646086383255 ], [ -89.47278574897561, 43.046165711960022 ], [ -89.472442762059444, 43.04602119514346 ], [ -89.47223608924719, 43.045928107505027 ], [ -89.47205134356679, 43.045844834611756 ], [ -89.471531146854232, 43.045613241939044 ], [ -89.471166686903558, 43.045439426651889 ], [ -89.470370867655546, 43.045039100581299 ], [ -89.470278459397193, 43.0449912942411 ], [ -89.47018225346153, 43.044940904310366 ], [ -89.470089476829429, 43.044892454394663 ], [ -89.469996108929706, 43.044844143266829 ], [ -89.469896241176585, 43.044791849096683 ], [ -89.469808901057277, 43.044745891783805 ], [ -89.469644739015095, 43.044659448849679 ], [ -89.469529506352032, 43.044598218161113 ], [ -89.469418882431768, 43.044538996294172 ], [ -89.46929514067682, 43.044472916400615 ], [ -89.469187354356549, 43.044415078406075 ], [ -89.46883492981712, 43.044236309129772 ], [ -89.467786180541324, 43.043706888886824 ], [ -89.4672820674718, 43.043463888557291 ], [ -89.467168824870328, 43.043410880778012 ], [ -89.467050559959247, 43.043355050317416 ], [ -89.467009641504049, 43.043336303606317 ], [ -89.466003120696556, 43.042866580639938 ], [ -89.465933737184343, 43.042834072789091 ], [ -89.465799108193522, 43.042772179657433 ], [ -89.45908009044571, 43.039702939728052 ], [ -89.458612688083193, 43.039483794285808 ], [ -89.457146785426971, 43.038838143837651 ], [ -89.455832013713064, 43.038280019756691 ], [ -89.454464296855448, 43.037631325667142 ], [ -89.452790593268048, 43.0367875304607 ], [ -89.452757501259001, 43.036813546129899 ], [ -89.452455076924068, 43.037028463418508 ], [ -89.45212141534428, 43.037303890479748 ], [ -89.451909047312881, 43.037483805483106 ], [ -89.451739762014199, 43.037634479585691 ], [ -89.451668536305718, 43.037701448316163 ], [ -89.451604439845752, 43.037764525853518 ], [ -89.451543708670485, 43.037827661330944 ], [ -89.451489000046593, 43.037888369064049 ], [ -89.451439649101161, 43.03794738745674 ], [ -89.451395138848227, 43.038005335753112 ], [ -89.451354987206599, 43.038062849532345 ], [ -89.451318869883636, 43.038120402337327 ], [ -89.451286462314314, 43.038178511499474 ], [ -89.451257483355363, 43.038237681449075 ], [ -89.451232030887269, 43.038297539519725 ], [ -89.451209450234188, 43.03835943253506 ], [ -89.451189546955618, 43.038423892795734 ], [ -89.451172139695444, 43.038491507193633 ], [ -89.451157082143936, 43.038562817346936 ], [ -89.451144192034405, 43.038638656241588 ], [ -89.451133325438036, 43.038719865941218 ], [ -89.451124337333383, 43.038807526326615 ], [ -89.451117567082619, 43.038895667427852 ], [ -89.451112185138982, 43.038991901298928 ], [ -89.451105160143769, 43.039217050829507 ], [ -89.451102436724327, 43.039485477910091 ], [ -89.451102123111681, 43.039990057863115 ], [ -89.451128136363593, 43.042551804485036 ], [ -89.451148003369539, 43.044507835271894 ], [ -89.45114834680065, 43.045507380708436 ], [ -89.451147231452993, 43.045763699059449 ], [ -89.451139026753125, 43.046684361083202 ], [ -89.45113429987741, 43.047565763930784 ], [ -89.451129799495561, 43.048404471834672 ], [ -89.451125353247846, 43.049233271234051 ], [ -89.451123353411035, 43.049605776281773 ], [ -89.451123789412406, 43.050089836268633 ], [ -89.451124727538854, 43.05112813648423 ], [ -89.451125447308925, 43.051926227978228 ], [ -89.451126163176355, 43.052718584790142 ], [ -89.451126909857919, 43.0535477558143 ], [ -89.451128181790352, 43.054954104915339 ], [ -89.451126204639195, 43.056127753856501 ], [ -89.451123291857613, 43.057852292365268 ], [ -89.451124047714316, 43.059108575066382 ], [ -89.451124545941198, 43.059931361701913 ], [ -89.451125079665587, 43.0608218405836 ], [ -89.451131005370854, 43.061143933431985 ], [ -89.451132283920572, 43.06137524378908 ], [ -89.451147111473588, 43.064053941653448 ], [ -89.451150677568052, 43.064698546712087 ], [ -89.451155799840478, 43.067216103524224 ], [ -89.451167590652346, 43.067647188075895 ], [ -89.451182349873235, 43.06819237166556 ], [ -89.451171520421752, 43.069397587680641 ], [ -89.451170982732592, 43.069559436293105 ], [ -89.451165006670905, 43.071350406359485 ], [ -89.451161108050897, 43.072518458306469 ], [ -89.451145074874816, 43.075284350765486 ], [ -89.451146382784884, 43.075376311195036 ], [ -89.451146381932446, 43.07537710958605 ] ] ] } },
{ "type": "Feature", "properties": { "OBJECTID": 16, "District_Name": "Near West", "sequence": 8, "Anticipated_Timing": "mid 2027 - late 2028", "ShapeSTArea": 181807783.18248782, "ShapeSTLength": 83812.680392712631 }, "geometry": { "type": "Polygon", "coordinates": [ [ [ -89.400566005252699, 43.07714314722984 ], [ -89.400566357208788, 43.077182762588571 ], [ -89.40162801497523, 43.077340738327372 ], [ -89.403145007149334, 43.077364372379314 ], [ -89.404789857101562, 43.077589051753122 ], [ -89.406043417445431, 43.077619795176226 ], [ -89.408092688524803, 43.077877675683084 ], [ -89.409437829622334, 43.078196950564603 ], [ -89.41067706803652, 43.078730300801695 ], [ -89.411851574299902, 43.078643599327386 ], [ -89.412985750935476, 43.078686157874479 ], [ -89.414090044659005, 43.078532729297649 ], [ -89.414785460184916, 43.078526261657153 ], [ -89.415913220466592, 43.078441633394739 ], [ -89.416494328899191, 43.078567689007308 ], [ -89.417842743874843, 43.079051825078395 ], [ -89.418815301122351, 43.079458280180297 ], [ -89.418945147690096, 43.079488609296796 ], [ -89.419083099437614, 43.079406763318005 ], [ -89.419088916493607, 43.079350040869656 ], [ -89.419168159089409, 43.079338835845341 ], [ -89.419280569975058, 43.079353597756942 ], [ -89.419378664729095, 43.079394083209266 ], [ -89.419483969492845, 43.079416546014066 ], [ -89.419795261442289, 43.079414264979455 ], [ -89.419884822435691, 43.079427619851813 ], [ -89.419979869355188, 43.079419074387822 ], [ -89.420040111214348, 43.079371658195733 ], [ -89.42010769699553, 43.079292034668661 ], [ -89.420106475949353, 43.079235276033096 ], [ -89.420008230607593, 43.079210267549271 ], [ -89.419912942376115, 43.079244606346698 ], [ -89.419886782653506, 43.079221258077837 ], [ -89.419864779535089, 43.079130858611421 ], [ -89.4198643354122, 43.078992843303332 ], [ -89.419909360736369, 43.078880857162389 ], [ -89.419924300356328, 43.078789356717913 ], [ -89.419965639838523, 43.078695408516637 ], [ -89.420092600864507, 43.078553151659634 ], [ -89.420212082452323, 43.078441005633763 ], [ -89.420559169360573, 43.07832221036152 ], [ -89.420689544913586, 43.078300267698452 ], [ -89.420781904077629, 43.078313296072047 ], [ -89.420864230738857, 43.078301156504658 ], [ -89.421108611448759, 43.078176813671128 ], [ -89.421181339697355, 43.078078316206678 ], [ -89.421220097085012, 43.077978952503905 ], [ -89.421214866026276, 43.077920615052982 ], [ -89.421370217757129, 43.077921972768415 ], [ -89.421377326664341, 43.077960931932132 ], [ -89.421401612900368, 43.078058702077428 ], [ -89.421474234407711, 43.078206075355915 ], [ -89.421497969276828, 43.078224612206441 ], [ -89.421577878850101, 43.078245188112696 ], [ -89.421680328687287, 43.078284291768689 ], [ -89.42179080389775, 43.078359387735865 ], [ -89.421838543042924, 43.078368399725498 ], [ -89.421923423522898, 43.078368831127342 ], [ -89.422267634780866, 43.078380231298183 ], [ -89.422854312958265, 43.078491855690572 ], [ -89.423351455176288, 43.078811154877329 ], [ -89.423516207216181, 43.078971447755158 ], [ -89.423652257000299, 43.079045141066139 ], [ -89.424205954356296, 43.079553495844223 ], [ -89.424898291765615, 43.080243709360019 ], [ -89.424903466499373, 43.0803337049908 ], [ -89.424976141152058, 43.080378488716775 ], [ -89.425076720668201, 43.080369977592937 ], [ -89.425926100288208, 43.081075603105077 ], [ -89.426311494207198, 43.081362136361562 ], [ -89.426412614053262, 43.081531431866992 ], [ -89.426659384080565, 43.082163722117343 ], [ -89.426777434512971, 43.082707609925215 ], [ -89.426845510563155, 43.083189370111789 ], [ -89.426834924645007, 43.0837208522914 ], [ -89.426738211668749, 43.083978795380091 ], [ -89.426721480885746, 43.084039677966118 ], [ -89.426714759457752, 43.084183358639535 ], [ -89.426564504870143, 43.084524928419178 ], [ -89.426421826368724, 43.084717273590158 ], [ -89.426169032269542, 43.084884485311399 ], [ -89.425991552406359, 43.08498489393542 ], [ -89.425803251260305, 43.08511775575429 ], [ -89.42556635154962, 43.085233188239521 ], [ -89.42520135864612, 43.085372987563623 ], [ -89.424852467328392, 43.085513450525895 ], [ -89.424658428597752, 43.085558371644424 ], [ -89.424408262918405, 43.085589437369521 ], [ -89.42417174120159, 43.08556598501827 ], [ -89.423892967272693, 43.085519856566037 ], [ -89.423755451477064, 43.085451621856826 ], [ -89.423687276148456, 43.085355600906176 ], [ -89.423570807447007, 43.085311080655615 ], [ -89.423452821273997, 43.085338143512992 ], [ -89.423303793527651, 43.085335914568482 ], [ -89.423281416751934, 43.085359433509403 ], [ -89.423239041200802, 43.085367343078637 ], [ -89.423177579498571, 43.085370725286474 ], [ -89.42311557240987, 43.085364914736964 ], [ -89.422803319050743, 43.085437510770284 ], [ -89.422575638699001, 43.085551565258768 ], [ -89.422341202009306, 43.085635306609035 ], [ -89.42223219531229, 43.085667102726575 ], [ -89.421920545927321, 43.08576007732691 ], [ -89.421596833653084, 43.085865342786185 ], [ -89.421329072597104, 43.085956793034022 ], [ -89.420848104502497, 43.086121059331703 ], [ -89.420235954056565, 43.086421478713511 ], [ -89.419813784642997, 43.086654179899149 ], [ -89.419571086902337, 43.086864162579154 ], [ -89.419409324365489, 43.087021265853053 ], [ -89.419322763689024, 43.087136890595481 ], [ -89.419075552296107, 43.087286466354449 ], [ -89.418725139975152, 43.087390110847409 ], [ -89.418416308775562, 43.087458692245747 ], [ -89.418254298615864, 43.087519850365162 ], [ -89.418138347044604, 43.087563621768304 ], [ -89.417997627649626, 43.087640447427582 ], [ -89.417867854050058, 43.087730621817606 ], [ -89.417811171148898, 43.087760612790653 ], [ -89.417757652851563, 43.087775108631838 ], [ -89.417608836711651, 43.087855583400952 ], [ -89.417367554459631, 43.087916385999847 ], [ -89.417305610604075, 43.087969981628561 ], [ -89.417202998399532, 43.08799614399102 ], [ -89.416746837210042, 43.088055743924208 ], [ -89.41664000162946, 43.088064059291376 ], [ -89.416584390617913, 43.088086668885218 ], [ -89.416514475221902, 43.08813136079965 ], [ -89.41624852542553, 43.088348603527663 ], [ -89.416147352967712, 43.088396827373913 ], [ -89.41604740705823, 43.088422164348216 ], [ -89.416005113765905, 43.088533845593197 ], [ -89.415939097305625, 43.088584085581935 ], [ -89.415919088388449, 43.088675558963608 ], [ -89.415769119068813, 43.088770801008309 ], [ -89.415703307408947, 43.088912259719756 ], [ -89.415610907090766, 43.089052573730172 ], [ -89.415423496342243, 43.089314058933297 ], [ -89.415316162995367, 43.089479677220602 ], [ -89.415087413176508, 43.089703018514385 ], [ -89.415079984659997, 43.089742122896055 ], [ -89.415131409297771, 43.089841350416265 ], [ -89.415243703891718, 43.08989436420481 ], [ -89.415433079463639, 43.089890903006555 ], [ -89.415730347041361, 43.089768359934958 ], [ -89.416199327800072, 43.089354713995284 ], [ -89.416586809530301, 43.089123101969427 ], [ -89.417026345170726, 43.088861930807987 ], [ -89.41725194557057, 43.088656655880825 ], [ -89.417440901319694, 43.08850554610742 ], [ -89.417722110691813, 43.088148477843113 ], [ -89.418091356717497, 43.087881485114238 ], [ -89.418616003019338, 43.087631580987178 ], [ -89.419172974928514, 43.087487762940974 ], [ -89.419796222837277, 43.087385016985969 ], [ -89.420530584409192, 43.087282836394991 ], [ -89.421558800056147, 43.08722408661685 ], [ -89.422631571914934, 43.087195737344551 ], [ -89.423348051113635, 43.087245667410926 ], [ -89.424293333749162, 43.08738417066165 ], [ -89.424663490120508, 43.087496211461634 ], [ -89.424989945627615, 43.087556184922278 ], [ -89.425333345797881, 43.087694011171244 ], [ -89.425800669811821, 43.088006701366027 ], [ -89.426673151132619, 43.088666474841951 ], [ -89.427397006603471, 43.089250956833695 ], [ -89.427656188772502, 43.08939874845705 ], [ -89.427971153231582, 43.089796741103797 ], [ -89.428788661746665, 43.090584011840889 ], [ -89.429027607157778, 43.090910675621643 ], [ -89.429123121527127, 43.090980899291338 ], [ -89.429146279695459, 43.091103451880386 ], [ -89.42940406591913, 43.091362638627146 ], [ -89.430055633624917, 43.09195268145411 ], [ -89.430159812458697, 43.092113610292195 ], [ -89.430277124409329, 43.0922257842129 ], [ -89.430444314013144, 43.092429652984038 ], [ -89.430545016621394, 43.09250997419251 ], [ -89.430684929891015, 43.09257886475573 ], [ -89.430750232803788, 43.092602439817554 ], [ -89.430814312536498, 43.092643835104397 ], [ -89.430838342276544, 43.092673398867674 ], [ -89.430870352571546, 43.092754151582824 ], [ -89.430929428338814, 43.092765295737571 ], [ -89.430986522312821, 43.092762483970638 ], [ -89.431080785590467, 43.092740480983707 ], [ -89.431228774942184, 43.092622660810605 ], [ -89.431531603267302, 43.092601775879459 ], [ -89.431769096506329, 43.09259126206063 ], [ -89.431947556497661, 43.092606107683046 ], [ -89.432242554527861, 43.092703669234162 ], [ -89.432310224107468, 43.092700133100983 ], [ -89.432462064977358, 43.092537793869681 ], [ -89.43261130713897, 43.092351731643461 ], [ -89.432703877378756, 43.092189102211691 ], [ -89.433107641387807, 43.091953987312863 ], [ -89.433599124313773, 43.091802770488279 ], [ -89.433964096179167, 43.091774483108338 ], [ -89.434391580291319, 43.0916433038417 ], [ -89.434628192071784, 43.091527495019449 ], [ -89.435638393997934, 43.091175163957487 ], [ -89.436052496547575, 43.091019676446301 ], [ -89.436362635211665, 43.090903224149237 ], [ -89.436857032989963, 43.090807443598273 ], [ -89.437227801765843, 43.090578359789831 ], [ -89.437490645408303, 43.090392392300338 ], [ -89.437914816844909, 43.090201596566509 ], [ -89.438503101735122, 43.089776484503915 ], [ -89.439093619521842, 43.089484663074899 ], [ -89.439852067994167, 43.0892224180376 ], [ -89.44005747468853, 43.089089029186873 ], [ -89.440391929809749, 43.089043675451563 ], [ -89.440971114289795, 43.088823130428615 ], [ -89.44147179157504, 43.088698520272878 ], [ -89.441573406691063, 43.0885808573437 ], [ -89.442204132338475, 43.088483175423136 ], [ -89.443000248824006, 43.088231534879547 ], [ -89.44369184934024, 43.088012924115823 ], [ -89.44414798681639, 43.087929910516699 ], [ -89.4443913668688, 43.087769310944424 ], [ -89.44478196557786, 43.087720766930858 ], [ -89.445974415314979, 43.087129598997791 ], [ -89.446063229350528, 43.082549750467606 ], [ -89.437105167926205, 43.082522105160969 ], [ -89.437180121381346, 43.081776215689295 ], [ -89.437224784564393, 43.080688181676514 ], [ -89.437175825710852, 43.080285269340216 ], [ -89.436643224132027, 43.07888019077842 ], [ -89.431665942786665, 43.078913570579104 ], [ -89.431706442267583, 43.075845069081872 ], [ -89.428737602811552, 43.075801363303952 ], [ -89.428736317905219, 43.074914737381832 ], [ -89.428833960162862, 43.073369371867358 ], [ -89.429276234686526, 43.073352185005305 ], [ -89.430112313618508, 43.073366708482006 ], [ -89.430805759082119, 43.073425214752049 ], [ -89.431661807253477, 43.0735375575643 ], [ -89.432638373462183, 43.073732173146141 ], [ -89.433731210298305, 43.073992811080636 ], [ -89.433735167708946, 43.073410052757815 ], [ -89.43621668869595, 43.074092170103953 ], [ -89.440478568679552, 43.075263507519331 ], [ -89.446750239677385, 43.075319933728785 ], [ -89.451146381932446, 43.07537710958605 ], [ -89.451146382784884, 43.075376311195036 ], [ -89.451145074874816, 43.075284350765486 ], [ -89.451161108050897, 43.072518458306469 ], [ -89.451165006670905, 43.071350406359485 ], [ -89.451170982732592, 43.069559436293105 ], [ -89.451171520421752, 43.069397587680641 ], [ -89.451182349873235, 43.06819237166556 ], [ -89.451167590652346, 43.067647188075895 ], [ -89.451155799840478, 43.067216103524224 ], [ -89.451150677568052, 43.064698546712087 ], [ -89.451147111473588, 43.064053941653448 ], [ -89.451132283920572, 43.06137524378908 ], [ -89.451131005370854, 43.061143933431985 ], [ -89.451125079665587, 43.0608218405836 ], [ -89.451124545941198, 43.059931361701913 ], [ -89.451124047714316, 43.059108575066382 ], [ -89.451123291857613, 43.057852292365268 ], [ -89.451126204639195, 43.056127753856501 ], [ -89.451128181790352, 43.054954104915339 ], [ -89.451126909857919, 43.0535477558143 ], [ -89.451126163176355, 43.052718584790142 ], [ -89.451125447308925, 43.051926227978228 ], [ -89.451124727538854, 43.05112813648423 ], [ -89.451123789412406, 43.050089836268633 ], [ -89.451123353411035, 43.049605776281773 ], [ -89.451125353247846, 43.049233271234051 ], [ -89.451129799495561, 43.048404471834672 ], [ -89.45113429987741, 43.047565763930784 ], [ -89.451139026753125, 43.046684361083202 ], [ -89.451147231452993, 43.045763699059449 ], [ -89.45114834680065, 43.045507380708436 ], [ -89.451148003369539, 43.044507835271894 ], [ -89.451128136363593, 43.042551804485036 ], [ -89.451102123111681, 43.039990057863115 ], [ -89.451102436724298, 43.039485477907697 ], [ -89.451105160143797, 43.039217050829073 ], [ -89.451112185139039, 43.038991901298516 ], [ -89.451117567082605, 43.038895667427703 ], [ -89.451124337333425, 43.038807526326579 ], [ -89.451133325437993, 43.038719865941417 ], [ -89.451144192034405, 43.038638656241673 ], [ -89.45115708214388, 43.038562817347255 ], [ -89.451172139695444, 43.038491507193662 ], [ -89.451189546955547, 43.03842389279599 ], [ -89.45120945023416, 43.038359432535117 ], [ -89.451232030887283, 43.038297539519711 ], [ -89.451257483355377, 43.038237681449075 ], [ -89.451286462314229, 43.038178511499538 ], [ -89.451318869883565, 43.038120402337491 ], [ -89.451354987206358, 43.038062849532686 ], [ -89.451395138848198, 43.03800533575312 ], [ -89.451439649101232, 43.037947387456668 ], [ -89.451489000046678, 43.037888369063957 ], [ -89.451543708670229, 43.037827661331171 ], [ -89.451604439845724, 43.037764525853525 ], [ -89.451668536305903, 43.037701448315929 ], [ -89.451739762014327, 43.037634479585577 ], [ -89.451909047312881, 43.037483805483099 ], [ -89.452121415344948, 43.03730389047923 ], [ -89.452455076924068, 43.037028463418508 ], [ -89.452757501259001, 43.036813546129899 ], [ -89.452790593268048, 43.0367875304607 ], [ -89.452397429827514, 43.036589038554879 ], [ -89.4517935116601, 43.036268764002052 ], [ -89.45141834889607, 43.036092467034798 ], [ -89.451035486093161, 43.035903006686283 ], [ -89.450528919682895, 43.035680220412438 ], [ -89.449994916129867, 43.035453367362443 ], [ -89.449569596168743, 43.035315489510211 ], [ -89.448893981277109, 43.035110028256575 ], [ -89.448100650442612, 43.034919888846765 ], [ -89.447017016327109, 43.034797146156649 ], [ -89.446746841923812, 43.034760294553479 ], [ -89.446499453295829, 43.034747486579732 ], [ -89.445343779067713, 43.034740505372568 ], [ -89.443597020531215, 43.034856772837003 ], [ -89.443601574310733, 43.034765775507424 ], [ -89.44360440015079, 43.034709287763462 ], [ -89.443630000081868, 43.034075998927172 ], [ -89.443711999739691, 43.033885999402514 ], [ -89.445127740632955, 43.031676355132994 ], [ -89.43623690593104, 43.031651409784523 ], [ -89.436231453889363, 43.034861450496152 ], [ -89.433675215610023, 43.035018676157961 ], [ -89.433693494869004, 43.03841704308045 ], [ -89.43336235471368, 43.038545678745294 ], [ -89.433075048333023, 43.038692171041049 ], [ -89.432894878321477, 43.0388207909225 ], [ -89.432780300716061, 43.038946296408881 ], [ -89.432758514461909, 43.038973649998212 ], [ -89.432719588288208, 43.039017284509889 ], [ -89.432706876619051, 43.039038482317764 ], [ -89.432690299486779, 43.039059296131903 ], [ -89.4326192998479, 43.039180296915887 ], [ -89.432613945735142, 43.039193459680583 ], [ -89.432558920342302, 43.039285222567202 ], [ -89.432528573770171, 43.039431241708435 ], [ -89.432498228281744, 43.039577264438442 ], [ -89.432457689359708, 43.039851144786425 ], [ -89.432612074605103, 43.040815654828059 ], [ -89.432766463462414, 43.041780163606241 ], [ -89.432685368546629, 43.042232664093319 ], [ -89.432539298325537, 43.042473808044889 ], [ -89.432393226959633, 43.0427149518002 ], [ -89.431946845577386, 43.043161529378636 ], [ -89.430924157415546, 43.043864165274123 ], [ -89.430153052149123, 43.044269083244927 ], [ -89.428844727127469, 43.04478453089817 ], [ -89.428156387580827, 43.045108457796935 ], [ -89.427539477303156, 43.045437140604122 ], [ -89.427026455638568, 43.045632449605819 ], [ -89.42660434161597, 43.045713438374449 ], [ -89.426058833562806, 43.04573727389964 ], [ -89.425013268115535, 43.045618227240574 ], [ -89.424409310838286, 43.045580135254134 ], [ -89.423844319832909, 43.045570618828876 ], [ -89.423000080922122, 43.045556338486811 ], [ -89.422344172947234, 43.045542051868473 ], [ -89.421772688004978, 43.045542051050226 ], [ -89.42144148642538, 43.045623021090456 ], [ -89.421279131130831, 43.045718281784922 ], [ -89.421155740028766, 43.045827831814648 ], [ -89.421090795406144, 43.045970723161794 ], [ -89.421045332818025, 43.046189824018732 ], [ -89.421069519402579, 43.046389278040692 ], [ -89.421580925641862, 43.047824158376578 ], [ -89.421597159304369, 43.048026588839612 ], [ -89.421507858020917, 43.048258787906974 ], [ -89.42130490428346, 43.04844335600432 ], [ -89.421028887372586, 43.04861006128386 ], [ -89.420468734176112, 43.048812484415862 ], [ -89.420079061835551, 43.048889877933654 ], [ -89.419210423826911, 43.04887199665076 ], [ -89.418463552773972, 43.048961282211856 ], [ -89.417197094987955, 43.049312510021707 ], [ -89.41655249895166, 43.049466486292594 ], [ -89.415838078932026, 43.04964268227851 ], [ -89.415363969713781, 43.049695048228529 ], [ -89.413818260689126, 43.049680655936278 ], [ -89.412363483667249, 43.049632908892917 ], [ -89.411798457319037, 43.049623332980858 ], [ -89.411363307611126, 43.049694738445694 ], [ -89.411045027579604, 43.049947150709819 ], [ -89.410882607038403, 43.050247208555412 ], [ -89.410538268094584, 43.050894951537245 ], [ -89.41007053165302, 43.051495049459824 ], [ -89.409544316759408, 43.052166585755764 ], [ -89.409414370808818, 43.052399961552226 ], [ -89.409303894730357, 43.052704785296484 ], [ -89.409290832069885, 43.053047725050355 ], [ -89.409491874451064, 43.054500483114381 ], [ -89.409459336587489, 43.054803728659166 ], [ -89.409277405737782, 43.055124421221279 ], [ -89.408777119909132, 43.055853113200797 ], [ -89.408562726830709, 43.056076952114672 ], [ -89.408237935993341, 43.056205515430548 ], [ -89.407906671275626, 43.056229289449732 ], [ -89.406237398246958, 43.056186200898225 ], [ -89.405211166166069, 43.056114607059989 ], [ -89.405078011972094, 43.056116968864167 ], [ -89.404944858995322, 43.056119330513589 ], [ -89.404665538597058, 43.056205023028824 ], [ -89.404405683899824, 43.056357400397019 ], [ -89.404184775892702, 43.056590756790285 ], [ -89.404027248593522, 43.0567413320627 ], [ -89.403718861141471, 43.056840377894567 ], [ -89.403718192185082, 43.056840342682278 ], [ -89.401461999514453, 43.057790999492738 ], [ -89.400849000548874, 43.058079999482587 ], [ -89.400117000215459, 43.058491998700063 ], [ -89.400596467274411, 43.059026143303122 ], [ -89.400791134723306, 43.059597747427524 ], [ -89.400790674294257, 43.060919498032355 ], [ -89.400790152482173, 43.062417391555698 ], [ -89.400789877830093, 43.063205767686902 ], [ -89.400837927855548, 43.065134815921063 ], [ -89.400934938156311, 43.066385136792995 ], [ -89.400970501731777, 43.067658197832756 ], [ -89.400936424743662, 43.068251647756547 ], [ -89.400930944309252, 43.069330022810263 ], [ -89.40089694705344, 43.069813659970166 ], [ -89.400852421213571, 43.070951829389514 ], [ -89.400803165814679, 43.071666267934702 ], [ -89.400744826580222, 43.072087797695417 ], [ -89.400627736347047, 43.072502160507476 ], [ -89.400617897423274, 43.07276650893823 ], [ -89.400631596261249, 43.073279282044332 ], [ -89.400618368733618, 43.074958768298103 ], [ -89.400566005252699, 43.07714314722984 ] ] ] } },
{ "type": "Feature", "properties": { "OBJECTID": 17, "District_Name": "South", "sequence": 7, "Anticipated_Timing": "mid 2027 - late 2028", "ShapeSTArea": 250979873.31128043, "ShapeSTLength": 151750.99512899801 }, "geometry": { "type": "Polygon", "coordinates": [ [ [ -89.385708024036617, 43.066462511171061 ], [ -89.385813297594183, 43.06648368995242 ], [ -89.385964731724329, 43.066514155240988 ], [ -89.386113087406869, 43.066544000986347 ], [ -89.386297000584022, 43.066580999130906 ], [ -89.386324634551727, 43.066590416587815 ], [ -89.386497989529843, 43.066201436062826 ], [ -89.386518775219272, 43.066207158209323 ], [ -89.386562954131989, 43.066199550805258 ], [ -89.386633187011697, 43.066073828159311 ], [ -89.386829841183882, 43.065453024467388 ], [ -89.386868933527694, 43.065252988440392 ], [ -89.386825114644836, 43.065199389902666 ], [ -89.386903254894051, 43.064877907686665 ], [ -89.386976356956495, 43.064842206895946 ], [ -89.387393778597414, 43.062854749768995 ], [ -89.387514269722615, 43.06229512665525 ], [ -89.387556601951076, 43.062102235396956 ], [ -89.38759885081555, 43.062056999035434 ], [ -89.387660571162314, 43.062040346858772 ], [ -89.388826836133674, 43.063368078923652 ], [ -89.389063796927445, 43.063634879331509 ], [ -89.38912871736045, 43.063709916412911 ], [ -89.389193666720715, 43.063731368460068 ], [ -89.389226138249171, 43.063746857820426 ], [ -89.389381499388662, 43.063917499265308 ], [ -89.389435591610521, 43.06391688560381 ], [ -89.389263506381482, 43.06371709944235 ], [ -89.389281377420801, 43.063704006271458 ], [ -89.38929601233491, 43.063668288046621 ], [ -89.387712069917256, 43.061909218974989 ], [ -89.38763741731789, 43.061821079803074 ], [ -89.387637450787977, 43.061761541498321 ], [ -89.387840437650283, 43.060964361119034 ], [ -89.387918563066037, 43.060648117481975 ], [ -89.387905601621284, 43.060592862467445 ], [ -89.387832870647756, 43.060556641119845 ], [ -89.387887589873529, 43.060278494580317 ], [ -89.387939555993839, 43.060276604640052 ], [ -89.387991536059118, 43.060251852019 ], [ -89.388112430998774, 43.059724220574594 ], [ -89.388186646337346, 43.059425598675979 ], [ -89.388173033883533, 43.05937558209699 ], [ -89.388099010332482, 43.059328405349021 ], [ -89.388143999835762, 43.059097999093822 ], [ -89.388226000399655, 43.059087999017912 ], [ -89.388447999890474, 43.058072999212335 ], [ -89.388526999954294, 43.057769999409793 ], [ -89.388630000282745, 43.057569999323078 ], [ -89.388725999497154, 43.057464998692332 ], [ -89.388892908802049, 43.057340859917318 ], [ -89.389371999784487, 43.057048998928948 ], [ -89.389540000554149, 43.057002999454731 ], [ -89.38965000024271, 43.056999999267759 ], [ -89.390361000072019, 43.057008998894936 ], [ -89.391018000060669, 43.057056998952739 ], [ -89.39126000001977, 43.057056998988159 ], [ -89.392065999991445, 43.057006999187131 ], [ -89.392184999591507, 43.057005998968641 ], [ -89.392464000405738, 43.057017999167634 ], [ -89.393031000545548, 43.057078998647064 ], [ -89.393660999515845, 43.057088999394772 ], [ -89.393914000010469, 43.057107998683939 ], [ -89.394053999953911, 43.057126999353493 ], [ -89.394357000194518, 43.057197999139284 ], [ -89.394553999474752, 43.057221998746897 ], [ -89.39479000010148, 43.057235999102652 ], [ -89.395120000554087, 43.057235999437012 ], [ -89.395481000608996, 43.057193999058384 ], [ -89.396614564851205, 43.057025955799332 ], [ -89.396955935362669, 43.05702908484907 ], [ -89.397171015273486, 43.057084268988561 ], [ -89.397392823103061, 43.057185623280482 ], [ -89.397526639495084, 43.057264742685973 ], [ -89.397641199257421, 43.057354049689515 ], [ -89.397970251532129, 43.057668493338717 ], [ -89.398256940049222, 43.058031420320184 ], [ -89.399003000080754, 43.058957999131685 ], [ -89.400117000215459, 43.058491998700063 ], [ -89.400849000548874, 43.058079999482587 ], [ -89.401461999514453, 43.057790999492738 ], [ -89.403718192185082, 43.056840342682278 ], [ -89.403718861141471, 43.056840377894567 ], [ -89.404027248593522, 43.0567413320627 ], [ -89.404184775892702, 43.056590756790285 ], [ -89.404405683899824, 43.056357400397019 ], [ -89.404665538597058, 43.056205023028824 ], [ -89.404944858995322, 43.056119330513589 ], [ -89.405078011972094, 43.056116968864167 ], [ -89.405211166166069, 43.056114607059989 ], [ -89.406237398246958, 43.056186200898225 ], [ -89.407906671275626, 43.056229289449732 ], [ -89.408237935993341, 43.056205515430548 ], [ -89.408562726830709, 43.056076952114672 ], [ -89.408777119909132, 43.055853113200797 ], [ -89.409277405737782, 43.055124421221279 ], [ -89.409459336587489, 43.054803728659166 ], [ -89.409491874451064, 43.054500483114381 ], [ -89.409290832069885, 43.053047725050355 ], [ -89.409303894730357, 43.052704785296484 ], [ -89.409414370808818, 43.052399961552226 ], [ -89.409544316759408, 43.052166585755764 ], [ -89.41007053165302, 43.051495049459824 ], [ -89.410538268094584, 43.050894951537245 ], [ -89.410882607038403, 43.050247208555412 ], [ -89.411045027579604, 43.049947150709819 ], [ -89.411363307611126, 43.049694738445694 ], [ -89.411798457319037, 43.049623332980858 ], [ -89.412363483667249, 43.049632908892917 ], [ -89.413818260689126, 43.049680655936278 ], [ -89.415363969713781, 43.049695048228529 ], [ -89.415838078932026, 43.04964268227851 ], [ -89.41655249895166, 43.049466486292594 ], [ -89.417197094987955, 43.049312510021707 ], [ -89.418463552773972, 43.048961282211856 ], [ -89.419210423826911, 43.04887199665076 ], [ -89.420079061835551, 43.048889877933654 ], [ -89.420468734176112, 43.048812484415862 ], [ -89.421028887372586, 43.04861006128386 ], [ -89.42130490428346, 43.04844335600432 ], [ -89.421507858020917, 43.048258787906974 ], [ -89.421597159304369, 43.048026588839612 ], [ -89.421580925641862, 43.047824158376578 ], [ -89.421069519402579, 43.046389278040692 ], [ -89.421045332818025, 43.046189824018732 ], [ -89.421090795406144, 43.045970723161794 ], [ -89.421155740028766, 43.045827831814648 ], [ -89.421279131130831, 43.045718281784922 ], [ -89.42144148642538, 43.045623021090456 ], [ -89.421772688004978, 43.045542051050226 ], [ -89.422344172947234, 43.045542051868473 ], [ -89.423000080922122, 43.045556338486811 ], [ -89.423844319832909, 43.045570618828876 ], [ -89.424409310838286, 43.045580135254134 ], [ -89.425013268115535, 43.045618227240574 ], [ -89.426058833562806, 43.04573727389964 ], [ -89.42660434161597, 43.045713438374449 ], [ -89.427026455638568, 43.045632449605819 ], [ -89.427539477303156, 43.045437140604122 ], [ -89.428156387580827, 43.045108457796935 ], [ -89.428844727127469, 43.04478453089817 ], [ -89.430153052149123, 43.044269083244927 ], [ -89.430924157415546, 43.043864165274123 ], [ -89.431946845577386, 43.043161529378636 ], [ -89.432393226959633, 43.0427149518002 ], [ -89.432539298325537, 43.042473808044889 ], [ -89.432685368546629, 43.042232664093319 ], [ -89.432766463462414, 43.041780163606241 ], [ -89.432612074605103, 43.040815654828059 ], [ -89.432457689359708, 43.039851144786425 ], [ -89.432498228281744, 43.039577264438442 ], [ -89.432528573770171, 43.039431241708435 ], [ -89.432558920342302, 43.039285222567202 ], [ -89.432613945735142, 43.039193459680583 ], [ -89.4326192998479, 43.039180296915887 ], [ -89.432690299486779, 43.039059296131903 ], [ -89.432706876619051, 43.039038482317764 ], [ -89.432719588288208, 43.039017284509889 ], [ -89.432758514461909, 43.038973649998212 ], [ -89.432780300716061, 43.038946296408881 ], [ -89.432894878321477, 43.0388207909225 ], [ -89.433075048333023, 43.038692171041049 ], [ -89.43336235471368, 43.038545678745294 ], [ -89.433693494869004, 43.03841704308045 ], [ -89.433675215610023, 43.035018676157961 ], [ -89.436231453889363, 43.034861450496152 ], [ -89.43623690593104, 43.031651409784523 ], [ -89.434866405567405, 43.031647329998776 ], [ -89.435307529364579, 43.024593788712252 ], [ -89.432433288405178, 43.023515680206813 ], [ -89.432009006324307, 43.023390927821758 ], [ -89.431635809390016, 43.023304813200127 ], [ -89.431219526505956, 43.023238151240413 ], [ -89.43080404969831, 43.023200757490166 ], [ -89.430534009566884, 43.023191567508533 ], [ -89.430064683911837, 43.023205411050277 ], [ -89.429694603139694, 43.023240172887476 ], [ -89.429330353439966, 43.023290263842405 ], [ -89.428920133056806, 43.023366069788054 ], [ -89.428727187319055, 43.023409097195078 ], [ -89.42819175420972, 43.023554688625694 ], [ -89.427723657879909, 43.023716027154698 ], [ -89.427268198867637, 43.02390729096944 ], [ -89.426967396267329, 43.024054572670188 ], [ -89.42667480572706, 43.024201810051409 ], [ -89.426407946441202, 43.024352318541844 ], [ -89.425974597621149, 43.024635263384887 ], [ -89.425558078393451, 43.024969027194679 ], [ -89.425527021847429, 43.02543673514333 ], [ -89.424655029061938, 43.026382392652387 ], [ -89.415164062744736, 43.026903537997534 ], [ -89.41355448756515, 43.026844703270406 ], [ -89.413457388584703, 43.028930202988754 ], [ -89.414804579424441, 43.028976560326534 ], [ -89.41692955392412, 43.028871147779306 ], [ -89.416892250497639, 43.031471293447979 ], [ -89.411514799770941, 43.031424689520357 ], [ -89.411476072171126, 43.034537868946202 ], [ -89.410810704396127, 43.034566348740235 ], [ -89.410146342694247, 43.034535819949795 ], [ -89.409606570808023, 43.034413921182292 ], [ -89.408651645301333, 43.033956910404505 ], [ -89.407921281298243, 43.033005432540484 ], [ -89.409113640574958, 43.031402062802144 ], [ -89.408112951724576, 43.031392796820313 ], [ -89.408154165512329, 43.030924107878064 ], [ -89.407187382330662, 43.030745234891448 ], [ -89.404756251973609, 43.030724435373386 ], [ -89.405105437168771, 43.024591192392492 ], [ -89.403138907725804, 43.025060712481526 ], [ -89.401203995119261, 43.025834007844026 ], [ -89.397726123482371, 43.025771100155048 ], [ -89.397861164585564, 43.023638070613266 ], [ -89.395141339258785, 43.023605869491966 ], [ -89.394959425189555, 43.0264769432995 ], [ -89.393483812996053, 43.026464448520095 ], [ -89.392211876792658, 43.02661035545654 ], [ -89.3903615854625, 43.028749748690586 ], [ -89.390311444653705, 43.029127969723049 ], [ -89.394097785350468, 43.029188774006364 ], [ -89.394068931352223, 43.02973224666615 ], [ -89.394577349953295, 43.02974448436462 ], [ -89.394480409971877, 43.029923377426741 ], [ -89.39446220737166, 43.030222484736136 ], [ -89.393736973286607, 43.031221527551409 ], [ -89.392511028263456, 43.031205650053067 ], [ -89.39175059059481, 43.031198943986119 ], [ -89.389885118802539, 43.031174752576199 ], [ -89.389810358068289, 43.031745968570327 ], [ -89.389737936093198, 43.032495613731776 ], [ -89.389741480082648, 43.032817894248332 ], [ -89.389749324756281, 43.033079615742913 ], [ -89.390130227200643, 43.033289400917276 ], [ -89.390508201609649, 43.033457414453096 ], [ -89.390707147095142, 43.03355258034388 ], [ -89.390899029218247, 43.033655253560376 ], [ -89.391142981420217, 43.033803339400812 ], [ -89.391316378127868, 43.033922401468871 ], [ -89.391533913170633, 43.034091192629127 ], [ -89.391686240096661, 43.034224868940967 ], [ -89.391782401957357, 43.03431715571643 ], [ -89.391918267474466, 43.03446006244679 ], [ -89.392043751809197, 43.034607987979719 ], [ -89.392121470774029, 43.034709194173445 ], [ -89.392158512775339, 43.034760529010448 ], [ -89.392056861900642, 43.035047350658473 ], [ -89.391430089622816, 43.035317925494041 ], [ -89.391383734847665, 43.035342252840415 ], [ -89.39144010661532, 43.035495582612555 ], [ -89.391462976394919, 43.035713557241515 ], [ -89.391435505240068, 43.035900311558549 ], [ -89.39133141940772, 43.036140972493499 ], [ -89.39119452852546, 43.036318678949577 ], [ -89.390997968484882, 43.036487276068392 ], [ -89.390760738525842, 43.036623048215262 ], [ -89.390511202577812, 43.036715886688867 ], [ -89.390386377036535, 43.03675206877282 ], [ -89.389792273597081, 43.036918662239813 ], [ -89.389180247094146, 43.037091627408635 ], [ -89.388530559034209, 43.037287930620344 ], [ -89.387684983844082, 43.037508081631415 ], [ -89.384204775955439, 43.038443208265086 ], [ -89.383693062269373, 43.038437580585743 ], [ -89.381740021928067, 43.038954786830189 ], [ -89.381738755022965, 43.039013425720889 ], [ -89.3810907057929, 43.039223655082139 ], [ -89.380937799026341, 43.039273258054848 ], [ -89.380625875183568, 43.039350335609505 ], [ -89.380273907872322, 43.039401425918555 ], [ -89.379988464254041, 43.03943301098316 ], [ -89.379514074592805, 43.039389404630839 ], [ -89.378532723248398, 43.039269813802157 ], [ -89.380843411719695, 43.032851108295887 ], [ -89.379585599067397, 43.032834391244563 ], [ -89.379583170655735, 43.032620383125831 ], [ -89.379540798707183, 43.02759088285827 ], [ -89.381734731489004, 43.027705739824199 ], [ -89.382015451669687, 43.027805447703521 ], [ -89.382129810003107, 43.027774492574068 ], [ -89.381975587771024, 43.027495835540769 ], [ -89.381868301234093, 43.027255986889386 ], [ -89.381811493119855, 43.027103105683807 ], [ -89.381723878007051, 43.026798323605483 ], [ -89.378439369118055, 43.026700915855578 ], [ -89.377528365942254, 43.02693535620886 ], [ -89.374652711519147, 43.027398003901844 ], [ -89.374575438537917, 43.028755681009827 ], [ -89.364837233895472, 43.028500612394737 ], [ -89.365032780347178, 43.025509716175144 ], [ -89.3650002031941, 43.022428987533097 ], [ -89.365296161088096, 43.018285240738905 ], [ -89.345562839240003, 43.018178452299665 ], [ -89.335719723388067, 43.018236560714492 ], [ -89.33221242575469, 43.018246686511354 ], [ -89.332221745938497, 43.018263628545519 ], [ -89.332228386421619, 43.018284341737214 ], [ -89.332230830829758, 43.018299716665318 ], [ -89.332231492913877, 43.018324280328983 ], [ -89.332228638946646, 43.018350756662585 ], [ -89.332219377124886, 43.018387022965612 ], [ -89.332198106084661, 43.018439960679309 ], [ -89.332140334421283, 43.018558411255327 ], [ -89.332071397502872, 43.018679933179136 ], [ -89.331987097766131, 43.018809345915123 ], [ -89.331901406496982, 43.018922934428936 ], [ -89.33183772674812, 43.018996575331698 ], [ -89.331773639763128, 43.01906174132742 ], [ -89.33168814587269, 43.019134865326407 ], [ -89.331603016458601, 43.019191919861306 ], [ -89.331483516669181, 43.019258238012732 ], [ -89.331354164278835, 43.019324959560464 ], [ -89.331143735520854, 43.019425646021411 ], [ -89.330921632064189, 43.019532494836291 ], [ -89.330798901210215, 43.019618445618413 ], [ -89.330541718678035, 43.019784360648785 ], [ -89.330449322175411, 43.019835140118566 ], [ -89.330356636383755, 43.01987991643874 ], [ -89.330087019633254, 43.020016494825889 ], [ -89.329903208181918, 43.020101330578292 ], [ -89.329687868625598, 43.020184920874435 ], [ -89.329396387539191, 43.020272599392342 ], [ -89.329173637404253, 43.020328466477572 ], [ -89.32904472692465, 43.020357004846446 ], [ -89.328882574954889, 43.020389110084722 ], [ -89.328687860137137, 43.02042213807939 ], [ -89.32852839052795, 43.020444673226628 ], [ -89.32837009515238, 43.020462947088582 ], [ -89.328213356852004, 43.020476916779543 ], [ -89.328089317644256, 43.020484972444493 ], [ -89.327966600176325, 43.020490248620803 ], [ -89.327755316385307, 43.020492782702476 ], [ -89.327660358572771, 43.020489380104621 ], [ -89.327543501097878, 43.020485940395119 ], [ -89.327466802344816, 43.020488740117855 ], [ -89.327409421943216, 43.020494134627498 ], [ -89.327329756582088, 43.020507500004577 ], [ -89.327246001273707, 43.020531179904296 ], [ -89.327179640046211, 43.020559494472231 ], [ -89.327112336172476, 43.020600010125314 ], [ -89.327055814736909, 43.020645629342276 ], [ -89.326966107439972, 43.020735611675612 ], [ -89.326907074685238, 43.020786739207004 ], [ -89.326871724851699, 43.020819987746997 ], [ -89.326831958966622, 43.020845936290762 ], [ -89.326789875715548, 43.020863186012321 ], [ -89.326705764547867, 43.020880951488067 ], [ -89.326577266416038, 43.020889741679881 ], [ -89.326386945108652, 43.020902489025737 ], [ -89.326271961476706, 43.02091709501719 ], [ -89.326192449362878, 43.020937089949321 ], [ -89.326137846067269, 43.020944662621879 ], [ -89.326053166635404, 43.020941997316449 ], [ -89.325978095556721, 43.020935898010613 ], [ -89.32584521301348, 43.020936722206102 ], [ -89.325802614363582, 43.020939761974688 ], [ -89.32572342205961, 43.020949703508542 ], [ -89.32564101432844, 43.020968307642157 ], [ -89.325576352334153, 43.02099338771427 ], [ -89.325519483307687, 43.021035195705799 ], [ -89.325462041305798, 43.021105105554966 ], [ -89.325431610951611, 43.021139950108214 ], [ -89.325391186431332, 43.021176996863559 ], [ -89.325339992571188, 43.02120367420126 ], [ -89.325293800108639, 43.021233487242235 ], [ -89.325270774932406, 43.02126791857701 ], [ -89.325258937076455, 43.021301986747766 ], [ -89.325248404767862, 43.021365462655318 ], [ -89.325244843884434, 43.021416613851343 ], [ -89.325242889041789, 43.021459058733903 ], [ -89.325243505159904, 43.021511831871344 ], [ -89.325250406894611, 43.021549220239081 ], [ -89.325266005228642, 43.021581100099347 ], [ -89.325293796547399, 43.021613635672914 ], [ -89.325355001569406, 43.02166854210698 ], [ -89.32539631985189, 43.02170927922382 ], [ -89.32541777346502, 43.021738931744785 ], [ -89.325441600308906, 43.021781437155951 ], [ -89.325470847593408, 43.021836855641006 ], [ -89.325502022002922, 43.021897852836183 ], [ -89.325526443900344, 43.021934140764664 ], [ -89.32555127165233, 43.021955734717935 ], [ -89.325564210814534, 43.021963264283357 ], [ -89.325590240126402, 43.021974361248617 ], [ -89.325620177294255, 43.021985863858895 ], [ -89.325633569030458, 43.021991905015071 ], [ -89.32564511262737, 43.021998346958476 ], [ -89.325654381805265, 43.02200478427968 ], [ -89.325665765406086, 43.022012340423345 ], [ -89.325686242086405, 43.022022073510236 ], [ -89.325700742753398, 43.022026602508035 ], [ -89.325719939695034, 43.022028655661408 ], [ -89.32574011209843, 43.022026680737618 ], [ -89.325756810554822, 43.022022188869585 ], [ -89.325773728929008, 43.022015138168939 ], [ -89.32579038604419, 43.022005708251982 ], [ -89.325806194995181, 43.0219942235641 ], [ -89.325821183133002, 43.021982018993263 ], [ -89.325836144709967, 43.021974238443903 ], [ -89.325863849021971, 43.021963913215679 ], [ -89.325887260422974, 43.021955438593039 ], [ -89.325896639715282, 43.021948747867832 ], [ -89.325906335361594, 43.021941368823327 ], [ -89.325914953252777, 43.021932053631573 ], [ -89.32592157374431, 43.02192131098117 ], [ -89.325927920185705, 43.021902247473029 ], [ -89.325942153068851, 43.02184737878639 ], [ -89.325965544849069, 43.021794927404848 ], [ -89.325988710995972, 43.021765935423097 ], [ -89.326013081203527, 43.021749886246617 ], [ -89.326041436997841, 43.021744143088611 ], [ -89.326098841250186, 43.021741581935046 ], [ -89.326191277773262, 43.021745568782279 ], [ -89.326275303770956, 43.021754180469713 ], [ -89.326354971466898, 43.021766495999096 ], [ -89.32644517799389, 43.021787697195805 ], [ -89.326505182125516, 43.021808585908879 ], [ -89.326588523814792, 43.021843984998249 ], [ -89.326677520114032, 43.021887853395683 ], [ -89.326798037730327, 43.021959800892247 ], [ -89.326851104782875, 43.022030573187685 ], [ -89.326928292832591, 43.022195579279824 ], [ -89.327094102059164, 43.022607663919793 ], [ -89.327162866974248, 43.022887987738891 ], [ -89.327204308255645, 43.02317621427914 ], [ -89.327246963860389, 43.023588077418275 ], [ -89.327263801569629, 43.023825953774285 ], [ -89.327270888613896, 43.024222977798374 ], [ -89.327261404879479, 43.024665466127352 ], [ -89.327273326629594, 43.024786690323957 ], [ -89.327323229207366, 43.024900303202521 ], [ -89.327377252325775, 43.025044537636028 ], [ -89.327390434210017, 43.025136376048266 ], [ -89.327413262489628, 43.025261022483697 ], [ -89.327475340282533, 43.02541085772647 ], [ -89.327587047624817, 43.025565535201999 ], [ -89.327773952652194, 43.025736030228082 ], [ -89.328044563235565, 43.025949510273364 ], [ -89.328391424997506, 43.026190031267355 ], [ -89.328618899022118, 43.026332199293677 ], [ -89.328784512075117, 43.026491463438688 ], [ -89.328939743364828, 43.026564708828651 ], [ -89.329282327734958, 43.026777696428439 ], [ -89.329416094569495, 43.02691802694293 ], [ -89.329590808509181, 43.027105002681004 ], [ -89.329832077987575, 43.027570547632216 ], [ -89.329814265227114, 43.02769702302222 ], [ -89.329812811066844, 43.027829620674019 ], [ -89.329718115710449, 43.02822688332499 ], [ -89.329730084731949, 43.028332574029655 ], [ -89.329626888096115, 43.028556106662869 ], [ -89.32944202813411, 43.028871542612904 ], [ -89.32937146172118, 43.028962460359274 ], [ -89.329305727414308, 43.029091896792238 ], [ -89.328844377970341, 43.029559046235114 ], [ -89.328549606554603, 43.029864902845176 ], [ -89.327358430276988, 43.030903093256626 ], [ -89.327317648516228, 43.030955961570832 ], [ -89.327206417216374, 43.031018740078153 ], [ -89.327036107252638, 43.031153459195288 ], [ -89.326821523008249, 43.031293813624778 ], [ -89.326450385983534, 43.031580535805141 ], [ -89.326185603623742, 43.031842165560349 ], [ -89.325252737720533, 43.032648151113769 ], [ -89.325201708286414, 43.032711543053061 ], [ -89.324747241815984, 43.03310109484687 ], [ -89.324370266266968, 43.033386756605971 ], [ -89.324097293171619, 43.033551309361918 ], [ -89.324064337859085, 43.033674776987837 ], [ -89.32378871172898, 43.033841244857364 ], [ -89.323643420132456, 43.034124421026974 ], [ -89.323582400861412, 43.034166568241993 ], [ -89.323589808205185, 43.034211053530186 ], [ -89.323277771708049, 43.034574392149345 ], [ -89.323166449626683, 43.034760904633899 ], [ -89.323097640142535, 43.034839690085121 ], [ -89.323048332188534, 43.034871661524811 ], [ -89.322926405783193, 43.034927564132389 ], [ -89.322905719923639, 43.034939375406829 ], [ -89.322384942947053, 43.035053603121526 ], [ -89.322332780969532, 43.03507235905834 ], [ -89.322269821606355, 43.035074181683562 ], [ -89.322215946642686, 43.035067262256355 ], [ -89.322045834966488, 43.035001718658378 ], [ -89.321842140681397, 43.034895847449292 ], [ -89.321558383694978, 43.034717281025834 ], [ -89.321476745788274, 43.03462835486242 ], [ -89.321158402706317, 43.034464743786181 ], [ -89.320994655848096, 43.034329845418398 ], [ -89.320741591593787, 43.034177990549189 ], [ -89.320696655108321, 43.034194146336617 ], [ -89.320631322906493, 43.034187440117641 ], [ -89.320576694955619, 43.034146683238085 ], [ -89.320511611439912, 43.034117237709665 ], [ -89.320460004406968, 43.03411440236605 ], [ -89.320227116586594, 43.034005623732362 ], [ -89.320104177253782, 43.033916450011922 ], [ -89.319873504422006, 43.033771456729845 ], [ -89.31926336286439, 43.033291466718566 ], [ -89.318684707100786, 43.032988448146156 ], [ -89.31865827610153, 43.032958824114218 ], [ -89.318432034850233, 43.032849433941472 ], [ -89.318352347742604, 43.032798884355671 ], [ -89.317450661718055, 43.032326150647116 ], [ -89.316414939761046, 43.031849948250979 ], [ -89.315999711740986, 43.031576107314855 ], [ -89.315993816092117, 43.033005148340543 ], [ -89.311481138299214, 43.03302914219308 ], [ -89.311439483191975, 43.034671417331381 ], [ -89.311853649490132, 43.034418228122277 ], [ -89.312146151646246, 43.03423989409378 ], [ -89.312454779227238, 43.034121113429926 ], [ -89.312877094721344, 43.033966717133985 ], [ -89.313283070706149, 43.033871843255831 ], [ -89.31370521445713, 43.033812705921889 ], [ -89.314159800478265, 43.033765505234996 ], [ -89.31459817463886, 43.03370637993941 ], [ -89.31515021560142, 43.033623544334532 ], [ -89.315669686905792, 43.033600213468709 ], [ -89.315991264095373, 43.033623566208774 ], [ -89.316163468147721, 43.033655911238 ], [ -89.316256903838479, 43.033676113489221 ], [ -89.316336682675299, 43.033720790498919 ], [ -89.3164165742199, 43.033755644662513 ], [ -89.316409502875771, 43.03378997729564 ], [ -89.316429238684535, 43.033819561447046 ], [ -89.316516151550374, 43.033824995657412 ], [ -89.31658935377034, 43.033859809312744 ], [ -89.31657131598655, 43.033678002950197 ], [ -89.316666014246891, 43.033585268400209 ], [ -89.316807537650035, 43.033492814566742 ], [ -89.316935411383142, 43.033424832770777 ], [ -89.317043212628292, 43.033356731561803 ], [ -89.317103474435839, 43.033352182003604 ], [ -89.317197018755095, 43.033362563393325 ], [ -89.317230740075786, 43.033338213988081 ], [ -89.317485386055353, 43.033300455642618 ], [ -89.317925496765923, 43.03327854141348 ], [ -89.318025951589163, 43.033269323142072 ], [ -89.318179262025708, 43.033319348576825 ], [ -89.318279552123101, 43.033324861124619 ], [ -89.318486327765697, 43.033380117554394 ], [ -89.318693322093054, 43.033415732518961 ], [ -89.318799862894537, 43.033460567949128 ], [ -89.318886227992948, 43.033515102634148 ], [ -89.319092177275095, 43.033596314574865 ], [ -89.319475551069047, 43.03379317060552 ], [ -89.319701367684729, 43.033918332728405 ], [ -89.319985396835065, 43.03407163796458 ], [ -89.320235231275646, 43.03420452452805 ], [ -89.320491809146944, 43.034350086478554 ], [ -89.320710800108131, 43.034470152204293 ], [ -89.320875108464463, 43.034554517539171 ], [ -89.320977286079867, 43.034653672256802 ], [ -89.321113396511066, 43.034775736759627 ], [ -89.321213143614827, 43.034830351709829 ], [ -89.321285585397902, 43.034933907519154 ], [ -89.321385388813624, 43.034983609571007 ], [ -89.321558121633501, 43.0350508153604 ], [ -89.321894335839417, 43.035123961109619 ], [ -89.321969872053401, 43.035173528846428 ], [ -89.322016462351669, 43.035186383627959 ], [ -89.322107795288616, 43.035238377404092 ], [ -89.322251682403646, 43.035327272922189 ], [ -89.322333837190783, 43.035364351786555 ], [ -89.322330662149398, 43.035444924081425 ], [ -89.32232114697085, 43.035531558472968 ], [ -89.322287385767922, 43.035551499700212 ], [ -89.322256899063063, 43.035551318240074 ], [ -89.322211412741765, 43.035528665935203 ], [ -89.322147462464827, 43.035521570246068 ], [ -89.322107629845419, 43.035539236032726 ], [ -89.322091962623418, 43.035577191620078 ], [ -89.322134174374938, 43.035619966645882 ], [ -89.322167613516228, 43.035629116708023 ], [ -89.322194682416168, 43.035662848569174 ], [ -89.322240091663772, 43.035692214726318 ], [ -89.322273541955298, 43.035735334883377 ], [ -89.322350211189956, 43.035778463972981 ], [ -89.322415575045341, 43.035815233776887 ], [ -89.322408258328323, 43.03592485437305 ], [ -89.322357048204438, 43.036143767492398 ], [ -89.322309327612558, 43.036322525267437 ], [ -89.322247456892811, 43.036402725820984 ], [ -89.32218113612754, 43.0366093490506 ], [ -89.322115431053575, 43.036748737338378 ], [ -89.322129081536843, 43.036853974716728 ], [ -89.322000310258417, 43.037046541966049 ], [ -89.321891011801114, 43.037309870202208 ], [ -89.321799646651968, 43.037326984801695 ], [ -89.321748248659745, 43.037393603524464 ], [ -89.321671735918713, 43.037441482385269 ], [ -89.321606342579528, 43.037400195395257 ], [ -89.321617795367715, 43.037281286690103 ], [ -89.321674325786432, 43.037208190852695 ], [ -89.321789225605201, 43.036896563393057 ], [ -89.321907744231225, 43.036715088428252 ], [ -89.321939618978263, 43.036581429499584 ], [ -89.32204308188669, 43.036410461658377 ], [ -89.322029052471621, 43.036300712583653 ], [ -89.322125107632544, 43.036162527342569 ], [ -89.322135224169415, 43.036075303930815 ], [ -89.32209753627528, 43.035979702769829 ], [ -89.322051938055992, 43.035886921909764 ], [ -89.322009950390679, 43.035824006211705 ], [ -89.321882442636706, 43.035774011279806 ], [ -89.321824514501984, 43.035773665210705 ], [ -89.321775880954846, 43.035759947153828 ], [ -89.321745120824247, 43.0357843815001 ], [ -89.321763141316779, 43.03580910622312 ], [ -89.321794762434621, 43.035826278369314 ], [ -89.32182981625462, 43.035845314045147 ], [ -89.321872202023357, 43.035872422920491 ], [ -89.321923462106568, 43.03592420525046 ], [ -89.32195960257684, 43.03596470493904 ], [ -89.321972513120642, 43.036175156344243 ], [ -89.321944206542952, 43.036253320399098 ], [ -89.321918895353946, 43.03633586610308 ], [ -89.321860023071636, 43.036420559720426 ], [ -89.321865738522447, 43.036455283738476 ], [ -89.321843825448255, 43.036506627427407 ], [ -89.321806542496844, 43.036569071264388 ], [ -89.321754312463398, 43.036604568900657 ], [ -89.321741598370579, 43.036651492112689 ], [ -89.321738000038977, 43.036700706007977 ], [ -89.321679449544575, 43.036756308290173 ], [ -89.321627223761936, 43.036888161630095 ], [ -89.321597985020603, 43.036925829771782 ], [ -89.321441283149866, 43.037180254300644 ], [ -89.321445952404858, 43.037246798061915 ], [ -89.321389490015221, 43.037313385159166 ], [ -89.321414527297449, 43.037339562591008 ], [ -89.321378495226, 43.037391397800306 ], [ -89.321322077990104, 43.037454268353414 ], [ -89.321336609541177, 43.037513843172221 ], [ -89.321295183419778, 43.037595392488633 ], [ -89.32132454078257, 43.037688516641957 ], [ -89.321384184730547, 43.03772419644541 ], [ -89.321471532229225, 43.037613178390231 ], [ -89.321547261033459, 43.037635937712736 ], [ -89.321559936280678, 43.037862811384514 ], [ -89.321574390961501, 43.03792982279964 ], [ -89.321547702645859, 43.038052356318559 ], [ -89.3215362115928, 43.038174982416997 ], [ -89.321509313517254, 43.038316106582457 ], [ -89.321452070696338, 43.038453332641424 ], [ -89.321481804359934, 43.03851262288763 ], [ -89.32144535860256, 43.038601636732054 ], [ -89.3213940878735, 43.038657102148832 ], [ -89.321444657513126, 43.0386648390432 ], [ -89.321475418952659, 43.038631562121843 ], [ -89.321533007434681, 43.038640896551151 ], [ -89.321571163156634, 43.0386767472557 ], [ -89.321565149224057, 43.038762225280387 ], [ -89.321711339742365, 43.038826303851948 ], [ -89.321776157644834, 43.038919642645865 ], [ -89.321839167387708, 43.039030039572566 ], [ -89.321917865864933, 43.039212774843918 ], [ -89.322027556476272, 43.039400250175127 ], [ -89.322088084217796, 43.039541867744774 ], [ -89.322071841383803, 43.039663703911437 ], [ -89.321998912724439, 43.039797622981538 ], [ -89.321898424884395, 43.039770491131563 ], [ -89.321843487006149, 43.039699521586712 ], [ -89.321814004171699, 43.039617549833302 ], [ -89.321829984680647, 43.039547002554627 ], [ -89.321769525235609, 43.039517271997262 ], [ -89.321700714531673, 43.039327245442685 ], [ -89.321640841701793, 43.039245092109546 ], [ -89.321590639188742, 43.039203893190383 ], [ -89.321566221160438, 43.03912195192482 ], [ -89.321510958250627, 43.039080722413345 ], [ -89.321456025116234, 43.039009752677501 ], [ -89.321391826619973, 43.038860649820627 ], [ -89.321286696785251, 43.03874848367397 ], [ -89.321201907483669, 43.03862900040901 ], [ -89.321125516633259, 43.038665725757753 ], [ -89.321078772628795, 43.038769549769682 ], [ -89.321062418640807, 43.038873558160709 ], [ -89.321092027657244, 43.038944376985022 ], [ -89.321100753202799, 43.039070840055601 ], [ -89.321083985898127, 43.039212024363209 ], [ -89.321093127190238, 43.039301310612984 ], [ -89.321102058804428, 43.039409187517023 ], [ -89.321166834709246, 43.039506242258319 ], [ -89.321226878208222, 43.039573149049005 ], [ -89.321423355145896, 43.039670991332073 ], [ -89.321573580112286, 43.039828043127322 ], [ -89.321734516425153, 43.039933105766202 ], [ -89.321890839737918, 43.039997244300714 ], [ -89.32203874269031, 43.040085585462258 ], [ -89.322170080664336, 43.040196041107983 ], [ -89.32228637938033, 43.040311776099323 ], [ -89.322339989519421, 43.040337261787641 ], [ -89.322467044528238, 43.040366779202806 ], [ -89.322794601059286, 43.040429846052291 ], [ -89.323195844155279, 43.040475374159527 ], [ -89.323621499813669, 43.040528235284846 ], [ -89.323758392092714, 43.040554216016631 ], [ -89.323866051532789, 43.040565641903399 ], [ -89.323954234094657, 43.040566165948036 ], [ -89.324052136307614, 43.040573936037909 ], [ -89.324369974641698, 43.040629751359688 ], [ -89.324606269160327, 43.040698500102394 ], [ -89.32473127202519, 43.040743344792425 ], [ -89.324926121103815, 43.040845160823267 ], [ -89.32495041568302, 43.040863282662649 ], [ -89.324979772839683, 43.040867051173819 ], [ -89.32507606134412, 43.040886875064658 ], [ -89.325278738428963, 43.040986202039306 ], [ -89.325517606476723, 43.041267976085514 ], [ -89.325763723571811, 43.041470358990182 ], [ -89.325947403663761, 43.041560226612397 ], [ -89.326188754871211, 43.041617728575538 ], [ -89.326322265227518, 43.041637210912015 ], [ -89.326379522835779, 43.041642222097195 ], [ -89.32654507990938, 43.041643202294154 ], [ -89.326621697744471, 43.041624965355005 ], [ -89.326652222993516, 43.041610963577426 ], [ -89.326775187947248, 43.041565128328308 ], [ -89.327337898796216, 43.04135351659658 ], [ -89.327420882451491, 43.041335316805871 ], [ -89.327909444151956, 43.041212880206835 ], [ -89.328052187541033, 43.041170428093842 ], [ -89.328024764806401, 43.041139702824395 ], [ -89.327962641082493, 43.041108775237547 ], [ -89.327907064781613, 43.041113539605149 ], [ -89.327773719125915, 43.041099098957957 ], [ -89.327741011326026, 43.041066714857152 ], [ -89.327703739485372, 43.040984995644862 ], [ -89.327693974333471, 43.04092635992663 ], [ -89.327719135905554, 43.040851124468247 ], [ -89.32775744416179, 43.040842005610678 ], [ -89.32779564971419, 43.040842231579248 ], [ -89.32785300570373, 43.040837898085648 ], [ -89.328012553576571, 43.04080613426629 ], [ -89.328057176796776, 43.040801724474917 ], [ -89.32814015949522, 43.040783524160759 ], [ -89.328280245168315, 43.040784351279953 ], [ -89.328361683720644, 43.040795321144834 ], [ -89.328489764673435, 43.040824091917564 ], [ -89.328559023061146, 43.040837234422789 ], [ -89.328600410058314, 43.040860401085574 ], [ -89.328627777353503, 43.040896218085159 ], [ -89.328634215130137, 43.04094210006803 ], [ -89.328612724606515, 43.041003097217988 ], [ -89.328400272263053, 43.041073155001044 ], [ -89.328358269615521, 43.041106016796306 ], [ -89.328257473702294, 43.041120702115784 ], [ -89.328080505620932, 43.04111965649814 ], [ -89.328066348424798, 43.041145044098677 ], [ -89.328107455978071, 43.041193676569272 ], [ -89.328135213881268, 43.041193840721355 ], [ -89.328118118058143, 43.041170818092887 ], [ -89.328139105872182, 43.041155658633109 ], [ -89.328204864542826, 43.04117133047756 ], [ -89.328399293322647, 43.041162290111757 ], [ -89.328514081895094, 43.041137499815449 ], [ -89.328952402490231, 43.041145686296751 ], [ -89.329011419189399, 43.041120171330682 ], [ -89.32904277447804, 43.041117480350394 ], [ -89.329150047718059, 43.041224905583888 ], [ -89.329965589948273, 43.040804539745196 ], [ -89.336250520190049, 43.037564631765562 ], [ -89.354228685080685, 43.038603281974709 ], [ -89.3550249633535, 43.038658085779083 ], [ -89.355351394475633, 43.038687049045457 ], [ -89.355595305796101, 43.038713754476923 ], [ -89.355919040753619, 43.038755974947073 ], [ -89.35616055278507, 43.038792591574101 ], [ -89.356246048423415, 43.038806594398132 ], [ -89.356501522229692, 43.038851819791347 ], [ -89.356713141328441, 43.038893197645919 ], [ -89.356881568028172, 43.038928605228548 ], [ -89.357090940866911, 43.038975730991453 ], [ -89.357340290927979, 43.039036632707329 ], [ -89.357669326864411, 43.039125018675897 ], [ -89.357994098426232, 43.039221521177524 ], [ -89.358074580283599, 43.039246901685623 ], [ -89.358009048730267, 43.040901781064981 ], [ -89.359220167996227, 43.040928297535778 ], [ -89.359146734074997, 43.043830907241635 ], [ -89.35432394742972, 43.043825208360424 ], [ -89.354278895141377, 43.044356917399561 ], [ -89.354245174732853, 43.044754883455056 ], [ -89.354209370070123, 43.045059560212351 ], [ -89.354127332216237, 43.045334732718295 ], [ -89.353956726013251, 43.045670983117688 ], [ -89.353716116607359, 43.045983359206744 ], [ -89.353446101006313, 43.046236451344257 ], [ -89.35311448127996, 43.046468583546449 ], [ -89.352817803918953, 43.046626850693407 ], [ -89.352497709801966, 43.046758300309179 ], [ -89.351983542465277, 43.046901276519144 ], [ -89.351443016632402, 43.046975366920257 ], [ -89.350995293682544, 43.046983129690325 ], [ -89.351001102500106, 43.047127196340867 ], [ -89.340469932238463, 43.047171166085192 ], [ -89.337936360524182, 43.049377514964391 ], [ -89.336799990868343, 43.04984758098167 ], [ -89.337798449813917, 43.051892012391399 ], [ -89.338266223816476, 43.05232576865307 ], [ -89.338710495028536, 43.052327348557426 ], [ -89.338770500687204, 43.052373943143458 ], [ -89.338822480388686, 43.052408041071331 ], [ -89.338957727959766, 43.052460109022576 ], [ -89.339088956311883, 43.052542908023725 ], [ -89.339204959500947, 43.052543746545908 ], [ -89.339335752568616, 43.052534576582751 ], [ -89.339487518041764, 43.052507871364959 ], [ -89.339598527039669, 43.052447421236316 ], [ -89.33969806837969, 43.052399845950525 ], [ -89.340154776705461, 43.052228747412116 ], [ -89.340366538645895, 43.052176181687599 ], [ -89.340458088695115, 43.052139755039654 ], [ -89.340609354360879, 43.052035344491465 ], [ -89.340708871505996, 43.051944717117372 ], [ -89.340867902035072, 43.051738010160243 ], [ -89.341326700418378, 43.051395556047218 ], [ -89.341361326306469, 43.051376116622848 ], [ -89.341454229637009, 43.05129943466769 ], [ -89.341561645664754, 43.051266198408797 ], [ -89.342201528482292, 43.051275172668532 ], [ -89.342699188823445, 43.051135663823366 ], [ -89.342757053345295, 43.051104358720842 ], [ -89.342880876072613, 43.050957416759324 ], [ -89.343098510846971, 43.050779376090823 ], [ -89.343163565773878, 43.050748109057785 ], [ -89.34341584700887, 43.050691558400167 ], [ -89.34353088843109, 43.05069222265621 ], [ -89.343783296930866, 43.050646114312201 ], [ -89.343970853674278, 43.050568196310586 ], [ -89.344144634920895, 43.050463690252691 ], [ -89.344231286051894, 43.050422042016983 ], [ -89.344324983487752, 43.050401487111145 ], [ -89.34449732241994, 43.050423575027658 ], [ -89.344611912491217, 43.050466421386112 ], [ -89.344688165780724, 43.050474090691779 ], [ -89.344799892081312, 43.050503774462172 ], [ -89.345019801146151, 43.050515636159034 ], [ -89.345141422403572, 43.050503246289708 ], [ -89.345216142957952, 43.050502992372628 ], [ -89.345415318346269, 43.050560369442309 ], [ -89.345471437672657, 43.050567802380456 ], [ -89.345909280504415, 43.050581694987955 ], [ -89.346077599121941, 43.050608254970811 ], [ -89.346199657231921, 43.050611798853865 ], [ -89.346246196178697, 43.050609223061116 ], [ -89.346283427965943, 43.050611821185207 ], [ -89.346526507098091, 43.050674810613152 ], [ -89.346741366457849, 43.050698793694117 ], [ -89.346785922989213, 43.05070047027737 ], [ -89.346971461078198, 43.050694583355416 ], [ -89.34710898346863, 43.050698477579218 ], [ -89.347449382422397, 43.050729928859141 ], [ -89.34754852979701, 43.050759999567838 ], [ -89.347651976782998, 43.050783882060394 ], [ -89.347850307671834, 43.050840912295101 ], [ -89.347869320243404, 43.050844124531693 ], [ -89.347924357029328, 43.050842887536632 ], [ -89.348309008951432, 43.05085809196234 ], [ -89.348613191547386, 43.050847608315586 ], [ -89.348944118210056, 43.050774978738062 ], [ -89.34898870790667, 43.050761259962947 ], [ -89.349031265762719, 43.050739766550763 ], [ -89.349181981044325, 43.050697154618071 ], [ -89.349262548625802, 43.050683644121946 ], [ -89.349526069157903, 43.050581125021132 ], [ -89.349664613186832, 43.050488762129604 ], [ -89.349860288765171, 43.050392598065372 ], [ -89.350035869131929, 43.05034517075898 ], [ -89.350217078916828, 43.050308303175974 ], [ -89.35037496682159, 43.050304991936486 ], [ -89.350553483522361, 43.050251261333017 ], [ -89.350743704791441, 43.050176543678305 ], [ -89.350962286757252, 43.050133570332463 ], [ -89.351214146527511, 43.0501062574806 ], [ -89.351255494814453, 43.050107672901653 ], [ -89.351459150218602, 43.050139778937897 ], [ -89.351676057583006, 43.050145957112889 ], [ -89.351878239942224, 43.050143154461331 ], [ -89.352101776002399, 43.050160245196359 ], [ -89.352241966383801, 43.050157089752005 ], [ -89.352303935275529, 43.050159421112674 ], [ -89.352360427476981, 43.050169628628424 ], [ -89.352532419682916, 43.050218064749316 ], [ -89.352607614433282, 43.050244199218149 ], [ -89.3527960077693, 43.050270977555925 ], [ -89.35295521169374, 43.050254086347032 ], [ -89.353097437727811, 43.050252609785495 ], [ -89.353196566255789, 43.050299062928907 ], [ -89.353282139712178, 43.050313147188319 ], [ -89.353722691485501, 43.050278258155565 ], [ -89.353885106377177, 43.050255386367361 ], [ -89.354134117722978, 43.050190552546404 ], [ -89.354326468363993, 43.050144014340383 ], [ -89.354508005921659, 43.050065160986193 ], [ -89.35460409818171, 43.050035112857366 ], [ -89.354640439670547, 43.05002921613044 ], [ -89.354694372791897, 43.050012920044459 ], [ -89.354716480708774, 43.050020673108079 ], [ -89.354755148777116, 43.050018510459473 ], [ -89.355149284869455, 43.049846415908512 ], [ -89.355381934713193, 43.049723534501751 ], [ -89.355438800561018, 43.049682456242209 ], [ -89.355581169522864, 43.049559060835385 ], [ -89.355968744470161, 43.049192794018701 ], [ -89.355997436268453, 43.049147417350923 ], [ -89.356134603083007, 43.048982594423059 ], [ -89.356197758002608, 43.0488794498551 ], [ -89.356266424675695, 43.048788757804779 ], [ -89.356284574165102, 43.048672940730007 ], [ -89.356285360936639, 43.048598424944636 ], [ -89.356309500615282, 43.048449520688592 ], [ -89.356338761217856, 43.04835032687167 ], [ -89.35638459880586, 43.048284345727353 ], [ -89.356458689097735, 43.048214384334273 ], [ -89.356704988784671, 43.048079842669274 ], [ -89.357198216392163, 43.047869383859414 ], [ -89.357465571054775, 43.047776552668289 ], [ -89.357876436836023, 43.047659127030975 ], [ -89.358286903855145, 43.047545997704269 ], [ -89.358550929584737, 43.047486345454672 ], [ -89.358671924285588, 43.047485143582115 ], [ -89.358879830467188, 43.047514249531453 ], [ -89.359433870627981, 43.047616820605434 ], [ -89.360085934165625, 43.047776659370285 ], [ -89.360316317849964, 43.047817338585958 ], [ -89.360672180671301, 43.047867682756326 ], [ -89.360884147192948, 43.047926863414411 ], [ -89.361050804491327, 43.04802747748068 ], [ -89.361293780882406, 43.048145853276992 ], [ -89.361457938064788, 43.048188214103249 ], [ -89.36156451722745, 43.048242920647155 ], [ -89.361676017253075, 43.048320859651248 ], [ -89.361911519150141, 43.048330470272603 ], [ -89.362093437822409, 43.048292031562397 ], [ -89.362643133755995, 43.048082444862452 ], [ -89.363214706785726, 43.047833596941246 ], [ -89.363403796952539, 43.047716505807777 ], [ -89.36356481785748, 43.047526750545138 ], [ -89.363652508655008, 43.047459021926706 ], [ -89.363729279606488, 43.047431944585732 ], [ -89.36386534043514, 43.04732817414147 ], [ -89.363898641007822, 43.047298653215563 ], [ -89.363926989337656, 43.047249879169797 ], [ -89.363947717934977, 43.047229158468234 ], [ -89.363956115507165, 43.047180583074898 ], [ -89.363955561319415, 43.047069843536498 ], [ -89.364117251094399, 43.04691547372326 ], [ -89.364324764917555, 43.046715297931428 ], [ -89.364380695339221, 43.046620784385716 ], [ -89.364500495060867, 43.046500800323436 ], [ -89.364569606108034, 43.046404573227449 ], [ -89.364715655745357, 43.046332096310735 ], [ -89.364839767650849, 43.046186204473514 ], [ -89.364885758603407, 43.046129825924318 ], [ -89.364936741707965, 43.046030165506352 ], [ -89.36494245685715, 43.045916927693803 ], [ -89.364970360559042, 43.04585378204596 ], [ -89.365002625033313, 43.045807322957693 ], [ -89.36504844422025, 43.045767598936131 ], [ -89.36511709981913, 43.045714679025807 ], [ -89.365185479014713, 43.045688409308482 ], [ -89.365791476438929, 43.045485234325213 ], [ -89.366114835279376, 43.045395785910166 ], [ -89.366289292887672, 43.045288980914307 ], [ -89.366387112248461, 43.04526287248575 ], [ -89.366559795760324, 43.045184449290204 ], [ -89.366805435831026, 43.045161098254852 ], [ -89.367442032905203, 43.045090817565274 ], [ -89.367554684361139, 43.045094395374953 ], [ -89.367834590273176, 43.04514749830453 ], [ -89.368008690920817, 43.04522298562658 ], [ -89.368240906564793, 43.045284240622848 ], [ -89.368461599672614, 43.045347478969234 ], [ -89.368550560075064, 43.045395903302591 ], [ -89.368648630007215, 43.045427844569971 ], [ -89.368993649822258, 43.045584007699034 ], [ -89.369079853586413, 43.045609454201234 ], [ -89.369958404911856, 43.046161990941592 ], [ -89.370657602482183, 43.046619921741943 ], [ -89.370938310319048, 43.046900400635103 ], [ -89.371009625744335, 43.047133000404315 ], [ -89.37092270372257, 43.047300202216086 ], [ -89.370907041766486, 43.047499765981293 ], [ -89.37085405493049, 43.047717852483764 ], [ -89.370480603344816, 43.048536615696726 ], [ -89.370223217917257, 43.049163075822221 ], [ -89.370148504722465, 43.049400344132884 ], [ -89.370127536398883, 43.049784113902163 ], [ -89.370033139116487, 43.050140431127275 ], [ -89.369940237960691, 43.050213779787569 ], [ -89.369792291319214, 43.050454994604351 ], [ -89.368759085125163, 43.051281249699905 ], [ -89.367966529565138, 43.051696765274436 ], [ -89.367827077500394, 43.051934926562126 ], [ -89.367976119305595, 43.052208664701496 ], [ -89.368126834313799, 43.052302091469784 ], [ -89.368527654412091, 43.052337606751003 ], [ -89.368934463448397, 43.052479273828673 ], [ -89.36917627098785, 43.052537830986815 ], [ -89.369324897522247, 43.052559463642545 ], [ -89.369547613716065, 43.052545090893695 ], [ -89.370043408867687, 43.052443802323957 ], [ -89.370141774278238, 43.052390250326816 ], [ -89.370304694567807, 43.052400513575485 ], [ -89.370450928093788, 43.052379476854327 ], [ -89.370955818151032, 43.052495664875352 ], [ -89.37127086997836, 43.052600399740115 ], [ -89.371475931415105, 43.052648347717508 ], [ -89.371574845507837, 43.0526890547386 ], [ -89.371615581947253, 43.052717762744507 ], [ -89.371715148074671, 43.052758358318933 ], [ -89.371774395823522, 43.052748352777542 ], [ -89.371839042784757, 43.052760850433586 ], [ -89.371998500481098, 43.052831488855517 ], [ -89.372089632078726, 43.052848458018246 ], [ -89.372268488986492, 43.052917721098524 ], [ -89.372338712821332, 43.052971884112516 ], [ -89.372442474992255, 43.052998887480818 ], [ -89.372633216562349, 43.05310437182284 ], [ -89.372656387773333, 43.053137170023469 ], [ -89.372734484122745, 43.053179813946294 ], [ -89.372791565002302, 43.053222708868326 ], [ -89.372806152886994, 43.053263534974491 ], [ -89.372891317179466, 43.053299611068539 ], [ -89.372967283275628, 43.053354356736811 ], [ -89.372987507002506, 43.053381999593448 ], [ -89.373106054095601, 43.05345514904819 ], [ -89.373171959880267, 43.053515713944805 ], [ -89.373333868380385, 43.053628201968642 ], [ -89.373384824374256, 43.053683177894975 ], [ -89.373553326886949, 43.053786885186334 ], [ -89.373551457336632, 43.053822849020385 ], [ -89.373598972732069, 43.053872298536035 ], [ -89.373638289625305, 43.053891603606424 ], [ -89.373685683708317, 43.053903611331691 ], [ -89.373687950109684, 43.053916837548151 ], [ -89.373913129194889, 43.05404250571241 ], [ -89.373938598526195, 43.054102685836618 ], [ -89.374083870290619, 43.054195942205148 ], [ -89.374093988133751, 43.054215951312777 ], [ -89.374170302303185, 43.054269455073381 ], [ -89.374889409288841, 43.054732247160111 ], [ -89.375045730201734, 43.054839064258417 ], [ -89.375260771314359, 43.054928634030482 ], [ -89.375648209730969, 43.055054173517775 ], [ -89.375888818188429, 43.055088846966683 ], [ -89.376151263037343, 43.055149516553975 ], [ -89.376192355258723, 43.055130982816344 ], [ -89.376224684706727, 43.055094576644244 ], [ -89.37630000953186, 43.055086289026043 ], [ -89.376361977531786, 43.055094390529263 ], [ -89.376541520877467, 43.055161974777178 ], [ -89.376541367353582, 43.055176982176945 ], [ -89.376763210402302, 43.055233543161329 ], [ -89.376964308063435, 43.055318129299529 ], [ -89.37720073241492, 43.055448871101461 ], [ -89.377273369447877, 43.055470843334497 ], [ -89.377606453828548, 43.05564995339445 ], [ -89.377605955714131, 43.0556987299193 ], [ -89.377644082618573, 43.055720512932822 ], [ -89.377793348883017, 43.055773578206832 ], [ -89.37810957230856, 43.056016372607438 ], [ -89.378337507396381, 43.056102980198887 ], [ -89.37844928419922, 43.056173006216589 ], [ -89.378589637902024, 43.056323858992407 ], [ -89.378823891954212, 43.056477380055348 ], [ -89.379489269862376, 43.056980705689362 ], [ -89.379739803876802, 43.057233464845439 ], [ -89.379961223389387, 43.05745886389348 ], [ -89.380067849208572, 43.057655934462133 ], [ -89.380114999396824, 43.057746999265994 ], [ -89.380273000560706, 43.057856998851811 ], [ -89.380585355650439, 43.058045592266183 ], [ -89.380802999957282, 43.058176999300372 ], [ -89.381039999434563, 43.058283999334257 ], [ -89.381287999634139, 43.05833699920521 ], [ -89.38170699973908, 43.058324998718824 ], [ -89.38187899946476, 43.058298998750345 ], [ -89.382121000313106, 43.05824299917213 ], [ -89.382346000190765, 43.058216999062317 ], [ -89.382514350556292, 43.058214890157011 ], [ -89.382719066813692, 43.058212326410505 ], [ -89.382899765078747, 43.058213109637911 ], [ -89.383073000052548, 43.058217999006388 ], [ -89.383343000194515, 43.058271999265017 ], [ -89.383528999668016, 43.058337998614668 ], [ -89.383646176344868, 43.058404135597257 ], [ -89.38382099982843, 43.058513999122752 ], [ -89.383943999594351, 43.058612998787595 ], [ -89.385215999779874, 43.059925998886307 ], [ -89.385331999500636, 43.059964999181858 ], [ -89.385376280984005, 43.05994285826938 ], [ -89.385591439160223, 43.060181711658103 ], [ -89.3855399447298, 43.060228372795862 ], [ -89.385539927955392, 43.060256506465784 ], [ -89.385647025377494, 43.060392288251158 ], [ -89.385919681396132, 43.060671014204829 ], [ -89.386231258847801, 43.061042631744137 ], [ -89.386387046051127, 43.061235584766308 ], [ -89.386620654493811, 43.061650044242953 ], [ -89.386747060091039, 43.062107337503328 ], [ -89.386795507013701, 43.062578895635475 ], [ -89.386717300252229, 43.063021836167202 ], [ -89.386521994018949, 43.063757668268806 ], [ -89.386287634168056, 43.064614945936164 ], [ -89.386297320582713, 43.064714973045341 ], [ -89.386394717090241, 43.064793594368467 ], [ -89.386277560782347, 43.065179365625006 ], [ -89.386170356105865, 43.065207910202915 ], [ -89.386092351306274, 43.065293620507582 ], [ -89.386014308442711, 43.065443632374013 ], [ -89.385906841689973, 43.065915141171288 ], [ -89.385965253455538, 43.06600803961399 ], [ -89.385708024036617, 43.066462511171061 ] ], [ [ -89.3880366384426, 43.059354107229254 ], [ -89.387972329142116, 43.059358375197284 ], [ -89.387946327547184, 43.059392185252975 ], [ -89.38779651628542, 43.060130415280447 ], [ -89.387776978613971, 43.060220907736444 ], [ -89.387822422133027, 43.060268551351932 ], [ -89.387770290485733, 43.06056384563513 ], [ -89.387724820081473, 43.060563831935411 ], [ -89.387685827083217, 43.060597161852151 ], [ -89.387516479384885, 43.061411594619557 ], [ -89.387451488641162, 43.06146873153093 ], [ -89.387341042864662, 43.061497276236913 ], [ -89.387295594630444, 43.061459158245952 ], [ -89.387185238314501, 43.061330522062953 ], [ -89.387055418126266, 43.061163774760573 ], [ -89.386123323530086, 43.06011522883599 ], [ -89.386022065126298, 43.059989452202572 ], [ -89.385972703367869, 43.05997991076584 ], [ -89.385933721590078, 43.059993235262851 ], [ -89.385733679998381, 43.059764158870223 ], [ -89.385796000032286, 43.059732999094166 ], [ -89.385497000286577, 43.059416999103206 ], [ -89.384858000114576, 43.058641998956794 ], [ -89.384885000141168, 43.058548999015805 ], [ -89.384960999707104, 43.058440999481476 ], [ -89.385056000328447, 43.058369999487276 ], [ -89.385163999628375, 43.058331998776467 ], [ -89.385668999739096, 43.058364998855119 ], [ -89.385814229277045, 43.058362995619618 ], [ -89.385958999719136, 43.05836099925515 ], [ -89.386167000422788, 43.058346999046059 ], [ -89.386690000490717, 43.058293998848747 ], [ -89.386872999811231, 43.058293998825015 ], [ -89.387369999728278, 43.058313999507909 ], [ -89.387838000455758, 43.058344999406245 ], [ -89.388058999847317, 43.05838399875001 ], [ -89.388114000565906, 43.058442999043493 ], [ -89.38809899980528, 43.05854399895891 ], [ -89.387978000304699, 43.058914998697645 ], [ -89.387982000157464, 43.059054998621889 ], [ -89.388062000472743, 43.059107999111326 ], [ -89.388089838545653, 43.059104604122098 ], [ -89.3880366384426, 43.059354107229254 ] ] ] } },
{ "type": "Feature", "properties": { "OBJECTID": 18, "District_Name": "Downtown", "sequence": 6, "Anticipated_Timing": "early 2026 - mid 2027", "ShapeSTArea": 30270956.214758012, "ShapeSTLength": 26136.244553087086 }, "geometry": { "type": "Polygon", "coordinates": [ [ [ -89.374635858313312, 43.075430669183504 ], [ -89.382988512956246, 43.081809865665321 ], [ -89.383028658822568, 43.081778806118514 ], [ -89.383078875654135, 43.081739227841872 ], [ -89.38354871250489, 43.081456122031419 ], [ -89.383666558024544, 43.081405138636526 ], [ -89.383999091145981, 43.081272981154477 ], [ -89.384340932035684, 43.081138620535882 ], [ -89.38469521343238, 43.081027644909838 ], [ -89.385076525971343, 43.08093009477431 ], [ -89.38590282860082, 43.080705454276782 ], [ -89.386138720040037, 43.080660241173881 ], [ -89.386170588291989, 43.080658856958507 ], [ -89.386488330361814, 43.080648845754958 ], [ -89.386817974078085, 43.080650622381036 ], [ -89.387371035326538, 43.080543328987346 ], [ -89.387561942408055, 43.080508531422197 ], [ -89.387960886273433, 43.080457551865308 ], [ -89.388287727841202, 43.080372981175273 ], [ -89.388519478646245, 43.080299920893829 ], [ -89.388953277228069, 43.080156555403441 ], [ -89.389166403211021, 43.080079830381763 ], [ -89.389668977741124, 43.079888987251479 ], [ -89.390105664435794, 43.079685466210123 ], [ -89.390840107886291, 43.079257598652724 ], [ -89.391703507203388, 43.078865125810545 ], [ -89.391904829888645, 43.078766343631969 ], [ -89.39225382199028, 43.078568044990924 ], [ -89.392728124970347, 43.078406876238603 ], [ -89.393012423982825, 43.078303250205835 ], [ -89.39329882965896, 43.07819842236151 ], [ -89.39369910865102, 43.078011296208899 ], [ -89.39387230658491, 43.077907690698666 ], [ -89.394076685134991, 43.077800532693004 ], [ -89.394167327113919, 43.077763214215643 ], [ -89.394264483305889, 43.07771415722727 ], [ -89.394464867924043, 43.077627768303451 ], [ -89.394712136786353, 43.077555973759139 ], [ -89.394763012095652, 43.077537827317776 ], [ -89.394851150498582, 43.077506844414913 ], [ -89.395046728568389, 43.077446329453508 ], [ -89.39516180957807, 43.077396571175647 ], [ -89.395413526363072, 43.077305375365277 ], [ -89.395644736118911, 43.077255978580446 ], [ -89.395834967993267, 43.077237705518769 ], [ -89.396047666984344, 43.077217292337835 ], [ -89.39615836131486, 43.077192422575678 ], [ -89.396489898621198, 43.077126557915527 ], [ -89.396821104383761, 43.077070913780148 ], [ -89.397152295966194, 43.077033525453707 ], [ -89.397425872113146, 43.077002091377992 ], [ -89.397624958320094, 43.076992301621068 ], [ -89.397843245451824, 43.076995793915465 ], [ -89.39816212171614, 43.07699618722922 ], [ -89.398161993613243, 43.077009777843855 ], [ -89.398274711986787, 43.077011944626676 ], [ -89.398274731071325, 43.076994464647917 ], [ -89.398336610150864, 43.076989119270415 ], [ -89.398417596918875, 43.076975095450273 ], [ -89.398503542137064, 43.076963288651847 ], [ -89.398584889521999, 43.076962832927087 ], [ -89.398666409051543, 43.076971355698475 ], [ -89.398741104632109, 43.076988223658745 ], [ -89.398792893083709, 43.076998975190122 ], [ -89.398895023480122, 43.077011124926813 ], [ -89.398986115684536, 43.077012796943748 ], [ -89.39905711310945, 43.077006747347525 ], [ -89.399140039323711, 43.07699389174126 ], [ -89.399218626943522, 43.076982414159446 ], [ -89.399282448461676, 43.076980221718649 ], [ -89.399337402921219, 43.076983068041393 ], [ -89.399362189684041, 43.076986730109553 ], [ -89.400292377307423, 43.077122869835584 ], [ -89.400297469278144, 43.077102185565309 ], [ -89.400426972613516, 43.077122296977358 ], [ -89.400566005252699, 43.07714314722984 ], [ -89.400618368733618, 43.074958768298103 ], [ -89.400631596261249, 43.073279282044332 ], [ -89.400617897423274, 43.07276650893823 ], [ -89.400627736347047, 43.072502160507476 ], [ -89.400744826580222, 43.072087797695417 ], [ -89.400803165814679, 43.071666267934702 ], [ -89.400852421213571, 43.070951829389514 ], [ -89.40089694705344, 43.069813659970166 ], [ -89.400930944309252, 43.069330022810263 ], [ -89.400936424743662, 43.068251647756547 ], [ -89.400970501731777, 43.067658197832756 ], [ -89.400934938156311, 43.066385136792995 ], [ -89.400837927855548, 43.065134815921063 ], [ -89.400789877830093, 43.063205767686902 ], [ -89.400790152482173, 43.062417391555698 ], [ -89.400790674294257, 43.060919498032355 ], [ -89.400791134723306, 43.059597747427524 ], [ -89.400596467274411, 43.059026143303122 ], [ -89.400117000215459, 43.058491998700063 ], [ -89.399003000080754, 43.058957999131685 ], [ -89.399355352309726, 43.059434905162611 ], [ -89.399441933702036, 43.059584314635238 ], [ -89.399471651323751, 43.059668832290704 ], [ -89.399512173265023, 43.059933998614724 ], [ -89.399499824642788, 43.060391931655232 ], [ -89.399525409794933, 43.060685612090424 ], [ -89.399505385007387, 43.062410850178019 ], [ -89.399453345641135, 43.062513871184308 ], [ -89.399366586708567, 43.062619702562209 ], [ -89.399114089413203, 43.062853185723917 ], [ -89.398911668242647, 43.063012520738276 ], [ -89.398794972229737, 43.063049330074534 ], [ -89.398498675568675, 43.063085189491602 ], [ -89.39829867138603, 43.063084132533945 ], [ -89.398053479076026, 43.063062888053153 ], [ -89.397729297185663, 43.063028052593815 ], [ -89.397644502228189, 43.063042094041684 ], [ -89.397562364451346, 43.0630727078197 ], [ -89.397510934823188, 43.063136602329728 ], [ -89.397460987042052, 43.063337114962977 ], [ -89.397118138020232, 43.06376376887409 ], [ -89.397024280973895, 43.063837787215128 ], [ -89.396593071195852, 43.0640673287241 ], [ -89.395794333002925, 43.064255255305042 ], [ -89.395204784498588, 43.064260232921292 ], [ -89.394762804867199, 43.064228622270342 ], [ -89.394404499323372, 43.064170308891903 ], [ -89.394000531408224, 43.06405255196119 ], [ -89.393015969969269, 43.063611197141299 ], [ -89.392239950189349, 43.063274110820799 ], [ -89.391869939910876, 43.06320635153368 ], [ -89.391407807133547, 43.063232124020296 ], [ -89.391235611601445, 43.063264355260472 ], [ -89.391023483960069, 43.063252258726074 ], [ -89.39018038203406, 43.063698301045996 ], [ -89.389957864096985, 43.063828674424634 ], [ -89.389631955815602, 43.063916078497904 ], [ -89.389435591610521, 43.06391688560381 ], [ -89.389381499388662, 43.063917499265308 ], [ -89.389355000071504, 43.063917999315869 ], [ -89.388941000171982, 43.064417999131081 ], [ -89.38878900051985, 43.064693998748659 ], [ -89.388640999759588, 43.065069999082716 ], [ -89.388331000579242, 43.065535998637493 ], [ -89.388239999803616, 43.065608998883313 ], [ -89.388131000233969, 43.065812999320094 ], [ -89.387686999445705, 43.066262999132356 ], [ -89.387444999844547, 43.066434998692074 ], [ -89.387169000451152, 43.066571999391194 ], [ -89.386876000060241, 43.066636999371021 ], [ -89.386656999543931, 43.066657999346766 ], [ -89.386476000454095, 43.066641999412766 ], [ -89.386324634551727, 43.066590416587815 ], [ -89.386297000584022, 43.066580999130906 ], [ -89.386113087406869, 43.066544000986347 ], [ -89.385964731724329, 43.066514155240988 ], [ -89.385813297594183, 43.06648368995242 ], [ -89.385708024036617, 43.066462511171061 ], [ -89.385627154452479, 43.066485731419526 ], [ -89.385524721279921, 43.066564117460686 ], [ -89.385198680800201, 43.066991643640669 ], [ -89.38506574339597, 43.067165957846242 ], [ -89.384843067039895, 43.067457941072064 ], [ -89.384822442024927, 43.067466163081043 ], [ -89.384561603495584, 43.067828245937164 ], [ -89.384475757983111, 43.067964093692559 ], [ -89.384319784157626, 43.068119858169275 ], [ -89.384081096720962, 43.068310660225286 ], [ -89.38385003944876, 43.068548227413508 ], [ -89.382802671257267, 43.069341176697968 ], [ -89.382516873167148, 43.069524210226938 ], [ -89.382279473456379, 43.069753068897583 ], [ -89.381576285304348, 43.070298142576718 ], [ -89.381260535780797, 43.070464758817771 ], [ -89.381216595449217, 43.07049381011489 ], [ -89.380940636136472, 43.070708038074557 ], [ -89.380898161934596, 43.070739950305011 ], [ -89.380845200659806, 43.070771372672738 ], [ -89.380755891247972, 43.070807639708171 ], [ -89.380558208954753, 43.070858414738069 ], [ -89.380490813274392, 43.070876518259674 ], [ -89.380384054902464, 43.070919875953635 ], [ -89.380294221435946, 43.070976760198889 ], [ -89.379817216953711, 43.071343587087284 ], [ -89.379760607614529, 43.071382945607361 ], [ -89.379691834323211, 43.071444374606983 ], [ -89.379289931975819, 43.071756900537906 ], [ -89.379217847024108, 43.071826394729776 ], [ -89.378699308401394, 43.072422896760933 ], [ -89.378650609901584, 43.072469832099209 ], [ -89.377630535735591, 43.073237020801216 ], [ -89.377504901273582, 43.07331255341267 ], [ -89.377431733530599, 43.073381664395335 ], [ -89.377276676184906, 43.073567394716299 ], [ -89.377222470605076, 43.073664192966433 ], [ -89.377165228712983, 43.073832780385374 ], [ -89.377036237560787, 43.073979249145893 ], [ -89.376862471768746, 43.074116816007503 ], [ -89.376768968674668, 43.074205776560454 ], [ -89.376542006131004, 43.074378830839471 ], [ -89.376276906730709, 43.074580960675753 ], [ -89.37624944228817, 43.074593321557032 ], [ -89.376169598045024, 43.074676051188526 ], [ -89.37601034395172, 43.074731499922564 ], [ -89.375427762816244, 43.075070999711777 ], [ -89.375385890263388, 43.075100016290605 ], [ -89.375208909604524, 43.07514882559537 ], [ -89.375168122714427, 43.075154825119121 ], [ -89.375118647227353, 43.075180688115054 ], [ -89.375113256813478, 43.075190629328702 ], [ -89.374895261313384, 43.075319151436176 ], [ -89.37471402682516, 43.075419898627764 ], [ -89.374635858313312, 43.075430669183504 ] ] ] } },
{ "type": "Feature", "properties": { "OBJECTID": 19, "District_Name": "North", "sequence": 5, "Anticipated_Timing": "early 2026 - mid 2027", "ShapeSTArea": 245265287.59169063, "ShapeSTLength": 99606.035150471726 }, "geometry": { "type": "Polygon", "coordinates": [ [ [ -89.341635530023112, 43.179709174768504 ], [ -89.341758197018436, 43.179713086285432 ], [ -89.34190991753799, 43.179716723699386 ], [ -89.342371094552121, 43.179727779339558 ], [ -89.342989499788345, 43.17974260163551 ], [ -89.34399443953339, 43.179767159280416 ], [ -89.349141162560599, 43.179795570656253 ], [ -89.349115326093482, 43.176203433441025 ], [ -89.361920013186861, 43.176186884905469 ], [ -89.362139699353065, 43.166253772578322 ], [ -89.372026224048085, 43.166440689855357 ], [ -89.371963775403842, 43.170077917391076 ], [ -89.378455927454979, 43.170175283424946 ], [ -89.378462848846382, 43.169694834487586 ], [ -89.380532866545224, 43.167491880439115 ], [ -89.381388026906137, 43.16657883253459 ], [ -89.38302632989469, 43.164820359240679 ], [ -89.384702507656684, 43.163019224594244 ], [ -89.38568242897415, 43.161902505616162 ], [ -89.386798588461559, 43.160627603673326 ], [ -89.384215438301368, 43.159135050504887 ], [ -89.38422287834878, 43.159090837944206 ], [ -89.38424942134877, 43.159046387789601 ], [ -89.384281542958504, 43.159023203157105 ], [ -89.384281710566142, 43.159006639791045 ], [ -89.384312484143948, 43.159002134232168 ], [ -89.38435674860537, 43.158982415333192 ], [ -89.384379673280662, 43.158951536380883 ], [ -89.384383438060397, 43.158923526881303 ], [ -89.384398092552033, 43.15890746784568 ], [ -89.384437531941785, 43.158906406149747 ], [ -89.384464377407184, 43.158889561746818 ], [ -89.384509109546826, 43.158880884323878 ], [ -89.384515092425346, 43.158862656807287 ], [ -89.384452688835282, 43.15884108544865 ], [ -89.384363994328638, 43.158724665785101 ], [ -89.38437536551028, 43.158689476993288 ], [ -89.38443788021803, 43.158700007949889 ], [ -89.384471918673725, 43.158716326064095 ], [ -89.384526208968992, 43.158737430299119 ], [ -89.384579591307585, 43.15873347125514 ], [ -89.384653354275187, 43.158720704305523 ], [ -89.384688898528609, 43.158703482863352 ], [ -89.384737780825134, 43.158685486296875 ], [ -89.38475854023649, 43.158696639776615 ], [ -89.384780931839501, 43.158718845068364 ], [ -89.384774400052279, 43.158734097628589 ], [ -89.384748959531265, 43.15875583454315 ], [ -89.384820501079787, 43.158791045058905 ], [ -89.384857843036187, 43.158767462328122 ], [ -89.384893852415814, 43.158761711697707 ], [ -89.384887865712258, 43.158780364974852 ], [ -89.384922769701305, 43.158768664392554 ], [ -89.384975188898991, 43.158745163036876 ], [ -89.385009974993693, 43.158745351654154 ], [ -89.385043316680608, 43.158773559536762 ], [ -89.385089709740328, 43.158772962517311 ], [ -89.385125825360916, 43.158756167766732 ], [ -89.385117516627403, 43.158660142771105 ], [ -89.385164095464006, 43.158640858150875 ], [ -89.385176102688675, 43.158600153744416 ], [ -89.385244642235222, 43.158587784364563 ], [ -89.385330009329721, 43.15863156336237 ], [ -89.385369452469064, 43.158630077405412 ], [ -89.385427844446909, 43.158591911725594 ], [ -89.385460399939163, 43.15855547670175 ], [ -89.385458228441095, 43.158518852316476 ], [ -89.385474152322459, 43.15845191786341 ], [ -89.385479628489875, 43.158412855790559 ], [ -89.385502769884752, 43.158386296203169 ], [ -89.385560720026135, 43.158352475938315 ], [ -89.385603917679447, 43.158353331330993 ], [ -89.385633747147239, 43.158335495708599 ], [ -89.385681608746154, 43.158294178026367 ], [ -89.385673298415568, 43.15827799989065 ], [ -89.385672744060415, 43.158248829653928 ], [ -89.385727468788787, 43.158198862492092 ], [ -89.385749003301314, 43.158163607489577 ], [ -89.385838481541427, 43.158111960962941 ], [ -89.385889035962549, 43.158055144526941 ], [ -89.385942738220038, 43.15802254323976 ], [ -89.386047348090798, 43.157982151541333 ], [ -89.386029746764763, 43.157963440349221 ], [ -89.386035880405061, 43.157942996780235 ], [ -89.386081736700987, 43.157932074276893 ], [ -89.386114658895892, 43.15794404142693 ], [ -89.38615962236797, 43.157941846767336 ], [ -89.387870375193216, 43.15897253135654 ], [ -89.389203060049212, 43.157787041535578 ], [ -89.392259492537718, 43.156485693735377 ], [ -89.392234859816512, 43.157066192163569 ], [ -89.397481161715163, 43.157009021875638 ], [ -89.402246207395621, 43.155924143216751 ], [ -89.404228288556482, 43.156779543966842 ], [ -89.404733162329393, 43.156710512432198 ], [ -89.404123165559596, 43.154319539157001 ], [ -89.403987650722868, 43.153795746915698 ], [ -89.403924972411431, 43.153592936069799 ], [ -89.403793063797437, 43.153242578667417 ], [ -89.403699448824298, 43.153032966123128 ], [ -89.403514428942117, 43.152673674478869 ], [ -89.40329888066907, 43.152323601587327 ], [ -89.40311828462842, 43.15206772574421 ], [ -89.402666322955781, 43.151528235856446 ], [ -89.402050248342135, 43.15093584499747 ], [ -89.401836943954422, 43.150739378011785 ], [ -89.399661294185094, 43.152007329566935 ], [ -89.397444230300394, 43.152018561099545 ], [ -89.392416072208761, 43.152064063834999 ], [ -89.392481523510995, 43.150169954070357 ], [ -89.392540519522981, 43.148397856282195 ], [ -89.397971511404236, 43.148373250465781 ], [ -89.400147323837487, 43.148365484159235 ], [ -89.397768992886341, 43.146177894666337 ], [ -89.397767624023459, 43.146124093271517 ], [ -89.397732075407021, 43.14472730451385 ], [ -89.402730703623334, 43.144718808406921 ], [ -89.402819339118423, 43.141070951936662 ], [ -89.410150821312357, 43.141021962459405 ], [ -89.409613698302266, 43.140605606979229 ], [ -89.409532765454372, 43.140518316185677 ], [ -89.409463833388358, 43.140458048313569 ], [ -89.409411288846002, 43.140394869537019 ], [ -89.409371068911241, 43.140325761416456 ], [ -89.409347290527734, 43.140247755925792 ], [ -89.409323308684989, 43.140190714435406 ], [ -89.409183041665884, 43.139896424460694 ], [ -89.409146677875555, 43.139851304131312 ], [ -89.409147083805863, 43.139809367115163 ], [ -89.409254176755283, 43.139729044320532 ], [ -89.40925204409919, 43.13966564073322 ], [ -89.409251003430583, 43.139634666666161 ], [ -89.409218553128213, 43.139607537829669 ], [ -89.409177782261338, 43.139595344155609 ], [ -89.409132890782573, 43.139586125698884 ], [ -89.409039574084716, 43.139510752135941 ], [ -89.409007272197627, 43.13946864663275 ], [ -89.40892622112159, 43.139393336496092 ], [ -89.408922394591571, 43.139366359407667 ], [ -89.408926801934228, 43.139333429169007 ], [ -89.408935386495173, 43.139291538102732 ], [ -89.408910174614121, 43.139128815717569 ], [ -89.408908446450795, 43.139117656180979 ], [ -89.408888120891106, 43.139105569187279 ], [ -89.408888237798152, 43.139093587181293 ], [ -89.408908823620166, 43.139078715561297 ], [ -89.408897311517563, 43.139000770788741 ], [ -89.40893826035213, 43.13899499425537 ], [ -89.408939167884043, 43.138947412816364 ], [ -89.408906535946798, 43.138892980486638 ], [ -89.408910970952803, 43.138857056543884 ], [ -89.4089397111143, 43.138845223674117 ], [ -89.408956877612823, 43.138761438830024 ], [ -89.409030474737534, 43.138761819965609 ], [ -89.409059036449491, 43.138767958275487 ], [ -89.409099751383749, 43.13878614389769 ], [ -89.409140521698191, 43.138798337601479 ], [ -89.409181465459369, 43.138792557379979 ], [ -89.409206287294609, 43.138762732064677 ], [ -89.409214815007999, 43.138726830176367 ], [ -89.409243869283927, 43.138682049409525 ], [ -89.40924874374852, 43.138601192924511 ], [ -89.409244942341005, 43.138571219440252 ], [ -89.409118252335389, 43.138564569544059 ], [ -89.409122629377919, 43.138534638394859 ], [ -89.40926988088799, 43.138529410302027 ], [ -89.409278697533509, 43.138463553387467 ], [ -89.409237986446939, 43.138445369628293 ], [ -89.409197110881692, 43.138443657514571 ], [ -89.409168549306699, 43.138437519238686 ], [ -89.4091686950633, 43.138422541728886 ], [ -89.409176985365491, 43.138410602956284 ], [ -89.40920154691446, 43.138407733557543 ], [ -89.40928740870973, 43.138408178927769 ], [ -89.409311999150518, 43.138402316703612 ], [ -89.409348971493515, 43.138384534151015 ], [ -89.409377971406983, 43.138345742551543 ], [ -89.409394818101347, 43.138294905456668 ], [ -89.40941566971857, 43.138253076924919 ], [ -89.409416191027915, 43.138199158786016 ], [ -89.409400094395394, 43.138172115528512 ], [ -89.409359383465826, 43.138153932711539 ], [ -89.409241071266138, 43.138126358557066 ], [ -89.409175885700279, 43.138102055875208 ], [ -89.408914357029545, 43.138085720633036 ], [ -89.408710009062915, 43.138075674192606 ], [ -89.408636471854152, 43.138069300046965 ], [ -89.408637342248298, 43.137979440384932 ], [ -89.408747766068018, 43.137977016876462 ], [ -89.408755682819788, 43.138004018761379 ], [ -89.408902904171185, 43.138001786641823 ], [ -89.408927290837795, 43.138016891214619 ], [ -89.409331981592473, 43.138027977087091 ], [ -89.409470878981665, 43.138040679424222 ], [ -89.409483145230539, 43.138040742895122 ], [ -89.409536470251282, 43.138023047606566 ], [ -89.409577762540835, 43.137981323014955 ], [ -89.409606848771077, 43.137933545747444 ], [ -89.409607457790429, 43.13787064199726 ], [ -89.409595452764364, 43.137843619017914 ], [ -89.409546679251605, 43.137813412850726 ], [ -89.409510199644672, 43.137780270127543 ], [ -89.409469604504011, 43.137750106238556 ], [ -89.409431198268592, 43.137702818331761 ], [ -89.409408912893539, 43.137683888709823 ], [ -89.409396936884747, 43.137653872906455 ], [ -89.40939795186037, 43.137549032118322 ], [ -89.409394121551429, 43.137522052335207 ], [ -89.409382058897634, 43.137501022136981 ], [ -89.409398647770885, 43.137477143656817 ], [ -89.409402966812479, 43.137453201695571 ], [ -89.409399082406779, 43.137432213817881 ], [ -89.409382928194105, 43.137411158858932 ], [ -89.409387164240982, 43.137396205206507 ], [ -89.409415842154701, 43.137390361418653 ], [ -89.409440228704597, 43.137405466784188 ], [ -89.409452349141588, 43.137420507771502 ], [ -89.409472706832275, 43.137429599166893 ], [ -89.409525973550799, 43.137417893086237 ], [ -89.409571207670894, 43.137391167160466 ], [ -89.409575762636379, 43.137343262971235 ], [ -89.409576110486839, 43.137307317838506 ], [ -89.409544124685127, 43.137232263737701 ], [ -89.409519998167994, 43.137190202468922 ], [ -89.409499818798736, 43.137163137165096 ], [ -89.409479809098428, 43.137118098840169 ], [ -89.40944724445832, 43.137102954766704 ], [ -89.40939821033507, 43.137099703557006 ], [ -89.409361413381419, 43.137099513113228 ], [ -89.409337054639977, 43.137081412227047 ], [ -89.409330125430841, 43.137068455523703 ], [ -89.409333373786779, 43.137039457626031 ], [ -89.409305103061925, 43.137003364354037 ], [ -89.409289006791738, 43.136976320174469 ], [ -89.40926473604955, 43.136949234564149 ], [ -89.409240263019583, 43.136943117468732 ], [ -89.409203464931124, 43.136942926974086 ], [ -89.409154518893658, 43.136930690951637 ], [ -89.409134280728964, 43.136909614787513 ], [ -89.409134426489757, 43.136894639973512 ], [ -89.409154982610417, 43.13688276200557 ], [ -89.409208281504874, 43.136868063269212 ], [ -89.40923298694392, 43.136850216348229 ], [ -89.409269987275309, 43.13682944011294 ], [ -89.40927439424901, 43.136796513444899 ], [ -89.409270596628375, 43.136766537251042 ], [ -89.409242206774508, 43.136742425073116 ], [ -89.40917719610205, 43.136700149367293 ], [ -89.40917389236715, 43.136619254118649 ], [ -89.409186477502288, 43.136586368887897 ], [ -89.409227361981308, 43.136586581453848 ], [ -89.409260187623502, 43.136574769663945 ], [ -89.40926050675445, 43.136541818229766 ], [ -89.409223912448638, 43.136520660119999 ], [ -89.409183488016978, 43.136472522202737 ], [ -89.409127179779517, 43.136376373344461 ], [ -89.409107199515631, 43.136328341244436 ], [ -89.409050538462068, 43.136268136583936 ], [ -89.408969495242204, 43.136192824630825 ], [ -89.408953433162594, 43.136162787597399 ], [ -89.408913851453192, 43.136027782686 ], [ -89.408881870813588, 43.13595272838193 ], [ -89.408643491861639, 43.135657928283088 ], [ -89.408470765477944, 43.135339503647494 ], [ -89.408318640571196, 43.135004713054386 ], [ -89.408259031369511, 43.1348276657396 ], [ -89.408144141619999, 43.13437047584258 ], [ -89.408216119745049, 43.134106845779748 ], [ -89.40830430989385, 43.133953204435826 ], [ -89.40834182855221, 43.133878510308804 ], [ -89.408389279888027, 43.133782006325504 ], [ -89.408411215629457, 43.133752157402526 ], [ -89.408447699442476, 43.133670986047015 ], [ -89.408479932945113, 43.133618848455306 ], [ -89.40854392177296, 43.133563970267602 ], [ -89.40862413099704, 43.133480188396192 ], [ -89.408696888597987, 43.133418872799638 ], [ -89.408765343882024, 43.133304652806387 ], [ -89.40880719035988, 43.133206159676149 ], [ -89.408906726922311, 43.133111488741498 ], [ -89.408974366852163, 43.133081875433689 ], [ -89.409169501813281, 43.13305115876809 ], [ -89.409290204985453, 43.133005955401124 ], [ -89.409295257607184, 43.1329813042328 ], [ -89.409225981737023, 43.132931589675763 ], [ -89.409164307827609, 43.132861701265057 ], [ -89.409087623890699, 43.132708573224683 ], [ -89.409041555178234, 43.132309750326741 ], [ -89.40899576635033, 43.132194965213039 ], [ -89.408986306259706, 43.132095643376203 ], [ -89.409002789583894, 43.132007908728546 ], [ -89.409035053533827, 43.131904986827301 ], [ -89.409124118263875, 43.131855810569483 ], [ -89.409247308114359, 43.131826414053059 ], [ -89.409366912296605, 43.131817870353942 ], [ -89.409442240079841, 43.131788734674302 ], [ -89.409500710047482, 43.131712673430663 ], [ -89.409820602684277, 43.131366381546449 ], [ -89.409899354363333, 43.131051303489158 ], [ -89.40977998756567, 43.130999836768481 ], [ -89.409731220744519, 43.13082392987657 ], [ -89.409779315665787, 43.130743284070896 ], [ -89.409754708268892, 43.130678442289806 ], [ -89.409736117827123, 43.130643677769577 ], [ -89.409576661507458, 43.130497241231858 ], [ -89.409273355275559, 43.130313122099842 ], [ -89.409099594440278, 43.130249774472119 ], [ -89.408904974305202, 43.130151692261293 ], [ -89.408736590697544, 43.130021858421287 ], [ -89.408431668691748, 43.129841837677759 ], [ -89.408313089397467, 43.129709481730188 ], [ -89.40791502135103, 43.129448550566664 ], [ -89.407698170855326, 43.129366530177087 ], [ -89.407509886410054, 43.129266165545303 ], [ -89.407387657921745, 43.129184637328144 ], [ -89.407035767358479, 43.129041819307645 ], [ -89.406944856433341, 43.128983563976334 ], [ -89.406768988419813, 43.128904066639791 ], [ -89.406316233590218, 43.128753787176734 ], [ -89.406027045637572, 43.128650583346882 ], [ -89.405775366245706, 43.128582244796249 ], [ -89.405611982687915, 43.128516674615049 ], [ -89.405419941533509, 43.128478694166063 ], [ -89.405271881198743, 43.12845943105463 ], [ -89.405178321008037, 43.128453808689684 ], [ -89.405032605386282, 43.128413111691295 ], [ -89.404533202128221, 43.12819555326643 ], [ -89.404360245784389, 43.128141490212258 ], [ -89.404196796514086, 43.128082854117309 ], [ -89.404083541663894, 43.12805221415686 ], [ -89.403970583407897, 43.127991531708446 ], [ -89.403829032936741, 43.127951499907937 ], [ -89.403696628050881, 43.127943872780641 ], [ -89.403545099184555, 43.127956946336347 ], [ -89.403447072202198, 43.127981856602865 ], [ -89.403390186205868, 43.127993115536434 ], [ -89.403270532747698, 43.127971685277146 ], [ -89.403122449011931, 43.1279547317219 ], [ -89.403017033661015, 43.127932950734063 ], [ -89.402967829500952, 43.127939886696076 ], [ -89.402923354548449, 43.127964864009435 ], [ -89.402881443949383, 43.127979048716377 ], [ -89.402809886363542, 43.128009283356725 ], [ -89.402780363798158, 43.128012731108832 ], [ -89.402738663978113, 43.128005309953068 ], [ -89.40270203353694, 43.12798170776378 ], [ -89.402392821730331, 43.127940473573204 ], [ -89.40230891987153, 43.127936414898059 ], [ -89.402225804496084, 43.1279323941027 ], [ -89.402148361829447, 43.12793535266686 ], [ -89.402067538457459, 43.127938441097477 ], [ -89.401976203084914, 43.127941930855471 ], [ -89.401935739163292, 43.127943476358084 ], [ -89.401888984028787, 43.127950432992506 ], [ -89.401834817539353, 43.127960950859524 ], [ -89.401778232562506, 43.127967856193692 ], [ -89.401714330160956, 43.127969320924642 ], [ -89.401667662785414, 43.127967275648516 ], [ -89.401621048837143, 43.12795982800138 ], [ -89.401400857776125, 43.127861439463366 ], [ -89.40124266056938, 43.127705753809984 ], [ -89.401068186799165, 43.127456353476923 ], [ -89.401017559555811, 43.127357052982106 ], [ -89.400879823641446, 43.127174193168102 ], [ -89.400755638850541, 43.126988882966721 ], [ -89.400724626181059, 43.126939257682032 ], [ -89.400636827923265, 43.126714567861718 ], [ -89.400597915307642, 43.126552787560797 ], [ -89.400599535188746, 43.126387921277299 ], [ -89.400628477743723, 43.126190227417638 ], [ -89.400670466506057, 43.126038763922338 ], [ -89.400689339536214, 43.125949832791122 ], [ -89.400766518909677, 43.125880991887207 ], [ -89.400869831108821, 43.125761223087785 ], [ -89.400914958560762, 43.125748271037956 ], [ -89.401064166724154, 43.125676512600677 ], [ -89.40113648637012, 43.12564391823134 ], [ -89.401421789569682, 43.125460758960877 ], [ -89.401498737306753, 43.125414999526598 ], [ -89.401584717928628, 43.125365988728213 ], [ -89.401652507597845, 43.125336667757175 ], [ -89.40186529339644, 43.125205887001727 ], [ -89.401906047515098, 43.125179722202148 ], [ -89.402161363688052, 43.125073423786787 ], [ -89.402360998376054, 43.125028510577401 ], [ -89.402497635082597, 43.125013003964177 ], [ -89.402670467640391, 43.125067985239561 ], [ -89.402855774988069, 43.125167642732322 ], [ -89.402912750456792, 43.125188220400574 ], [ -89.402988355970834, 43.125189966701939 ], [ -89.403025014483433, 43.125213141272667 ], [ -89.403023282935564, 43.125248957525088 ], [ -89.403066456174301, 43.125313397085272 ], [ -89.403135304956578, 43.125392841876689 ], [ -89.403142425211939, 43.125419241020445 ], [ -89.403127486589398, 43.125438090100317 ], [ -89.403089577703781, 43.125448028913425 ], [ -89.403029705047089, 43.125440954959387 ], [ -89.402994591349994, 43.125448206528695 ], [ -89.402988856195435, 43.125468455880984 ], [ -89.403008921964002, 43.125491543059454 ], [ -89.403042922389986, 43.125503887246111 ], [ -89.403104365916178, 43.1255058633229 ], [ -89.403167430375461, 43.125499598375598 ], [ -89.40322608883227, 43.125483418127537 ], [ -89.403287805464359, 43.12545244891016 ], [ -89.403347934905952, 43.125447786445754 ], [ -89.403605136379014, 43.125376587895765 ], [ -89.403790464617259, 43.125291826308846 ], [ -89.403831318011413, 43.125255767007054 ], [ -89.403863170206606, 43.125219661243484 ], [ -89.40386352388461, 43.125183390209948 ], [ -89.40383668635657, 43.125166762068211 ], [ -89.403787971153179, 43.125144908055596 ], [ -89.403707586808807, 43.125081835400174 ], [ -89.403675862685802, 43.12510475026356 ], [ -89.403648832482048, 43.12510790701424 ], [ -89.403608332907609, 43.125107694318565 ], [ -89.403563561577016, 43.125084376398 ], [ -89.403563948380935, 43.125044810125388 ], [ -89.403568963244538, 43.124992076229624 ], [ -89.40354678443552, 43.124958985156759 ], [ -89.403524256689053, 43.124962165114432 ], [ -89.403501659346617, 43.124971938245551 ], [ -89.403461225773469, 43.124965133219497 ], [ -89.403434548321073, 43.124932018885424 ], [ -89.403435096307987, 43.124875963814489 ], [ -89.403336682448426, 43.124816094072109 ], [ -89.403314601489811, 43.124773112734943 ], [ -89.403278992737725, 43.124733355094136 ], [ -89.403220818482708, 43.124700075278817 ], [ -89.403158304315397, 43.124650285184501 ], [ -89.403100194925088, 43.124610413028535 ], [ -89.403051212433283, 43.124557395595232 ], [ -89.403080403904752, 43.12433332112861 ], [ -89.403054502415415, 43.124221071447707 ], [ -89.40289798117945, 43.1241213264083 ], [ -89.402811879982011, 43.124024021562171 ], [ -89.402787621945805, 43.123962527508901 ], [ -89.402756315067194, 43.123883166280592 ], [ -89.402777249212548, 43.123583207105682 ], [ -89.402750735237376, 43.123533606503109 ], [ -89.402670354064995, 43.123470533100296 ], [ -89.402625777367064, 43.123427432564839 ], [ -89.402531961768972, 43.123357693365676 ], [ -89.40243741965962, 43.123274268928064 ], [ -89.402225103114361, 43.123135221477789 ], [ -89.402193638712134, 43.123131757817504 ], [ -89.402068424528125, 43.12305196138545 ], [ -89.40193828754181, 43.123015005738708 ], [ -89.401641797841322, 43.12296398590226 ], [ -89.401461748520447, 43.122969635706319 ], [ -89.40139875138577, 43.122969304737332 ], [ -89.401349160577496, 43.12297893482247 ], [ -89.401286163433895, 43.122978603791552 ], [ -89.401132918022455, 43.123004179765168 ], [ -89.401051922892265, 43.123003753480582 ], [ -89.400943318903956, 43.12302620331382 ], [ -89.40089278644632, 43.123036649412022 ], [ -89.400819580035517, 43.123051782545616 ], [ -89.400740801875415, 43.123068066708463 ], [ -89.400605617761926, 43.123087137679377 ], [ -89.400388891240624, 43.123161840414134 ], [ -89.400153191849782, 43.123335364948261 ], [ -89.400098709246052, 43.123384540095714 ], [ -89.400025677386495, 43.123489673190804 ], [ -89.399945653081062, 43.123619501666212 ], [ -89.399904004848366, 43.123736340204388 ], [ -89.399840148133009, 43.123823387566652 ], [ -89.399742514020943, 43.123913552495111 ], [ -89.399717134197161, 43.123977719733396 ], [ -89.399754821604603, 43.124021377203789 ], [ -89.399688101276723, 43.12418212093182 ], [ -89.399630139225835, 43.12428026299051 ], [ -89.399596895631348, 43.1243487013937 ], [ -89.399538199184192, 43.124521420562054 ], [ -89.399508499067451, 43.124643579058336 ], [ -89.399507999858116, 43.124694289364278 ], [ -89.399556472140716, 43.124733328848691 ], [ -89.39963376246665, 43.124739704181899 ], [ -89.399820586405241, 43.124785436851106 ], [ -89.399893481711757, 43.12482460247876 ], [ -89.399941720816543, 43.124887505049109 ], [ -89.400105372224743, 43.125203208764155 ], [ -89.400112899589587, 43.125265897268228 ], [ -89.400097048492825, 43.125635736541149 ], [ -89.400158525930692, 43.125991749062074 ], [ -89.400178376839875, 43.12605978648326 ], [ -89.400237552667306, 43.126146845037916 ], [ -89.40023705527102, 43.126197569734082 ], [ -89.400173578771444, 43.126380161378599 ], [ -89.400063540939385, 43.12653450354005 ], [ -89.400004802819012, 43.126609601392119 ], [ -89.399899166386376, 43.126732224937093 ], [ -89.399808673745284, 43.126801667504488 ], [ -89.399551129288042, 43.126925072784381 ], [ -89.399351997601343, 43.127006281063473 ], [ -89.399018277921485, 43.12711266983635 ], [ -89.398885183353826, 43.127138016440817 ], [ -89.398840224510593, 43.127143263819981 ], [ -89.398770943982612, 43.127148380191592 ], [ -89.398662427911248, 43.127147807966779 ], [ -89.398610110428606, 43.12714067745307 ], [ -89.398360301824539, 43.127048186960039 ], [ -89.398351083311567, 43.127034428006439 ], [ -89.398299046289523, 43.126998508810139 ], [ -89.398271090289626, 43.126987391310699 ], [ -89.3982469989637, 43.126963957730275 ], [ -89.398252879924755, 43.126936567307453 ], [ -89.398281295218112, 43.126901073551387 ], [ -89.398300236094315, 43.126877864990014 ], [ -89.398258217275043, 43.126774817070491 ], [ -89.398250774466504, 43.126770664280578 ], [ -89.398265986269735, 43.126746066999196 ], [ -89.39827001216311, 43.126717298142736 ], [ -89.398262744662759, 43.126695322632663 ], [ -89.398197598027267, 43.126660703080802 ], [ -89.398194031486682, 43.12664286337327 ], [ -89.398201813319019, 43.126612742465419 ], [ -89.398150320485286, 43.126521983295326 ], [ -89.398084985916583, 43.126506558140044 ], [ -89.398051849393724, 43.126451542817151 ], [ -89.398011081981664, 43.126411566439977 ], [ -89.397982825623529, 43.126430612750923 ], [ -89.397948759725594, 43.12647018986479 ], [ -89.397906516355832, 43.126589016695071 ], [ -89.397904363071675, 43.126617799438471 ], [ -89.397958309575046, 43.126649615693594 ], [ -89.397956645480676, 43.126818239815037 ], [ -89.397948106921007, 43.126925134043773 ], [ -89.397943376825367, 43.127025191064675 ], [ -89.397935446305098, 43.127070394792085 ], [ -89.397918189787035, 43.127112801749128 ], [ -89.397861165383119, 43.127202987129024 ], [ -89.397827138704727, 43.127238455281464 ], [ -89.397767981344643, 43.127274601232493 ], [ -89.397697114058232, 43.127307558314492 ], [ -89.397543912555605, 43.127367615667204 ], [ -89.39747220331266, 43.127391299662897 ], [ -89.397258649230125, 43.127499166454648 ], [ -89.397245313498161, 43.12751729773494 ], [ -89.397099572809836, 43.127604289620344 ], [ -89.397006001710309, 43.127690140695115 ], [ -89.396980553735816, 43.127723979511401 ], [ -89.396934757368143, 43.12775029444937 ], [ -89.396917232683364, 43.127764359042885 ], [ -89.396676555730437, 43.127879157568998 ], [ -89.396612672728708, 43.127892974143222 ], [ -89.396546674483091, 43.127925180020164 ], [ -89.396480801934018, 43.12794464866257 ], [ -89.396395724248379, 43.127952689850858 ], [ -89.396070686579236, 43.128003342681843 ], [ -89.395933497415783, 43.128006863049173 ], [ -89.395898938090141, 43.127985445486559 ], [ -89.395876010729381, 43.127959845154081 ], [ -89.395860919895483, 43.127922959446735 ], [ -89.395853472745856, 43.127894609284461 ], [ -89.395834337175287, 43.127876105253939 ], [ -89.395807309832705, 43.127874549063513 ], [ -89.395772527053282, 43.127875777766086 ], [ -89.395737561839823, 43.127895410630053 ], [ -89.395675228920226, 43.127947455815509 ], [ -89.395605311230483, 43.127985302928288 ], [ -89.395556782130271, 43.12800910811832 ], [ -89.39539664048209, 43.1280477360486 ], [ -89.395342301705341, 43.12807292863129 ], [ -89.395187301907399, 43.128118815829517 ], [ -89.395066977833451, 43.12817480019185 ], [ -89.394980561284541, 43.128205246940588 ], [ -89.39490886545228, 43.128227513484255 ], [ -89.394111847815665, 43.128386238488623 ], [ -89.393560036625246, 43.128493527010022 ], [ -89.393376286551629, 43.128516610589273 ], [ -89.393211814410151, 43.128544045309049 ], [ -89.393175534401379, 43.128558283695483 ], [ -89.39314617094071, 43.128561406771304 ], [ -89.392935750044998, 43.128604591859755 ], [ -89.392471755446863, 43.128684202576387 ], [ -89.392306211308366, 43.128708178457742 ], [ -89.391944335752257, 43.12874970280258 ], [ -89.391666388889746, 43.12880799196072 ], [ -89.391438050842936, 43.128876411736854 ], [ -89.391274782055831, 43.128887496500091 ], [ -89.390947936185185, 43.128940399835209 ], [ -89.390715042865637, 43.129005764708218 ], [ -89.390577375990134, 43.129020399183979 ], [ -89.390395223282255, 43.129055288546922 ], [ -89.390255141902344, 43.12907844764942 ], [ -89.390016914233556, 43.129126699737171 ], [ -89.389961791253256, 43.129134473635098 ], [ -89.389844287088621, 43.129141146179272 ], [ -89.389720250863576, 43.12915553865114 ], [ -89.389593224706246, 43.129172138966304 ], [ -89.389499910740653, 43.129180177185965 ], [ -89.389317842627122, 43.129206526573071 ], [ -89.389173130590166, 43.12922624646513 ], [ -89.38899561958398, 43.129262867620405 ], [ -89.388714720396706, 43.129287857001607 ], [ -89.388342232478593, 43.129337919546963 ], [ -89.387722762620939, 43.129378573696457 ], [ -89.387612807616392, 43.129418971823725 ], [ -89.387519513665495, 43.129436143483709 ], [ -89.387221642484647, 43.129449137517085 ], [ -89.386967635964879, 43.129498598965547 ], [ -89.386904046047761, 43.129508910649427 ], [ -89.386468469944106, 43.129540398508489 ], [ -89.385973176669808, 43.129584475237969 ], [ -89.38570350821486, 43.12961167411742 ], [ -89.385501091086979, 43.129636242264617 ], [ -89.385309883164766, 43.129643748796774 ], [ -89.38400637123172, 43.129604485025553 ], [ -89.383635791739664, 43.129580911566094 ], [ -89.383231098746464, 43.129528818443987 ], [ -89.382899520866161, 43.129516687056636 ], [ -89.382550573159946, 43.129488180497034 ], [ -89.382431713640045, 43.129463879055258 ], [ -89.381831536419071, 43.129285464915029 ], [ -89.381485286759045, 43.129160537149815 ], [ -89.381124357769451, 43.129010249235826 ], [ -89.380814232980967, 43.128891450324858 ], [ -89.380724930403431, 43.12885254117046 ], [ -89.380534963518002, 43.128743435767149 ], [ -89.380451765679624, 43.128684032590002 ], [ -89.380351805918011, 43.128624541317649 ], [ -89.380213295637077, 43.128518714311078 ], [ -89.380144441115505, 43.12846247279527 ], [ -89.379759950241095, 43.128170453961246 ], [ -89.379492043205602, 43.128034099062589 ], [ -89.379315262477292, 43.127853946740302 ], [ -89.379047763362095, 43.127677325253508 ], [ -89.378823824102312, 43.12754120856421 ], [ -89.378442870081315, 43.127172696620853 ], [ -89.378383244141062, 43.127091838190914 ], [ -89.378331342656637, 43.127061353740075 ], [ -89.378278947951415, 43.127053906978176 ], [ -89.378238533704732, 43.127068439684002 ], [ -89.378206087177318, 43.127091864764196 ], [ -89.37818970955918, 43.12711832662896 ], [ -89.378181128744274, 43.127148694295983 ], [ -89.378158329818262, 43.127187782003219 ], [ -89.378107833538479, 43.127250645821455 ], [ -89.378051750660504, 43.127284516341547 ], [ -89.377983824188661, 43.127222346752426 ], [ -89.378080915036293, 43.127144756516252 ], [ -89.378101495835239, 43.127100613942851 ], [ -89.378097889292377, 43.127059289245764 ], [ -89.378078181011659, 43.127017876435616 ], [ -89.378062584733314, 43.126967635286341 ], [ -89.378063126725081, 43.126914531757805 ], [ -89.378055467786709, 43.12687613710132 ], [ -89.377995615229509, 43.126822704237867 ], [ -89.37766472103921, 43.12649931087622 ], [ -89.377401796354519, 43.126223491517813 ], [ -89.377247480420309, 43.126058434801216 ], [ -89.377143208497387, 43.125917053848156 ], [ -89.377039694087301, 43.125812351927998 ], [ -89.376978743101986, 43.125741286145505 ], [ -89.376928700117929, 43.125652594500366 ], [ -89.376867909708452, 43.125565810376777 ], [ -89.376799595018568, 43.125427898789781 ], [ -89.376847459231641, 43.125387999485461 ], [ -89.376937355803705, 43.125346069971734 ], [ -89.377117503377235, 43.125227505040691 ], [ -89.377213097927765, 43.12514318491769 ], [ -89.377239805101453, 43.12510476678797 ], [ -89.377272535262122, 43.125068958588308 ], [ -89.37722265259697, 43.124964550578078 ], [ -89.377140772415885, 43.124842283786926 ], [ -89.377055848603248, 43.124755367835789 ], [ -89.377018390306503, 43.124747302616491 ], [ -89.376974916346839, 43.124760089292295 ], [ -89.376964499072542, 43.124772552382161 ], [ -89.376977767515328, 43.124786376770757 ], [ -89.377001379689887, 43.124837592455911 ], [ -89.377141107601801, 43.12507217157988 ], [ -89.37711397183881, 43.125103458971957 ], [ -89.376989503464657, 43.125212809134368 ], [ -89.376900312699775, 43.125281089225702 ], [ -89.376822130217363, 43.125321921639141 ], [ -89.376746991796708, 43.125327404910074 ], [ -89.376680159562483, 43.125279101808061 ], [ -89.376570391503975, 43.125205227889367 ], [ -89.376445902572073, 43.125027146778052 ], [ -89.37634179570631, 43.124914740065051 ], [ -89.376243461609477, 43.124752227325665 ], [ -89.376051872826451, 43.124315445214798 ], [ -89.374147293136375, 43.124361355875784 ], [ -89.37385871983561, 43.124368309137324 ], [ -89.3720548659239, 43.122657860523795 ], [ -89.371746648761345, 43.122353350902515 ], [ -89.37145061664539, 43.12204584311857 ], [ -89.37118808427941, 43.121759533212284 ], [ -89.370912679338261, 43.121443958438491 ], [ -89.370070907625589, 43.120391115237119 ], [ -89.367275663682548, 43.11586354971859 ], [ -89.36382700021727, 43.110148999255642 ], [ -89.363810000429183, 43.110693999187511 ], [ -89.363799999725003, 43.111597998965657 ], [ -89.363800000056983, 43.112751999168523 ], [ -89.363795999430252, 43.113377998826678 ], [ -89.363788000377241, 43.114240998889038 ], [ -89.362572000172136, 43.114228999276428 ], [ -89.361892000463413, 43.114216999436032 ], [ -89.360292000389222, 43.114213998669896 ], [ -89.359607000485639, 43.114211998828011 ], [ -89.359141620260203, 43.114206622793461 ], [ -89.358135999418707, 43.114194998696654 ], [ -89.357439947029107, 43.114192021105133 ], [ -89.357438295787773, 43.114192013870408 ], [ -89.357185487926813, 43.114192871490935 ], [ -89.356427986989601, 43.114195437933766 ], [ -89.356108078549383, 43.11416214366119 ], [ -89.355831818150051, 43.114103623406599 ], [ -89.355478482246312, 43.113957516031441 ], [ -89.355050583959894, 43.113703760941704 ], [ -89.354957053742027, 43.113647167396095 ], [ -89.354766982078246, 43.113532159205434 ], [ -89.354701029420312, 43.113493436899738 ], [ -89.354482249052808, 43.113364985465466 ], [ -89.354438068801883, 43.113340570313461 ], [ -89.354413199240085, 43.113325363764496 ], [ -89.354334359766312, 43.113277156500125 ], [ -89.354341060696811, 43.113354850490047 ], [ -89.35437408449738, 43.113566996664758 ], [ -89.354398071883665, 43.11370703165597 ], [ -89.354478030087691, 43.114174304549046 ], [ -89.354576021980648, 43.114708503844561 ], [ -89.354644174426383, 43.115073031693669 ], [ -89.354708372122289, 43.115506329880112 ], [ -89.354761939683385, 43.115803800858153 ], [ -89.354852902726449, 43.116205622110776 ], [ -89.354874218634961, 43.116290760313767 ], [ -89.355016614025374, 43.117057330431606 ], [ -89.355051576061982, 43.118357812684579 ], [ -89.355059496284511, 43.118696195621176 ], [ -89.355030157060824, 43.120339747036489 ], [ -89.355026763649221, 43.120660865686311 ], [ -89.355017531648514, 43.121534462805023 ], [ -89.355022251740124, 43.122129676733387 ], [ -89.355037256561985, 43.122673400405539 ], [ -89.354909353144564, 43.122923902643386 ], [ -89.354777124504849, 43.123172148977091 ], [ -89.354640610417519, 43.123418064733634 ], [ -89.352865190200291, 43.126847630273133 ], [ -89.352587589160876, 43.127366143730953 ], [ -89.352196551738302, 43.128134663856507 ], [ -89.352104278488284, 43.128318695501314 ], [ -89.351287002523549, 43.129948632806226 ], [ -89.351218872577675, 43.130084503819617 ], [ -89.351143701984512, 43.130239339890935 ], [ -89.350819572971091, 43.130906967137314 ], [ -89.350589153487221, 43.131381564911102 ], [ -89.350584466641109, 43.13139389325832 ], [ -89.350285845913106, 43.132179303890325 ], [ -89.350076418531089, 43.132730114679546 ], [ -89.349953225245017, 43.133061776217225 ], [ -89.349953199355909, 43.133061844607965 ], [ -89.349949130820875, 43.133072798873378 ], [ -89.34989244560731, 43.133265186157715 ], [ -89.349840496335261, 43.133458905939214 ], [ -89.349793314263451, 43.133653841653519 ], [ -89.349750927782111, 43.133849876004618 ], [ -89.349750903073669, 43.133849984900202 ], [ -89.349709057077817, 43.13407192454472 ], [ -89.349673515563296, 43.134294960626839 ], [ -89.349644307062263, 43.13451891409666 ], [ -89.34964428971044, 43.13451903739837 ], [ -89.34962829889875, 43.134669665192327 ], [ -89.349615206431977, 43.134820572533719 ], [ -89.34961518649223, 43.134820805645106 ], [ -89.349602534137006, 43.135017065349032 ], [ -89.349594805977645, 43.135213580562258 ], [ -89.349589174491271, 43.135540127885911 ], [ -89.349579200598754, 43.13611838059937 ], [ -89.349526393880851, 43.137276284428239 ], [ -89.349526392611324, 43.137276318630953 ], [ -89.349526391351347, 43.137276344732804 ], [ -89.349447603434641, 43.139003854103223 ], [ -89.34938781078597, 43.140314816078778 ], [ -89.349383118932224, 43.140417681878212 ], [ -89.349251070453718, 43.14331265380288 ], [ -89.349235953540713, 43.143644040640126 ], [ -89.349145052144493, 43.145449289771776 ], [ -89.349129230543468, 43.145763503174301 ], [ -89.348978264618765, 43.148761321075128 ], [ -89.348973979870252, 43.148846401164178 ], [ -89.34896794367171, 43.148966265917529 ], [ -89.348963612793483, 43.149003412570998 ], [ -89.348963601594491, 43.149003525975168 ], [ -89.348941852194088, 43.149163593282537 ], [ -89.348915170663375, 43.149322912695119 ], [ -89.348915137234641, 43.149323111593667 ], [ -89.348893266019061, 43.149435514171152 ], [ -89.348868970635024, 43.149547417807419 ], [ -89.3488689347936, 43.149547578000508 ], [ -89.348833403999919, 43.149693618267001 ], [ -89.348833334829109, 43.149693893650237 ], [ -89.348811054463297, 43.149777393334098 ], [ -89.348809254331229, 43.149783907032585 ], [ -89.348801744253493, 43.149810787010388 ], [ -89.348800539351629, 43.149815041864088 ], [ -89.348786000139299, 43.14986546549212 ], [ -89.348785750791194, 43.149866323118076 ], [ -89.348747234287913, 43.149991823528175 ], [ -89.348705733751814, 43.150116369019713 ], [ -89.348705660957691, 43.15011658949507 ], [ -89.348661266168449, 43.150240009890652 ], [ -89.348614002931726, 43.150362360525357 ], [ -89.348613912913422, 43.150362591790653 ], [ -89.348577247753667, 43.150452100178541 ], [ -89.348510112567254, 43.15060584007486 ], [ -89.34851000779183, 43.150606074930913 ], [ -89.348461428367088, 43.150710320642879 ], [ -89.348410822696664, 43.15081359791575 ], [ -89.348410700691389, 43.150813848062128 ], [ -89.348325800814393, 43.150976673603985 ], [ -89.348325624621012, 43.150977003823321 ], [ -89.348252268633942, 43.151108697556133 ], [ -89.348175722810979, 43.15123856316778 ], [ -89.348175630420045, 43.151238720623795 ], [ -89.348125689939991, 43.151319768430561 ], [ -89.348125529810787, 43.151320028452986 ], [ -89.348055019255924, 43.151430024448828 ], [ -89.347982294692883, 43.151538569349107 ], [ -89.347982210947819, 43.151538692607168 ], [ -89.347899281841308, 43.151657012459602 ], [ -89.347813804868707, 43.151773504997301 ], [ -89.347813722364307, 43.151773618354994 ], [ -89.347712482568369, 43.151905160705226 ], [ -89.347608111368771, 43.152034232541361 ], [ -89.347608016564493, 43.152034350391354 ], [ -89.347509405848896, 43.152150807674815 ], [ -89.347408341119845, 43.152265141802019 ], [ -89.347407836452888, 43.152265655423754 ], [ -89.346957469883421, 43.152724685225429 ], [ -89.346369909888281, 43.153323532395845 ], [ -89.345668797813644, 43.15403809538207 ], [ -89.344642377926846, 43.155084168388669 ], [ -89.343439901055433, 43.156311139699511 ], [ -89.342185404762944, 43.157591122934974 ], [ -89.341551134908158, 43.158238254204029 ], [ -89.341337441701313, 43.158456276055944 ], [ -89.341278143345576, 43.158512169293047 ], [ -89.341125888048197, 43.158660932655863 ], [ -89.340977637199515, 43.158813687032442 ], [ -89.340977516541869, 43.158813812959316 ], [ -89.340862025558067, 43.158938771279935 ], [ -89.340749361446896, 43.159066284209807 ], [ -89.340639580699431, 43.159196287812513 ], [ -89.340639485879151, 43.159196399355977 ], [ -89.340500828135831, 43.159369788169329 ], [ -89.340367584534519, 43.159547371369797 ], [ -89.340367515558157, 43.159547464029593 ], [ -89.340257152652924, 43.159703982811479 ], [ -89.340151207782284, 43.159863525233163 ], [ -89.340049763734925, 43.160025966623174 ], [ -89.340049744020391, 43.160025998112104 ], [ -89.339967324802444, 43.160166327315032 ], [ -89.339888457169508, 43.160308682888001 ], [ -89.339888377054677, 43.160308828644744 ], [ -89.339815217054351, 43.160449040775944 ], [ -89.339745672484199, 43.160591080841236 ], [ -89.339679788979169, 43.160734855634388 ], [ -89.339617609771764, 43.160880270810871 ], [ -89.339546056851418, 43.161062407920468 ], [ -89.33948058518466, 43.161246818353888 ], [ -89.339480530877211, 43.16124697222974 ], [ -89.339438640412752, 43.161376540325676 ], [ -89.339399851613692, 43.161507070519754 ], [ -89.339364186540763, 43.161638488574333 ], [ -89.3393260369009, 43.16179530851803 ], [ -89.339321240033485, 43.161816521921779 ], [ -89.339297410298727, 43.161928255101664 ], [ -89.339297345933787, 43.16192857188603 ], [ -89.339264588178054, 43.162104984314226 ], [ -89.339264567113702, 43.162105104010678 ], [ -89.339249350567158, 43.16220025118799 ], [ -89.339230886987735, 43.162331170690415 ], [ -89.339215595133297, 43.162462498444789 ], [ -89.339203483949774, 43.162594157622642 ], [ -89.339201813501049, 43.162615585703271 ], [ -89.339202071603921, 43.162617485075508 ], [ -89.339198619942934, 43.162780005385116 ], [ -89.339198684292157, 43.162942562331629 ], [ -89.339202264621505, 43.16310507985758 ], [ -89.339202268066927, 43.163105259877625 ], [ -89.339210081433322, 43.163280588487453 ], [ -89.339221970762495, 43.163455687927687 ], [ -89.339237929621319, 43.163630463454986 ], [ -89.339238012224484, 43.163631210587525 ], [ -89.339255601983126, 43.163786127955269 ], [ -89.339276368435151, 43.163940651561589 ], [ -89.339276395216558, 43.16394085140044 ], [ -89.339296766787641, 43.164073269019582 ], [ -89.339296827759895, 43.164073645300263 ], [ -89.339305607289049, 43.164126365278221 ], [ -89.339306223323504, 43.164130007477993 ], [ -89.339335771364645, 43.164292665662067 ], [ -89.339335864146804, 43.164293160777305 ], [ -89.339365354501183, 43.164438539927325 ], [ -89.339365365496064, 43.164438593040451 ], [ -89.339367492777228, 43.164448581948804 ], [ -89.339525237457991, 43.165226610801618 ], [ -89.33952594471495, 43.165230100050366 ], [ -89.339526201231592, 43.165231366658304 ], [ -89.339619577129611, 43.165691908739767 ], [ -89.339898947177275, 43.167026724693415 ], [ -89.339898999715004, 43.167026976755508 ], [ -89.339899041258121, 43.167027174804474 ], [ -89.341009763993, 43.172333562034339 ], [ -89.34104044365786, 43.172480117762554 ], [ -89.341220313385961, 43.173339341873813 ], [ -89.341249060700065, 43.173476661269518 ], [ -89.34133274430377, 43.173876399820955 ], [ -89.341339219059137, 43.173907327733716 ], [ -89.341340963579654, 43.17393110292798 ], [ -89.34134121004324, 43.173934455921092 ], [ -89.341345608255239, 43.173960270781379 ], [ -89.341371102822137, 43.174120371701861 ], [ -89.341371173538164, 43.174120837096012 ], [ -89.341392972318204, 43.174276524980037 ], [ -89.341393011279962, 43.174276822935859 ], [ -89.341407284872076, 43.174392382390074 ], [ -89.341407363940334, 43.174393043108658 ], [ -89.341426155414581, 43.174570681044457 ], [ -89.341426213677067, 43.174571265241042 ], [ -89.341443850946277, 43.174785929172508 ], [ -89.341443872702939, 43.174786218115287 ], [ -89.341448505103969, 43.17485752705467 ], [ -89.341449169466358, 43.174868549970007 ], [ -89.341451873582869, 43.174916433724214 ], [ -89.341452260023118, 43.174923703987126 ], [ -89.341454306064364, 43.1749642020756 ], [ -89.341454332437323, 43.174964721443502 ], [ -89.341456149179066, 43.175004706321246 ], [ -89.341457379218355, 43.175034464914155 ], [ -89.341460381848421, 43.175121886931343 ], [ -89.341460404321367, 43.17512256651171 ], [ -89.341461573565596, 43.175166760631619 ], [ -89.341464519191391, 43.175247974716825 ], [ -89.341489844500927, 43.175946240088109 ], [ -89.341635639500268, 43.179704478203973 ], [ -89.341635530023112, 43.179709174768504 ] ] ] } },
{ "type": "Feature", "properties": { "OBJECTID": 20, "District_Name": "Northeast", "sequence": 1, "Anticipated_Timing": "early 2023 - mid 2024", "ShapeSTArea": 331424252.2161482, "ShapeSTLength": 80318.555930002374 }, "geometry": { "type": "Polygon", "coordinates": [ [ [ -89.327139713518179, 43.181660462429825 ], [ -89.328033628658289, 43.182323610142049 ], [ -89.328484004723308, 43.182036911762609 ], [ -89.328874269612967, 43.181776941984353 ], [ -89.329148746829389, 43.181606261610327 ], [ -89.32913524799072, 43.181572226561187 ], [ -89.329126214038311, 43.181546216687906 ], [ -89.329115453594582, 43.181509426000893 ], [ -89.32910732786398, 43.181474977671854 ], [ -89.329100866663921, 43.181438647717378 ], [ -89.329095407896872, 43.181388522982417 ], [ -89.329093878934898, 43.181339954084464 ], [ -89.329095998913786, 43.181263217306814 ], [ -89.329098772922137, 43.181174512635891 ], [ -89.329102393640014, 43.18105870620694 ], [ -89.329106842853221, 43.180916447864092 ], [ -89.329110196163342, 43.180765271489214 ], [ -89.329113342277552, 43.180594180569919 ], [ -89.329134087652321, 43.179465689238661 ], [ -89.329339272548438, 43.179469257975029 ], [ -89.329749284315781, 43.179465088092186 ], [ -89.329992555068372, 43.179462727811107 ], [ -89.330025131636319, 43.179460384089815 ], [ -89.330083117534997, 43.179455223715522 ], [ -89.330089574280805, 43.179454606045788 ], [ -89.330093979304152, 43.179454138841287 ], [ -89.330122495773864, 43.179451070861717 ], [ -89.330163020239368, 43.179446129540459 ], [ -89.33021670851906, 43.179438690233368 ], [ -89.330254651579608, 43.179432794518362 ], [ -89.330287611799591, 43.179427201724131 ], [ -89.332292836278555, 43.179480569527009 ], [ -89.332777342341515, 43.179493459725776 ], [ -89.334327480242365, 43.179534685384397 ], [ -89.33621709585934, 43.179580097521061 ], [ -89.337657762534491, 43.179614700062523 ], [ -89.33872345588054, 43.179640284797117 ], [ -89.341510443778631, 43.179707145294266 ], [ -89.341635530023112, 43.179709174768504 ], [ -89.341635639500268, 43.179704478203973 ], [ -89.341489844500927, 43.175946240088109 ], [ -89.341464519191391, 43.175247974716825 ], [ -89.341461573565596, 43.175166760631619 ], [ -89.341460404321367, 43.17512256651171 ], [ -89.341460381848421, 43.175121886931343 ], [ -89.341457379218355, 43.175034464914155 ], [ -89.341456149179066, 43.175004706321246 ], [ -89.341454332437323, 43.174964721443502 ], [ -89.341454306064364, 43.1749642020756 ], [ -89.341452260023118, 43.174923703987126 ], [ -89.341451873582869, 43.174916433724214 ], [ -89.341449169466358, 43.174868549970007 ], [ -89.341448505103969, 43.17485752705467 ], [ -89.341443872702939, 43.174786218115287 ], [ -89.341443850946277, 43.174785929172508 ], [ -89.341426213677067, 43.174571265241042 ], [ -89.341426155414581, 43.174570681044457 ], [ -89.341407363940334, 43.174393043108658 ], [ -89.341407284872076, 43.174392382390074 ], [ -89.341393011279962, 43.174276822935859 ], [ -89.341392972318204, 43.174276524980037 ], [ -89.341371173538164, 43.174120837096012 ], [ -89.341371102822137, 43.174120371701861 ], [ -89.341345608255239, 43.173960270781379 ], [ -89.34134121004324, 43.173934455921092 ], [ -89.341340963579654, 43.17393110292798 ], [ -89.341339219059137, 43.173907327733716 ], [ -89.34133274430377, 43.173876399820955 ], [ -89.341249060700065, 43.173476661269518 ], [ -89.341220313385961, 43.173339341873813 ], [ -89.34104044365786, 43.172480117762554 ], [ -89.341009763993, 43.172333562034339 ], [ -89.339899041258121, 43.167027174804474 ], [ -89.339898999715004, 43.167026976755508 ], [ -89.339898947177275, 43.167026724693415 ], [ -89.339619577129611, 43.165691908739767 ], [ -89.339526201231592, 43.165231366658304 ], [ -89.33952594471495, 43.165230100050366 ], [ -89.339525237457991, 43.165226610801618 ], [ -89.339367492777228, 43.164448581948804 ], [ -89.339365365496064, 43.164438593040451 ], [ -89.339365354501183, 43.164438539927325 ], [ -89.339335864146804, 43.164293160777305 ], [ -89.339335771364645, 43.164292665662067 ], [ -89.339306223323504, 43.164130007477993 ], [ -89.339305607289049, 43.164126365278221 ], [ -89.339296827759895, 43.164073645300263 ], [ -89.339296766787641, 43.164073269019582 ], [ -89.339276395216558, 43.16394085140044 ], [ -89.339276368435151, 43.163940651561589 ], [ -89.339255601983126, 43.163786127955269 ], [ -89.339238012224484, 43.163631210587525 ], [ -89.339237929621319, 43.163630463454986 ], [ -89.339221970762495, 43.163455687927687 ], [ -89.339210081433322, 43.163280588487453 ], [ -89.339202268066927, 43.163105259877625 ], [ -89.339202264621505, 43.16310507985758 ], [ -89.339198684292157, 43.162942562331629 ], [ -89.339198619942934, 43.162780005385116 ], [ -89.339202071603921, 43.162617485075508 ], [ -89.339201813501049, 43.162615585703271 ], [ -89.339203483949774, 43.162594157622642 ], [ -89.339215595133297, 43.162462498444789 ], [ -89.339230886987735, 43.162331170690415 ], [ -89.339249350567158, 43.16220025118799 ], [ -89.339264567113702, 43.162105104010678 ], [ -89.339264588178054, 43.162104984314226 ], [ -89.339297345933787, 43.16192857188603 ], [ -89.339297410298727, 43.161928255101664 ], [ -89.339321240033485, 43.161816521921779 ], [ -89.3393260369009, 43.16179530851803 ], [ -89.339364186540763, 43.161638488574333 ], [ -89.339399851613692, 43.161507070519754 ], [ -89.339438640412752, 43.161376540325676 ], [ -89.339480530877211, 43.16124697222974 ], [ -89.33948058518466, 43.161246818353888 ], [ -89.339546056851418, 43.161062407920468 ], [ -89.339617609771764, 43.160880270810871 ], [ -89.339679788979169, 43.160734855634388 ], [ -89.339745672484199, 43.160591080841236 ], [ -89.339815217054351, 43.160449040775944 ], [ -89.339888377054677, 43.160308828644744 ], [ -89.339888457169508, 43.160308682888001 ], [ -89.339967324802444, 43.160166327315032 ], [ -89.340049744020391, 43.160025998112104 ], [ -89.340049763734925, 43.160025966623174 ], [ -89.340151207782284, 43.159863525233163 ], [ -89.340257152652924, 43.159703982811479 ], [ -89.340367515558157, 43.159547464029593 ], [ -89.340367584534519, 43.159547371369797 ], [ -89.340500828135831, 43.159369788169329 ], [ -89.340639485879151, 43.159196399355977 ], [ -89.340639580699431, 43.159196287812513 ], [ -89.340749361446896, 43.159066284209807 ], [ -89.340862025558067, 43.158938771279935 ], [ -89.340977516541869, 43.158813812959316 ], [ -89.340977637199515, 43.158813687032442 ], [ -89.341125888048197, 43.158660932655863 ], [ -89.341278143345576, 43.158512169293047 ], [ -89.341337441701313, 43.158456276055944 ], [ -89.341551134908158, 43.158238254204029 ], [ -89.342185404762944, 43.157591122934974 ], [ -89.343439901055433, 43.156311139699511 ], [ -89.344642377926846, 43.155084168388669 ], [ -89.345668797813644, 43.15403809538207 ], [ -89.346369909888281, 43.153323532395845 ], [ -89.346957469883421, 43.152724685225429 ], [ -89.347407836452888, 43.152265655423754 ], [ -89.347408341119845, 43.152265141802019 ], [ -89.347509405848896, 43.152150807674815 ], [ -89.347608016564493, 43.152034350391354 ], [ -89.347608111368771, 43.152034232541361 ], [ -89.347712482568369, 43.151905160705226 ], [ -89.347813722364307, 43.151773618354994 ], [ -89.347813804868707, 43.151773504997301 ], [ -89.347899281841308, 43.151657012459602 ], [ -89.347982210947819, 43.151538692607168 ], [ -89.347982294692883, 43.151538569349107 ], [ -89.348055019255924, 43.151430024448828 ], [ -89.348125529810787, 43.151320028452986 ], [ -89.348125689939991, 43.151319768430561 ], [ -89.348175630420045, 43.151238720623795 ], [ -89.348175722810979, 43.15123856316778 ], [ -89.348252268633942, 43.151108697556133 ], [ -89.348325624621012, 43.150977003823321 ], [ -89.348325800814393, 43.150976673603985 ], [ -89.348410700691389, 43.150813848062128 ], [ -89.348410822696664, 43.15081359791575 ], [ -89.348461428367088, 43.150710320642879 ], [ -89.34851000779183, 43.150606074930913 ], [ -89.348510112567254, 43.15060584007486 ], [ -89.348577247753667, 43.150452100178541 ], [ -89.348613912913422, 43.150362591790653 ], [ -89.348614002931726, 43.150362360525357 ], [ -89.348661266168449, 43.150240009890652 ], [ -89.348705660957691, 43.15011658949507 ], [ -89.348705733751814, 43.150116369019713 ], [ -89.348747234287913, 43.149991823528175 ], [ -89.348785750791194, 43.149866323118076 ], [ -89.348786000139299, 43.14986546549212 ], [ -89.348800539351629, 43.149815041864088 ], [ -89.348801744253493, 43.149810787010388 ], [ -89.348809254331229, 43.149783907032585 ], [ -89.348811054463297, 43.149777393334098 ], [ -89.348833334829109, 43.149693893650237 ], [ -89.348833403999919, 43.149693618267001 ], [ -89.3488689347936, 43.149547578000508 ], [ -89.348868970635024, 43.149547417807419 ], [ -89.348893266019061, 43.149435514171152 ], [ -89.348915137234641, 43.149323111593667 ], [ -89.348915170663375, 43.149322912695119 ], [ -89.348941852194088, 43.149163593282537 ], [ -89.348963601594491, 43.149003525975168 ], [ -89.348963612793483, 43.149003412570998 ], [ -89.34896794367171, 43.148966265917529 ], [ -89.348973979870252, 43.148846401164178 ], [ -89.348978264618765, 43.148761321075128 ], [ -89.349129230543468, 43.145763503174301 ], [ -89.349145052144493, 43.145449289771776 ], [ -89.349235953540713, 43.143644040640126 ], [ -89.349251070453718, 43.14331265380288 ], [ -89.349383118932224, 43.140417681878212 ], [ -89.34938781078597, 43.140314816078778 ], [ -89.349447603434641, 43.139003854103223 ], [ -89.349526391351347, 43.137276344732804 ], [ -89.349526392611324, 43.137276318630953 ], [ -89.349526393880851, 43.137276284428239 ], [ -89.349579200598754, 43.13611838059937 ], [ -89.349589174491271, 43.135540127885911 ], [ -89.349594805977645, 43.135213580562258 ], [ -89.349602534137006, 43.135017065349032 ], [ -89.34961518649223, 43.134820805645106 ], [ -89.349615206431977, 43.134820572533719 ], [ -89.34962829889875, 43.134669665192327 ], [ -89.34964428971044, 43.13451903739837 ], [ -89.349644307062263, 43.13451891409666 ], [ -89.349673515563296, 43.134294960626839 ], [ -89.349709057077817, 43.13407192454472 ], [ -89.349750903073669, 43.133849984900202 ], [ -89.349750927782111, 43.133849876004618 ], [ -89.349793314263451, 43.133653841653519 ], [ -89.349840496335261, 43.133458905939214 ], [ -89.34989244560731, 43.133265186157715 ], [ -89.349949130820875, 43.133072798873378 ], [ -89.349953199355909, 43.133061844607965 ], [ -89.349953225245017, 43.133061776217225 ], [ -89.350076418531089, 43.132730114679546 ], [ -89.350285845913106, 43.132179303890325 ], [ -89.350584466641109, 43.13139389325832 ], [ -89.350589153487221, 43.131381564911102 ], [ -89.350819572971091, 43.130906967137314 ], [ -89.351143701984512, 43.130239339890935 ], [ -89.351218872577675, 43.130084503819617 ], [ -89.351287002523549, 43.129948632806226 ], [ -89.352104278488284, 43.128318695501314 ], [ -89.352196551738302, 43.128134663856507 ], [ -89.352587589160876, 43.127366143730953 ], [ -89.352865190200291, 43.126847630273133 ], [ -89.354640610417519, 43.123418064733634 ], [ -89.354777124504849, 43.123172148977091 ], [ -89.354909353144564, 43.122923902643386 ], [ -89.355037256561985, 43.122673400405539 ], [ -89.355022251740124, 43.122129676733387 ], [ -89.355017531648514, 43.121534462805023 ], [ -89.355026763649221, 43.120660865686311 ], [ -89.355030157060824, 43.120339747036489 ], [ -89.355059496284511, 43.118696195621176 ], [ -89.355051576061982, 43.118357812684579 ], [ -89.355016614025374, 43.117057330431606 ], [ -89.354874218634961, 43.116290760313767 ], [ -89.354852902726449, 43.116205622110776 ], [ -89.354761939683385, 43.115803800858153 ], [ -89.354708372122289, 43.115506329880112 ], [ -89.354644174426383, 43.115073031693669 ], [ -89.354576021980648, 43.114708503844561 ], [ -89.354478030087691, 43.114174304549046 ], [ -89.354398071883665, 43.11370703165597 ], [ -89.35437408449738, 43.113566996664758 ], [ -89.354341060696811, 43.113354850490047 ], [ -89.354334359766312, 43.113277156500125 ], [ -89.354325529713961, 43.113271756987892 ], [ -89.354265287236942, 43.113234920815849 ], [ -89.353815284956937, 43.112959758960066 ], [ -89.353680731987552, 43.112878007358596 ], [ -89.353048151330412, 43.112493661152804 ], [ -89.352546921139535, 43.112187157954622 ], [ -89.351557431783306, 43.11157548956291 ], [ -89.350688085046116, 43.111090811197606 ], [ -89.350462515004324, 43.110985916808957 ], [ -89.349940298594234, 43.110816037149462 ], [ -89.349431740190141, 43.110725064473961 ], [ -89.348991390866601, 43.110694566579177 ], [ -89.348084975953725, 43.110669728457005 ], [ -89.346820986457487, 43.110672737606635 ], [ -89.346228405999199, 43.110681871630753 ], [ -89.344977287983596, 43.110678652902358 ], [ -89.344592942104995, 43.11067693395065 ], [ -89.344245066224829, 43.110652280675971 ], [ -89.344113763146908, 43.110642195618091 ], [ -89.343723301652261, 43.110581953374826 ], [ -89.343445399170889, 43.110521787283773 ], [ -89.343148763637714, 43.110440367095791 ], [ -89.342850102486707, 43.110343201137368 ], [ -89.342516026720645, 43.110203027421619 ], [ -89.342120633093231, 43.110005334156277 ], [ -89.341663958734728, 43.109715585799293 ], [ -89.338931171563615, 43.107474467677207 ], [ -89.338601121438458, 43.107291846676951 ], [ -89.338361541665535, 43.107162943123846 ], [ -89.338004946742814, 43.107019650515973 ], [ -89.337637935569617, 43.106897296170708 ], [ -89.33734486699143, 43.106822001275603 ], [ -89.337008833441899, 43.106759347039223 ], [ -89.336644896569268, 43.10671580254165 ], [ -89.336306185346245, 43.106693366904523 ], [ -89.334766895427336, 43.10665173955487 ], [ -89.332582156297676, 43.106629818661958 ], [ -89.33056654769392, 43.10660293393525 ], [ -89.326509074333458, 43.106569267596242 ], [ -89.324813472798766, 43.106544075195899 ], [ -89.324378819005418, 43.106539725298028 ], [ -89.324376687669726, 43.106539703674699 ], [ -89.324289171445741, 43.106538827774244 ], [ -89.322045238934351, 43.106501291431151 ], [ -89.318142574782115, 43.106474398311043 ], [ -89.317400954847912, 43.106456915213521 ], [ -89.316449069972293, 43.106442034388273 ], [ -89.315057931908697, 43.106426735416946 ], [ -89.314369814920994, 43.10642048716489 ], [ -89.313307023468226, 43.106422611773041 ], [ -89.312163998463362, 43.106412786139245 ], [ -89.311037417878879, 43.106392090079218 ], [ -89.309015118103972, 43.10637610312012 ], [ -89.307786462150389, 43.10635807522015 ], [ -89.305427634859356, 43.106301308796034 ], [ -89.303591212159731, 43.106177931155621 ], [ -89.302481853045094, 43.106030364719714 ], [ -89.301542331601908, 43.105862690129428 ], [ -89.300593819321605, 43.1056801583496 ], [ -89.300436580112788, 43.105656118818359 ], [ -89.298880700065013, 43.105453038481876 ], [ -89.296437277176977, 43.105001396991433 ], [ -89.294100970432197, 43.104672103380572 ], [ -89.294066075579991, 43.104664630417311 ], [ -89.293337254944788, 43.104587246412763 ], [ -89.293066122721527, 43.104558456393107 ], [ -89.291610100956234, 43.10442230129329 ], [ -89.289487555906291, 43.104291834088784 ], [ -89.285718130782882, 43.104177789418735 ], [ -89.28562579331637, 43.104173002391214 ], [ -89.285642131440383, 43.104175638467382 ], [ -89.285558260073699, 43.106706777668961 ], [ -89.285604251161672, 43.107760377800631 ], [ -89.285662288001816, 43.108831698798056 ], [ -89.285756754920513, 43.109823383604969 ], [ -89.285929708745726, 43.111024098554175 ], [ -89.286067179701689, 43.111677882348559 ], [ -89.287081812012005, 43.115371200999462 ], [ -89.287224764466515, 43.115821617839408 ], [ -89.287728266136739, 43.117223990198362 ], [ -89.288330808792665, 43.118891023968132 ], [ -89.288640671079463, 43.119741035181995 ], [ -89.288869195507729, 43.120359585565367 ], [ -89.289211705347697, 43.121315396046938 ], [ -89.290241432927701, 43.124153778480078 ], [ -89.290522410404279, 43.124937917438906 ], [ -89.290529751732549, 43.124958405745282 ], [ -89.290925166884549, 43.126065449169317 ], [ -89.292168816896066, 43.129503226847618 ], [ -89.29235167239321, 43.130011315220344 ], [ -89.292485671924297, 43.130382124066578 ], [ -89.292856257606118, 43.131388050003729 ], [ -89.293443231482982, 43.132832905702912 ], [ -89.293854242040041, 43.13365076547143 ], [ -89.29406458129769, 43.134079786644364 ], [ -89.294353434790068, 43.134559320087504 ], [ -89.295036366750125, 43.135638384925556 ], [ -89.29534715791489, 43.136111249660217 ], [ -89.295631605526225, 43.136536301156376 ], [ -89.295843500714454, 43.136848904285905 ], [ -89.296093062080004, 43.137215770975153 ], [ -89.296749125068345, 43.13820257458903 ], [ -89.299720037261807, 43.142645433908996 ], [ -89.299903941438387, 43.142906840655591 ], [ -89.300017992713364, 43.143077252534368 ], [ -89.300224789828093, 43.143386756157781 ], [ -89.300754505007902, 43.144177202526357 ], [ -89.300968012440421, 43.14449106558947 ], [ -89.303010588903177, 43.147539922480782 ], [ -89.303456735889426, 43.148236291072564 ], [ -89.303769608765933, 43.148734094222121 ], [ -89.303880026971555, 43.148922952842021 ], [ -89.304217488461049, 43.149531934077878 ], [ -89.304295542806344, 43.149666959616667 ], [ -89.304574274486797, 43.15019409342603 ], [ -89.304816931114956, 43.150707696287085 ], [ -89.305327015841669, 43.151878970604166 ], [ -89.30542157152486, 43.152102419893779 ], [ -89.30578540949314, 43.152980895519811 ], [ -89.305967482172747, 43.153421533983433 ], [ -89.306112594449772, 43.153761907871683 ], [ -89.306186566492698, 43.153938791939304 ], [ -89.306519446470489, 43.154736129160753 ], [ -89.306571994273824, 43.154870020131405 ], [ -89.306779767357341, 43.15536746430714 ], [ -89.307146796719692, 43.156251669978609 ], [ -89.307550536048467, 43.157215014482638 ], [ -89.307899343311334, 43.158019882412397 ], [ -89.308329909138877, 43.158903722307372 ], [ -89.309134174133064, 43.160229083912654 ], [ -89.311358184779451, 43.163518068678634 ], [ -89.311510099432226, 43.163741464335111 ], [ -89.311907229155281, 43.164320761268236 ], [ -89.314715238397241, 43.168435783007951 ], [ -89.317444178677448, 43.172417700944528 ], [ -89.317645541712949, 43.172701535290891 ], [ -89.318559564068011, 43.173969051198569 ], [ -89.319422872926424, 43.174964653893163 ], [ -89.320570632191831, 43.176033043023402 ], [ -89.323083855464944, 43.178017166105967 ], [ -89.323577553879559, 43.178394418890271 ], [ -89.324132975010642, 43.178816941708263 ], [ -89.325058734453734, 43.17949601960914 ], [ -89.326560539961037, 43.180612690921308 ], [ -89.327575569350259, 43.181361768212021 ], [ -89.327139713518179, 43.181660462429825 ] ] ] } },
{ "type": "Feature", "properties": { "OBJECTID": 21, "District_Name": "Near East", "sequence": 9, "Anticipated_Timing": "2029 - 2030", "ShapeSTArea": 102125875.73862287, "ShapeSTLength": 53433.294963089473 }, "geometry": { "type": "Polygon", "coordinates": [ [ [ -89.354334359766312, 43.113277156500125 ], [ -89.354413199240085, 43.113325363764496 ], [ -89.354438068801883, 43.113340570313461 ], [ -89.354482249052808, 43.113364985465466 ], [ -89.354701029420312, 43.113493436899738 ], [ -89.354766982078246, 43.113532159205434 ], [ -89.354957053742027, 43.113647167396095 ], [ -89.355050583959894, 43.113703760941704 ], [ -89.355478482246312, 43.113957516031441 ], [ -89.355831818150051, 43.114103623406599 ], [ -89.356108078549383, 43.11416214366119 ], [ -89.356427986989601, 43.114195437933766 ], [ -89.357185487926813, 43.114192871490935 ], [ -89.357438295787773, 43.114192013870408 ], [ -89.357439947029107, 43.114192021105133 ], [ -89.358135999418707, 43.114194998696654 ], [ -89.359141620260203, 43.114206622793461 ], [ -89.359607000485639, 43.114211998828011 ], [ -89.360292000389222, 43.114213998669896 ], [ -89.361892000463413, 43.114216999436032 ], [ -89.362572000172136, 43.114228999276428 ], [ -89.363788000377241, 43.114240998889038 ], [ -89.363795999430252, 43.113377998826678 ], [ -89.363800000056983, 43.112751999168523 ], [ -89.363799999725003, 43.111597998965657 ], [ -89.363810000429183, 43.110693999187511 ], [ -89.36382700021727, 43.110148999255642 ], [ -89.363716708405789, 43.109947181753334 ], [ -89.362991458513662, 43.108789427349897 ], [ -89.362766405857343, 43.108418621936245 ], [ -89.362614245936399, 43.108141240902562 ], [ -89.362482482959038, 43.107864791093654 ], [ -89.362320793282635, 43.107475884414967 ], [ -89.362104484570537, 43.106822975458265 ], [ -89.363897329665363, 43.106822638023203 ], [ -89.363974346698242, 43.10311980670771 ], [ -89.364249287147459, 43.102707605026083 ], [ -89.368839582716475, 43.102749136264421 ], [ -89.368864772291928, 43.10249386939519 ], [ -89.368896537236481, 43.10242257212213 ], [ -89.368961756501392, 43.102330344222509 ], [ -89.369104438545108, 43.102033872273232 ], [ -89.36916188672626, 43.101836014126874 ], [ -89.36921592592482, 43.101753470448614 ], [ -89.369241331864444, 43.1015327763239 ], [ -89.368158754223941, 43.101520583409233 ], [ -89.368165192203676, 43.101303842787019 ], [ -89.367156962112531, 43.101293145334822 ], [ -89.367150684316201, 43.101502621286478 ], [ -89.365185688968182, 43.10150485016856 ], [ -89.366299970259377, 43.099839048538911 ], [ -89.367292488746031, 43.098398711383474 ], [ -89.3681711337899, 43.097053477228599 ], [ -89.369467375041182, 43.097051942302151 ], [ -89.369436720644302, 43.096938162862095 ], [ -89.369425130719591, 43.096769417756597 ], [ -89.369424722801369, 43.096517829083929 ], [ -89.369419602587087, 43.096368642501055 ], [ -89.36945870511687, 43.096202713756732 ], [ -89.36952019062204, 43.096133202217906 ], [ -89.369571756854413, 43.096041968492017 ], [ -89.369812608515318, 43.095701696595917 ], [ -89.370049434127054, 43.095514503116569 ], [ -89.370124368174416, 43.095465855372467 ], [ -89.370148897784091, 43.095420238701294 ], [ -89.370239755720448, 43.09535844587225 ], [ -89.37029717520879, 43.095331202521436 ], [ -89.370300811914078, 43.095200398144755 ], [ -89.370247445007394, 43.095093335022931 ], [ -89.370125780360382, 43.094992159869527 ], [ -89.369836480120441, 43.094815606592952 ], [ -89.369873962681368, 43.094782747608818 ], [ -89.370002098776638, 43.094670418819703 ], [ -89.370325684776205, 43.094870050474412 ], [ -89.370285842044581, 43.094908389240011 ], [ -89.370612546159563, 43.095124198073115 ], [ -89.370640209144696, 43.095134882116966 ], [ -89.37072683719218, 43.09519064265988 ], [ -89.370746496946182, 43.095179493870198 ], [ -89.370726314591622, 43.095138568080976 ], [ -89.370861762089774, 43.095047580279946 ], [ -89.370969191824045, 43.095051326931312 ], [ -89.372029923320468, 43.095274848674933 ], [ -89.37208535378501, 43.095293869557082 ], [ -89.372117079594886, 43.095320231151234 ], [ -89.372137203586064, 43.095355608456217 ], [ -89.372133380173793, 43.095563587310579 ], [ -89.372117947786776, 43.096078592096944 ], [ -89.372111268687732, 43.096232188386445 ], [ -89.372145198046155, 43.096268121686116 ], [ -89.372202535444515, 43.096258752416276 ], [ -89.372265464071077, 43.096182553199469 ], [ -89.372283683185856, 43.095466615973095 ], [ -89.372294404041227, 43.095439876000626 ], [ -89.372357631852097, 43.095384327829358 ], [ -89.372396129497972, 43.095296485903155 ], [ -89.372394362957337, 43.095265084271837 ], [ -89.372325398357972, 43.095229671334515 ], [ -89.372250777653619, 43.095203564713422 ], [ -89.370932995542518, 43.09491938586612 ], [ -89.370896715483227, 43.094871811059392 ], [ -89.370889115794796, 43.094766701252333 ], [ -89.370903239617334, 43.094660116918462 ], [ -89.370971427885024, 43.094381506396736 ], [ -89.371099328353111, 43.094172465983533 ], [ -89.371261432032369, 43.094033268566278 ], [ -89.371344437731892, 43.093984374276722 ], [ -89.37140514713839, 43.093992669553572 ], [ -89.371489759350325, 43.094052210854457 ], [ -89.371517614761132, 43.094034683856506 ], [ -89.371546625168392, 43.093958429472991 ], [ -89.371667654858655, 43.093801493028849 ], [ -89.371774939495666, 43.093714527733788 ], [ -89.371914609187613, 43.093645252726674 ], [ -89.371986286597675, 43.0936424623888 ], [ -89.372098900758104, 43.093670148403689 ], [ -89.372195560682357, 43.093783934456475 ], [ -89.372220218198066, 43.093748982663364 ], [ -89.372185351588769, 43.093708832893 ], [ -89.372201088175672, 43.093656383770103 ], [ -89.372325966519881, 43.093547227387688 ], [ -89.372393583224209, 43.093517352830069 ], [ -89.372443731595595, 43.093531059759002 ], [ -89.372590695355285, 43.093440767971785 ], [ -89.372820389226092, 43.093380045790447 ], [ -89.372912474562781, 43.093356544285314 ], [ -89.372992708720389, 43.093356421297202 ], [ -89.373054827356739, 43.093402000230341 ], [ -89.373115784537973, 43.093467166597556 ], [ -89.373151533666032, 43.093485513353144 ], [ -89.373206604176588, 43.093479950926401 ], [ -89.373230752236523, 43.093425319819403 ], [ -89.373120145311518, 43.093286357368299 ], [ -89.37312268831748, 43.09323016794248 ], [ -89.373186392312235, 43.093151252911106 ], [ -89.373394473685394, 43.092977201375277 ], [ -89.373531916261655, 43.092846648254287 ], [ -89.373574657598454, 43.092777545071712 ], [ -89.373676811123062, 43.092550838024366 ], [ -89.37399396121107, 43.091995440412177 ], [ -89.374016478243291, 43.091909441760492 ], [ -89.374133229790758, 43.091691195054949 ], [ -89.374398430446405, 43.091353823606589 ], [ -89.374559031615746, 43.091205531618435 ], [ -89.374762578039125, 43.090897804507748 ], [ -89.375191669308307, 43.089914456682727 ], [ -89.375245695902407, 43.089840176500431 ], [ -89.375263830826796, 43.089760733902096 ], [ -89.375582589017583, 43.088967623003732 ], [ -89.375801980815567, 43.088554834368942 ], [ -89.376172086409312, 43.087953800503698 ], [ -89.376550144005307, 43.087474985100393 ], [ -89.377182970607322, 43.087060651324904 ], [ -89.377839928178659, 43.086696251063564 ], [ -89.378636208214303, 43.086190808460202 ], [ -89.379058269080659, 43.08578091579443 ], [ -89.379591128477628, 43.08519908509377 ], [ -89.379717191339495, 43.084991778434741 ], [ -89.380293058617085, 43.08432891525753 ], [ -89.381367339936716, 43.083171640511814 ], [ -89.381629139793915, 43.082862506585975 ], [ -89.381901692534598, 43.082662498710093 ], [ -89.382309072073951, 43.082370533417567 ], [ -89.38252542400798, 43.082168142563823 ], [ -89.382988512956246, 43.081809865665321 ], [ -89.374635858313312, 43.075430669183504 ], [ -89.374407412054765, 43.075533952539573 ], [ -89.374361329667138, 43.075559833726125 ], [ -89.374325813904022, 43.075565342797489 ], [ -89.374219042824365, 43.075604261699837 ], [ -89.374150331957281, 43.075646533174357 ], [ -89.373749984231281, 43.075777633457633 ], [ -89.373634420613612, 43.075806257218595 ], [ -89.373429563839451, 43.075896165906812 ], [ -89.373358132492029, 43.075944541138647 ], [ -89.373273503381043, 43.075983092365107 ], [ -89.37288268515114, 43.076049216194079 ], [ -89.372722521693333, 43.076103605030468 ], [ -89.372463025854003, 43.07623592366626 ], [ -89.37228971313256, 43.076372701545274 ], [ -89.372201114544339, 43.07636570956771 ], [ -89.372000585064981, 43.076465391793121 ], [ -89.371893422328739, 43.076539579757991 ], [ -89.371585891553067, 43.076697196041088 ], [ -89.371210657589501, 43.076971482295427 ], [ -89.371050021401857, 43.07707138494267 ], [ -89.370860886440823, 43.077123552958888 ], [ -89.370022640813787, 43.07730763797381 ], [ -89.369863411873467, 43.077349307482379 ], [ -89.369370347591541, 43.077440864281954 ], [ -89.368824516464528, 43.077489858223196 ], [ -89.368584583628135, 43.07754054780046 ], [ -89.368151726454826, 43.077613546739229 ], [ -89.367600034241448, 43.077748680847527 ], [ -89.366952351394858, 43.077990085142652 ], [ -89.366788034775041, 43.078062151561127 ], [ -89.366716662949329, 43.078104022124414 ], [ -89.366348172486369, 43.078213927116771 ], [ -89.366223116731135, 43.07824108058638 ], [ -89.366089576231161, 43.07829235609411 ], [ -89.365965175118845, 43.078317674294624 ], [ -89.365840704095447, 43.078349491962342 ], [ -89.365700726804761, 43.07840302850142 ], [ -89.365626858588456, 43.078449091625878 ], [ -89.365506852267615, 43.0784776824716 ], [ -89.365364109495658, 43.078561420151033 ], [ -89.365261680741057, 43.078592049199848 ], [ -89.365060351688797, 43.078698458800851 ], [ -89.364842836284751, 43.078805611517922 ], [ -89.364615215833496, 43.078950648526735 ], [ -89.364283991426589, 43.079082101450403 ], [ -89.364172666049711, 43.079136421102355 ], [ -89.364147292234193, 43.079195293799238 ], [ -89.364107821570713, 43.079220796155596 ], [ -89.364062255552923, 43.079237185469609 ], [ -89.364014672676774, 43.079249025524867 ], [ -89.363907241561463, 43.079262042120909 ], [ -89.363752107397048, 43.079250430871632 ], [ -89.363582578215585, 43.079262307398544 ], [ -89.363491578518534, 43.079289847965072 ], [ -89.363424525499127, 43.079326341475344 ], [ -89.363296234672205, 43.079482575494815 ], [ -89.363283635682905, 43.079503689898651 ], [ -89.363223292799987, 43.079551771956154 ], [ -89.363132789562513, 43.079602585526146 ], [ -89.362924573723205, 43.079735493998619 ], [ -89.362597053860824, 43.079907084886386 ], [ -89.362491567411851, 43.079967027974263 ], [ -89.36233425777688, 43.080075761782446 ], [ -89.362166458404445, 43.080178429484043 ], [ -89.36201642981041, 43.080261535373985 ], [ -89.361761061535844, 43.080395782359439 ], [ -89.361587678285431, 43.080502040364195 ], [ -89.361462883649097, 43.080552619311682 ], [ -89.361336881522703, 43.080667922894854 ], [ -89.36110889330827, 43.080787187283924 ], [ -89.360849142508002, 43.08092710052496 ], [ -89.360694976319792, 43.081053889789061 ], [ -89.36054219865359, 43.08111788760074 ], [ -89.360398894960781, 43.081197099342724 ], [ -89.360219732455633, 43.081261535219873 ], [ -89.360062843635092, 43.081329366395991 ], [ -89.360013765155301, 43.081329090405099 ], [ -89.359906231492261, 43.081371022552347 ], [ -89.359798630871083, 43.081419498300406 ], [ -89.359700264706106, 43.081438579873087 ], [ -89.359633369512494, 43.08143493030623 ], [ -89.359575673749035, 43.081405156686124 ], [ -89.359551079132743, 43.081409926362582 ], [ -89.359403321844809, 43.081458176322236 ], [ -89.359071629599384, 43.081600281863764 ], [ -89.358964897967553, 43.081655283942609 ], [ -89.358495428247153, 43.081865578887829 ], [ -89.357972716709597, 43.082133591641309 ], [ -89.35769887457802, 43.082285041698796 ], [ -89.357399589025761, 43.082464157511822 ], [ -89.357173518745384, 43.082607207499223 ], [ -89.357069930870736, 43.082698240649506 ], [ -89.356768958457963, 43.082853765785281 ], [ -89.35664562827985, 43.08294616081222 ], [ -89.356667316641364, 43.083005182081273 ], [ -89.356213822730695, 43.083270931119529 ], [ -89.356019347082409, 43.083402188595869 ], [ -89.35595154724696, 43.08345679451363 ], [ -89.35593251518813, 43.083486980992014 ], [ -89.355719379740663, 43.083615134398698 ], [ -89.35571283903073, 43.083626857117991 ], [ -89.355670877728855, 43.083650139951828 ], [ -89.355632028989433, 43.083682847741159 ], [ -89.355609442095627, 43.083694480109415 ], [ -89.355586734388496, 43.083717871325888 ], [ -89.355515674850025, 43.083762157224427 ], [ -89.355447769729366, 43.083811164149616 ], [ -89.355378022288932, 43.083845675627956 ], [ -89.355357921993885, 43.083860693779073 ], [ -89.355298054914442, 43.083913298513842 ], [ -89.355225248166931, 43.083968237707523 ], [ -89.355133289475347, 43.08404892562789 ], [ -89.355100256982368, 43.084084141625098 ], [ -89.354926539643699, 43.084224300598507 ], [ -89.354856887942574, 43.084299637702728 ], [ -89.354774516801029, 43.084421563706755 ], [ -89.354695345874617, 43.084495095798708 ], [ -89.35466716220381, 43.084531538666262 ], [ -89.354643452481213, 43.084556515979408 ], [ -89.354587658727468, 43.084645918875538 ], [ -89.354572475890564, 43.08467572125285 ], [ -89.354559189795907, 43.084688149197213 ], [ -89.354546402268994, 43.084691652032113 ], [ -89.354517895467865, 43.084723617567704 ], [ -89.354492614906491, 43.084746425576185 ], [ -89.354451322407996, 43.08480356475755 ], [ -89.35438492039782, 43.084867447904834 ], [ -89.354321767971228, 43.084919871953531 ], [ -89.354293167297811, 43.084961021107588 ], [ -89.354236153149998, 43.0850249547426 ], [ -89.354106124568204, 43.085209327049604 ], [ -89.353812463490769, 43.085450055865259 ], [ -89.353684378661796, 43.085489443275904 ], [ -89.353615768157098, 43.085522662707582 ], [ -89.352274643093438, 43.086434051151279 ], [ -89.351077217130623, 43.087518065160431 ], [ -89.350718266006183, 43.087883100560781 ], [ -89.350618049526048, 43.087958028002831 ], [ -89.350328028896485, 43.088216472134057 ], [ -89.35010958653902, 43.088358656839596 ], [ -89.349535181693938, 43.088615718715417 ], [ -89.349465529568477, 43.08864425716056 ], [ -89.348804938536219, 43.088835440705417 ], [ -89.348341452913729, 43.089012422711853 ], [ -89.348141685554467, 43.089068602097775 ], [ -89.348088670278358, 43.089076061114653 ], [ -89.347939183417807, 43.089109049204637 ], [ -89.347611892571024, 43.089167054859217 ], [ -89.347543477607118, 43.089166662810825 ], [ -89.347274174131655, 43.089204168620903 ], [ -89.34685728486761, 43.089339760587329 ], [ -89.346578304094407, 43.089393096555803 ], [ -89.346213319185694, 43.089458423517371 ], [ -89.345977974077854, 43.089519188512149 ], [ -89.345946951459609, 43.089532408323421 ], [ -89.345874270072386, 43.089548472571138 ], [ -89.345767311888878, 43.089547778319066 ], [ -89.345638488839256, 43.089566403498701 ], [ -89.345417992257396, 43.089634759719843 ], [ -89.345151391973957, 43.089700863938795 ], [ -89.344918507054714, 43.08972174316213 ], [ -89.344709510953138, 43.089744891940583 ], [ -89.344567078697224, 43.089754506595121 ], [ -89.344467455576307, 43.089753932217192 ], [ -89.344429687381165, 43.089736322197304 ], [ -89.344311350490003, 43.089711291839002 ], [ -89.344206944451031, 43.089714169464486 ], [ -89.344111803773956, 43.089737969850034 ], [ -89.343912373334106, 43.089754213629043 ], [ -89.343808152720911, 43.089739699277906 ], [ -89.343741753379476, 43.089720323221151 ], [ -89.343551025919297, 43.089711165202701 ], [ -89.343451981937349, 43.089772428136513 ], [ -89.343335357175164, 43.089784887128786 ], [ -89.343268499639024, 43.089785758240311 ], [ -89.343143614339766, 43.089774446889201 ], [ -89.342728793141632, 43.089734755895662 ], [ -89.342716180250605, 43.089738636470464 ], [ -89.342318435766146, 43.089706171052917 ], [ -89.342251287654776, 43.089704831620992 ], [ -89.342141525214785, 43.089692994179892 ], [ -89.341907788181459, 43.089684744834116 ], [ -89.341212450032685, 43.089739450854026 ], [ -89.340175525152233, 43.089919118614148 ], [ -89.339315891894756, 43.090158602870417 ], [ -89.339010424265524, 43.090208731056975 ], [ -89.338805526989702, 43.090264812109837 ], [ -89.338538270102603, 43.090310708497704 ], [ -89.33818743291998, 43.090330089889981 ], [ -89.337892454316062, 43.090287908499327 ], [ -89.337663741571632, 43.090280201452359 ], [ -89.337499236151572, 43.0902987857109 ], [ -89.337350651516871, 43.090340055065568 ], [ -89.337271968873168, 43.090392461755656 ], [ -89.337169398943814, 43.090431514759921 ], [ -89.337061255301663, 43.090430885302354 ], [ -89.336947147865345, 43.090425813805645 ], [ -89.336713211132547, 43.090389206847021 ], [ -89.33662347214613, 43.090353442702217 ], [ -89.336264228545957, 43.090236805847191 ], [ -89.335798184218305, 43.090151957139369 ], [ -89.335536293100944, 43.090147761784195 ], [ -89.335209182423114, 43.090119176661098 ], [ -89.334947694499093, 43.090077638699185 ], [ -89.334804371425122, 43.090084198189658 ], [ -89.334741120056549, 43.090106923313705 ], [ -89.334677452770023, 43.090168141779507 ], [ -89.334656115806936, 43.090198813484449 ], [ -89.334647616681337, 43.090282795352415 ], [ -89.334625005773418, 43.090358521501827 ], [ -89.334449938292096, 43.090598384773706 ], [ -89.334360949246573, 43.090768213150831 ], [ -89.334353067622018, 43.090825392275306 ], [ -89.334279615698946, 43.090902154035177 ], [ -89.334250007315447, 43.090953882553507 ], [ -89.334191272412269, 43.091019187385577 ], [ -89.334081662733183, 43.090979898279649 ], [ -89.333974072800302, 43.091149899243753 ], [ -89.334019530859877, 43.091164875040562 ], [ -89.333891379449753, 43.091352322022757 ], [ -89.333575556232645, 43.091814267659842 ], [ -89.333321663222591, 43.092185625818864 ], [ -89.332905822166467, 43.092793845397772 ], [ -89.332693976584977, 43.093103690565961 ], [ -89.33263411398805, 43.093156484105414 ], [ -89.332546411739557, 43.093233830338491 ], [ -89.33244782453734, 43.093320775635206 ], [ -89.332400363757515, 43.093299611263056 ], [ -89.332329000063396, 43.093395999158027 ], [ -89.332281999717637, 43.093473999106401 ], [ -89.332077000297147, 43.09390899925986 ], [ -89.331883999444273, 43.09458099934578 ], [ -89.331881000422797, 43.094961999280656 ], [ -89.331930000223977, 43.095243998648989 ], [ -89.332074000351895, 43.09550199876022 ], [ -89.332638999647287, 43.096198998651502 ], [ -89.332806999801818, 43.096713999443701 ], [ -89.332857000428291, 43.097141998810031 ], [ -89.33280099939094, 43.097372998868927 ], [ -89.332570000179686, 43.097882998958866 ], [ -89.331999086355111, 43.098837798668967 ], [ -89.331848744383535, 43.099026050120862 ], [ -89.33164557972232, 43.099277378134012 ], [ -89.331444295569966, 43.099575860749013 ], [ -89.330839447013489, 43.100374110220478 ], [ -89.329547754339046, 43.102000329788389 ], [ -89.329374167876267, 43.102219206531174 ], [ -89.329079616218607, 43.102605848526863 ], [ -89.328844349444026, 43.103191850481203 ], [ -89.328806770567127, 43.104014042496054 ], [ -89.328230332612733, 43.104321217135251 ], [ -89.324821946923151, 43.106143062705577 ], [ -89.324376687669726, 43.106539703674699 ], [ -89.324378819005418, 43.106539725298028 ], [ -89.324813472798766, 43.106544075195899 ], [ -89.326509074333458, 43.106569267596242 ], [ -89.33056654769392, 43.10660293393525 ], [ -89.332582156297676, 43.106629818661958 ], [ -89.334766895427336, 43.10665173955487 ], [ -89.336306185346245, 43.106693366904523 ], [ -89.336644896569268, 43.10671580254165 ], [ -89.337008833441899, 43.106759347039223 ], [ -89.33734486699143, 43.106822001275603 ], [ -89.337637935569617, 43.106897296170708 ], [ -89.338004946742814, 43.107019650515973 ], [ -89.338361541665535, 43.107162943123846 ], [ -89.338601121438458, 43.107291846676951 ], [ -89.338931171563615, 43.107474467677207 ], [ -89.341663958734728, 43.109715585799293 ], [ -89.342120633093231, 43.110005334156277 ], [ -89.342516026720645, 43.110203027421619 ], [ -89.342850102486707, 43.110343201137368 ], [ -89.343148763637714, 43.110440367095791 ], [ -89.343445399170889, 43.110521787283773 ], [ -89.343723301652261, 43.110581953374826 ], [ -89.344113763146908, 43.110642195618091 ], [ -89.344245066224829, 43.110652280675971 ], [ -89.344592942104995, 43.11067693395065 ], [ -89.344977287983596, 43.110678652902358 ], [ -89.346228405999199, 43.110681871630753 ], [ -89.346820986457487, 43.110672737606635 ], [ -89.348084975953725, 43.110669728457005 ], [ -89.348991390866601, 43.110694566579177 ], [ -89.349431740190141, 43.110725064473961 ], [ -89.349940298594234, 43.110816037149462 ], [ -89.350462515004324, 43.110985916808957 ], [ -89.350688085046116, 43.111090811197606 ], [ -89.351557431783306, 43.11157548956291 ], [ -89.352546921139535, 43.112187157954622 ], [ -89.353048151330412, 43.112493661152804 ], [ -89.353680731987552, 43.112878007358596 ], [ -89.353815284956937, 43.112959758960066 ], [ -89.354265287236942, 43.113234920815849 ], [ -89.354325529713961, 43.113271756987892 ], [ -89.354334359766312, 43.113277156500125 ] ] ] } },
{ "type": "Feature", "properties": { "OBJECTID": 22, "District_Name": "Far Northeast", "sequence": 11, "Anticipated_Timing": "2030 - 2031", "ShapeSTArea": 446298542.35269719, "ShapeSTLength": 127590.38477134822 }, "geometry": { "type": "Polygon", "coordinates": [ [ [ -89.239190274400528, 43.106358395029723 ], [ -89.238591552498875, 43.107081977737714 ], [ -89.237274441256261, 43.107532058912184 ], [ -89.234491946356016, 43.108015901570532 ], [ -89.234265252568633, 43.109578029733399 ], [ -89.23423559151577, 43.110337610513611 ], [ -89.234350602159708, 43.110507968334943 ], [ -89.234349234232084, 43.111172619710089 ], [ -89.234141576960013, 43.111946081945042 ], [ -89.23392610431992, 43.114836420646256 ], [ -89.22893299734605, 43.114970602390258 ], [ -89.228774216146689, 43.118583176860007 ], [ -89.218749532592255, 43.118762786373082 ], [ -89.218317635434744, 43.126006013878573 ], [ -89.213319355656409, 43.126098063949641 ], [ -89.212526620412078, 43.139467490378749 ], [ -89.212306737869554, 43.147847736916319 ], [ -89.227178004878937, 43.147519130837637 ], [ -89.227071818861546, 43.151122656445018 ], [ -89.232058940658717, 43.151094244188194 ], [ -89.236922041239865, 43.149237723065824 ], [ -89.23806507341655, 43.149471458205831 ], [ -89.238844103389198, 43.150110980651 ], [ -89.238825919668656, 43.151041855194414 ], [ -89.245779607603382, 43.150948818629381 ], [ -89.245507549795079, 43.158263839865363 ], [ -89.248761711509488, 43.158201708670369 ], [ -89.257567522408792, 43.154021098266639 ], [ -89.258461485930468, 43.153572159248249 ], [ -89.259248586248574, 43.153151128841692 ], [ -89.260004959839506, 43.152700246609754 ], [ -89.260863815205781, 43.152123842912211 ], [ -89.261672344325717, 43.151518712339467 ], [ -89.262529995221627, 43.150806383315121 ], [ -89.263380527195537, 43.150023077435748 ], [ -89.264399079491341, 43.148940151932145 ], [ -89.265304448608177, 43.147924263992266 ], [ -89.265810989019258, 43.148139963206731 ], [ -89.265798800665678, 43.148474038041513 ], [ -89.265725805374572, 43.150474654155211 ], [ -89.270576779845769, 43.150465466124963 ], [ -89.270578490351369, 43.150877116009767 ], [ -89.27554025742873, 43.150870199220982 ], [ -89.275461331872592, 43.153804531281821 ], [ -89.275458034565915, 43.153918786326791 ], [ -89.275400715612832, 43.156043814916764 ], [ -89.275352809153105, 43.157728772927356 ], [ -89.275271396192551, 43.160718904958877 ], [ -89.275187826000959, 43.163781439981712 ], [ -89.275176201581459, 43.164195800610536 ], [ -89.275153134725542, 43.16505513579682 ], [ -89.285070382406062, 43.165009158024631 ], [ -89.285260087545723, 43.165006527983984 ], [ -89.285259685764174, 43.165029549057856 ], [ -89.288728478714887, 43.164977783837472 ], [ -89.288734040427059, 43.16495849422671 ], [ -89.289982052482486, 43.164940945422046 ], [ -89.28998664168958, 43.164786061761113 ], [ -89.294923225561476, 43.164712092839949 ], [ -89.294920406832432, 43.164784680007322 ], [ -89.294757440385126, 43.172020493628942 ], [ -89.29475882371905, 43.172914026421729 ], [ -89.29470627989835, 43.174911674462834 ], [ -89.294562523490242, 43.180376505829564 ], [ -89.292528613301997, 43.180388887263305 ], [ -89.292167676605928, 43.180505793693669 ], [ -89.291810041046475, 43.180876856166108 ], [ -89.291661220816238, 43.181253196857071 ], [ -89.291376556495692, 43.181972142804661 ], [ -89.290528624566335, 43.182344320150733 ], [ -89.289488906035501, 43.182526583675951 ], [ -89.290059888195842, 43.184023660984138 ], [ -89.29096571775824, 43.186348687592002 ], [ -89.291525831618159, 43.187921216792709 ], [ -89.292402973295779, 43.190185079847247 ], [ -89.292859005874121, 43.190178028228431 ], [ -89.297250262811403, 43.190110036419696 ], [ -89.296904601545265, 43.194713548417404 ], [ -89.298077513466836, 43.194716543323118 ], [ -89.299630720737454, 43.194719709284875 ], [ -89.301841890321626, 43.194695442615128 ], [ -89.306538856810732, 43.194670421275902 ], [ -89.309687041450815, 43.194667476529347 ], [ -89.310710948804058, 43.194669739560368 ], [ -89.310766159505874, 43.194541171493945 ], [ -89.310946850262297, 43.194179998168508 ], [ -89.311665560175356, 43.193618147292348 ], [ -89.311829971575449, 43.192875030237019 ], [ -89.311855902841884, 43.192836582072005 ], [ -89.311902766142722, 43.192819062956112 ], [ -89.31194325630274, 43.192758146515772 ], [ -89.311947810861909, 43.192723666035043 ], [ -89.311922945193302, 43.192666857715452 ], [ -89.311923146997799, 43.192618899713011 ], [ -89.311948911048589, 43.192577570200008 ], [ -89.311991414559444, 43.19253117580724 ], [ -89.312006565875038, 43.192493232089888 ], [ -89.31198664196107, 43.192454177258661 ], [ -89.311950934030108, 43.1924060407149 ], [ -89.311945093736796, 43.192357785272698 ], [ -89.311954648724495, 43.192321356418269 ], [ -89.311991341656437, 43.192258000679921 ], [ -89.312017740644364, 43.19219522369059 ], [ -89.312054582897034, 43.192134269494353 ], [ -89.312071382929958, 43.19208031757973 ], [ -89.312068091470266, 43.19203617976661 ], [ -89.312045237008334, 43.191989123992215 ], [ -89.312025341744373, 43.191938297910063 ], [ -89.312030396920917, 43.191898993458224 ], [ -89.312094241680001, 43.191882946911932 ], [ -89.312179246157541, 43.191879411084727 ], [ -89.312219173544932, 43.191894527578221 ], [ -89.3122677395978, 43.191897725346202 ], [ -89.312339948420544, 43.191869170133479 ], [ -89.312430663160015, 43.19183268576527 ], [ -89.3124838044765, 43.191798538892073 ], [ -89.312483016088336, 43.191766113559439 ], [ -89.312468184331792, 43.191712966583978 ], [ -89.312468248443409, 43.191677106450967 ], [ -89.312484109243201, 43.191626670195241 ], [ -89.312464209194587, 43.191582511093635 ], [ -89.312404465695664, 43.191513562463065 ], [ -89.312395561485175, 43.19147730940405 ], [ -89.312424930235608, 43.191447032642905 ], [ -89.312556339696243, 43.191365410177525 ], [ -89.312583241019354, 43.191334225532174 ], [ -89.312588270306904, 43.191293346781606 ], [ -89.312593665554857, 43.191223881751398 ], [ -89.312157397105508, 43.191209126415359 ], [ -89.312472169013006, 43.189111835130056 ], [ -89.312500227550046, 43.189072728165506 ], [ -89.312672348588066, 43.188924775944599 ], [ -89.31277580237483, 43.18883945503822 ], [ -89.312860668427405, 43.188779344743942 ], [ -89.312880554673072, 43.188743188463 ], [ -89.312892024859806, 43.188675085599918 ], [ -89.312912181458373, 43.188635596562179 ], [ -89.312956204690025, 43.188563450942411 ], [ -89.312961647038094, 43.188522446533874 ], [ -89.312932413929005, 43.188487136309924 ], [ -89.312888091285174, 43.188464948407002 ], [ -89.312837559778984, 43.188467955996352 ], [ -89.312735445536546, 43.188495753920549 ], [ -89.312653924605826, 43.188513008056013 ], [ -89.312591812090531, 43.18851028354085 ], [ -89.312557154523816, 43.188493542153545 ], [ -89.312508353430061, 43.188456790072912 ], [ -89.312466315175541, 43.188391981647086 ], [ -89.312491462414471, 43.188343560530306 ], [ -89.312545315220845, 43.188302606056837 ], [ -89.312610643539145, 43.188274704735804 ], [ -89.31268023602189, 43.188256735370437 ], [ -89.312762109559287, 43.188244356403658 ], [ -89.313016319690476, 43.188219666485331 ], [ -89.313101264527546, 43.188220502524864 ], [ -89.313170311546656, 43.188233188281487 ], [ -89.313268518763692, 43.188264789056774 ], [ -89.313364694438846, 43.188289882016683 ], [ -89.313443892535574, 43.188303132596182 ], [ -89.313502058322527, 43.188304011337564 ], [ -89.313540402560378, 43.188291604935671 ], [ -89.31357231830799, 43.188266002608827 ], [ -89.313591905871235, 43.188230080839894 ], [ -89.313590575500598, 43.188156059425772 ], [ -89.313581612172712, 43.188084275586732 ], [ -89.313605402312746, 43.188043111209915 ], [ -89.313661870774311, 43.18795956944281 ], [ -89.313684105837453, 43.187886483018836 ], [ -89.313688376400535, 43.187817759392637 ], [ -89.313681567887173, 43.187753754316702 ], [ -89.313704023554081, 43.187720738008899 ], [ -89.313756766317169, 43.187698800674738 ], [ -89.313813018597017, 43.187688627124622 ], [ -89.313878027382273, 43.187684958623358 ], [ -89.313932851256467, 43.187690967164883 ], [ -89.313998419493004, 43.187717434816989 ], [ -89.314038455677149, 43.187742125882579 ], [ -89.314083261795815, 43.187776094992167 ], [ -89.314130952657294, 43.187818361972006 ], [ -89.314172822430507, 43.187859459638538 ], [ -89.31425244797893, 43.187957477216933 ], [ -89.314315400790278, 43.188090013446846 ], [ -89.31435709195722, 43.188174133058766 ], [ -89.314379352260275, 43.188203196085752 ], [ -89.314416389232193, 43.188227597969124 ], [ -89.31446430117866, 43.188240248672102 ], [ -89.314533012980803, 43.188239441943956 ], [ -89.3146078038952, 43.188221788620126 ], [ -89.314650791662217, 43.188202238643264 ], [ -89.314689865058881, 43.188156817484568 ], [ -89.314732675814696, 43.18807533077586 ], [ -89.314769266061489, 43.187987435027701 ], [ -89.314795730457945, 43.187907802446361 ], [ -89.314797321194803, 43.187869001342094 ], [ -89.314779017519513, 43.187829664049623 ], [ -89.31474148405573, 43.187800837905918 ], [ -89.314662371217921, 43.187759494897584 ], [ -89.314609337170808, 43.187715481462639 ], [ -89.314570753271425, 43.187660053210791 ], [ -89.314524279143853, 43.187545352440161 ], [ -89.314495653346967, 43.187493868678544 ], [ -89.314432629323022, 43.187409026087352 ], [ -89.314367227661407, 43.187330532212513 ], [ -89.314268950763491, 43.187215267743156 ], [ -89.31422824041239, 43.187176784140178 ], [ -89.314173497907319, 43.187142957833963 ], [ -89.314116443281904, 43.187116618916583 ], [ -89.314070948986853, 43.187097899281191 ], [ -89.313987177248819, 43.187060478469668 ], [ -89.313938985188685, 43.187030776115783 ], [ -89.31389049828806, 43.186977882809792 ], [ -89.313889954472231, 43.186941705237011 ], [ -89.31392700906855, 43.186913733239493 ], [ -89.313981885876288, 43.186903981345658 ], [ -89.314079486125266, 43.186928636719109 ], [ -89.314120648376516, 43.186944354089391 ], [ -89.314173206223771, 43.186965517788416 ], [ -89.314216175640283, 43.186980450154103 ], [ -89.314265911546244, 43.18698216034651 ], [ -89.314349949511779, 43.186966107241183 ], [ -89.314427371257025, 43.186937249566192 ], [ -89.314497982698029, 43.186895413436382 ], [ -89.3145421774026, 43.186856277910699 ], [ -89.314574078225945, 43.186814670898016 ], [ -89.314590837120846, 43.186770163095574 ], [ -89.314594715417556, 43.186731619755697 ], [ -89.314590507714428, 43.186685823152331 ], [ -89.314575552297214, 43.186644635687784 ], [ -89.314548909157864, 43.186601894502807 ], [ -89.314505873700213, 43.186548990370028 ], [ -89.314406507473734, 43.186437508026877 ], [ -89.314368824007559, 43.186403627640942 ], [ -89.314330905496377, 43.18638592962553 ], [ -89.314286367755003, 43.186382416986035 ], [ -89.314237502013853, 43.186376492529469 ], [ -89.31418151186611, 43.186356559637474 ], [ -89.314134118890891, 43.18633086618636 ], [ -89.314110452965963, 43.186314642368231 ], [ -89.314076973731005, 43.18628443639053 ], [ -89.314054189437783, 43.186252352117144 ], [ -89.314042294051291, 43.186218598556692 ], [ -89.31404255053738, 43.186177748499368 ], [ -89.314054929201234, 43.186143151958603 ], [ -89.314084310018472, 43.186103412172564 ], [ -89.314121815556234, 43.186089350427004 ], [ -89.314180868280005, 43.186087603218233 ], [ -89.314272871321279, 43.186096453988547 ], [ -89.314346449561185, 43.186101073159897 ], [ -89.31441351707852, 43.18609523709052 ], [ -89.314461684891697, 43.186083102436818 ], [ -89.314494211126288, 43.186069727154063 ], [ -89.314532238419318, 43.186046360698825 ], [ -89.314569969208605, 43.186008983248996 ], [ -89.314591516916323, 43.185973331358646 ], [ -89.314617457190877, 43.185913056394718 ], [ -89.314640640870493, 43.185885082844244 ], [ -89.314668488587046, 43.185869898453845 ], [ -89.314696402002369, 43.185866356701801 ], [ -89.31472629605129, 43.185869687139295 ], [ -89.314740404035021, 43.185875655319151 ], [ -89.314758946373715, 43.185894948893001 ], [ -89.31477254648135, 43.185917714856039 ], [ -89.31478596939661, 43.185947553509408 ], [ -89.314800293257818, 43.185986925792058 ], [ -89.314816841624676, 43.186032303714818 ], [ -89.314836689103728, 43.18606004218347 ], [ -89.314867895357594, 43.186087494256434 ], [ -89.314883935182067, 43.18610367117639 ], [ -89.314906632015607, 43.186143784850515 ], [ -89.31492814324416, 43.186176080183387 ], [ -89.314945149348461, 43.186208779035013 ], [ -89.314960182434945, 43.186252763087623 ], [ -89.314969928230738, 43.186282276047336 ], [ -89.314985582542008, 43.186320618952543 ], [ -89.315006771981174, 43.186352696148148 ], [ -89.315033662865943, 43.186382586965948 ], [ -89.315060641700143, 43.186407911734968 ], [ -89.315149607896799, 43.186475559627155 ], [ -89.315195876071002, 43.186503981561025 ], [ -89.315242188500306, 43.186528913893056 ], [ -89.315285167895354, 43.186555745874557 ], [ -89.31543423880025, 43.186665867823535 ], [ -89.31546139164378, 43.186685371817909 ], [ -89.315482631515493, 43.186699976546898 ], [ -89.31551071804796, 43.186718040364767 ], [ -89.315541281120971, 43.186735158691896 ], [ -89.315570930597616, 43.186745719051999 ], [ -89.315593515039694, 43.186748244989047 ], [ -89.315609774232172, 43.186746682261507 ], [ -89.31562543952532, 43.186742158604559 ], [ -89.315635481157074, 43.186737533409051 ], [ -89.315650046574063, 43.186728163576369 ], [ -89.315668518372931, 43.186711161062817 ], [ -89.315681695678379, 43.186695044709658 ], [ -89.315699306769886, 43.186667913650631 ], [ -89.315711716797864, 43.186648790301781 ], [ -89.315726961195438, 43.186628771300654 ], [ -89.3157355351658, 43.186618574115684 ], [ -89.315754444905693, 43.186597968959973 ], [ -89.315764726450695, 43.186587619443983 ], [ -89.315786706328836, 43.186567051336468 ], [ -89.315810594993266, 43.186546625409157 ], [ -89.315836263098006, 43.18652645045097 ], [ -89.315863614566354, 43.18650660197865 ], [ -89.315889077790601, 43.186490357483706 ], [ -89.315917406457928, 43.18647515343612 ], [ -89.315948071152647, 43.186461273769588 ], [ -89.315991422450324, 43.186445356358909 ], [ -89.31603575764845, 43.186433064479772 ], [ -89.316089329198505, 43.186423679402608 ], [ -89.31612820284721, 43.18642139676286 ], [ -89.316176186398749, 43.186426874056103 ], [ -89.316195371407758, 43.186441202227797 ], [ -89.316196168695484, 43.18647598039658 ], [ -89.316170184298073, 43.186539059428945 ], [ -89.316121508227894, 43.186623924685051 ], [ -89.316054896257569, 43.186743087199865 ], [ -89.316035403488939, 43.186810651924837 ], [ -89.316036289487556, 43.186860942214324 ], [ -89.316065715219636, 43.186934827617236 ], [ -89.316105649295508, 43.186978214405606 ], [ -89.316149452569135, 43.186984241391521 ], [ -89.316259238502255, 43.186957067669418 ], [ -89.316408636942043, 43.186900138539308 ], [ -89.316637299711701, 43.186804224905124 ], [ -89.316783351797852, 43.186747933963694 ], [ -89.316866206393215, 43.18673062230949 ], [ -89.316989355377558, 43.186723993771921 ], [ -89.317133855805054, 43.186735995700921 ], [ -89.317304982861074, 43.186839011261284 ], [ -89.317345686311626, 43.186842206891484 ], [ -89.317396931135832, 43.186824665218964 ], [ -89.317422025517828, 43.186769964877882 ], [ -89.31744764661596, 43.18650606578408 ], [ -89.317484321096074, 43.186451048376419 ], [ -89.317562222686632, 43.186418705698273 ], [ -89.317658374482278, 43.186420314564479 ], [ -89.317723443649498, 43.186445285499417 ], [ -89.317902880046589, 43.186556186177874 ], [ -89.317977878261601, 43.186583457613388 ], [ -89.318117637597979, 43.186603622251098 ], [ -89.318248853211685, 43.186579381448581 ], [ -89.318394176316247, 43.186525274096546 ], [ -89.318529169853534, 43.18656325197189 ], [ -89.318607204761065, 43.186625137555417 ], [ -89.318609980243792, 43.186735645122354 ], [ -89.318648262905967, 43.186861352073279 ], [ -89.318912568098412, 43.186980266526106 ], [ -89.319068604440119, 43.187050469506353 ], [ -89.319105719854718, 43.186396828016377 ], [ -89.319664559875477, 43.18641245243299 ], [ -89.321155036826568, 43.18640344833188 ], [ -89.32295743334285, 43.186409240667174 ], [ -89.322953710008576, 43.186171861101933 ], [ -89.322670380927761, 43.18616861007785 ], [ -89.32268328808, 43.185805042398322 ], [ -89.322547986871541, 43.185678724126511 ], [ -89.322198982132463, 43.185660391527136 ], [ -89.322449560618011, 43.182487436593547 ], [ -89.323765481024935, 43.182292011057065 ], [ -89.324202520061988, 43.182202898240725 ], [ -89.327139713518179, 43.181660462429825 ], [ -89.327575569350259, 43.181361768212021 ], [ -89.326560539961037, 43.180612690921308 ], [ -89.325058734453734, 43.17949601960914 ], [ -89.324132975010642, 43.178816941708263 ], [ -89.323577553879559, 43.178394418890271 ], [ -89.323083855464944, 43.178017166105967 ], [ -89.320570632191831, 43.176033043023402 ], [ -89.319422872926424, 43.174964653893163 ], [ -89.318559564068011, 43.173969051198569 ], [ -89.317645541712949, 43.172701535290891 ], [ -89.317444178677448, 43.172417700944528 ], [ -89.314715238397241, 43.168435783007951 ], [ -89.311907229155281, 43.164320761268236 ], [ -89.311510099432226, 43.163741464335111 ], [ -89.311358184779451, 43.163518068678634 ], [ -89.309134174133064, 43.160229083912654 ], [ -89.308329909138877, 43.158903722307372 ], [ -89.307899343311334, 43.158019882412397 ], [ -89.307550536048467, 43.157215014482638 ], [ -89.307146796719692, 43.156251669978609 ], [ -89.306779767357341, 43.15536746430714 ], [ -89.306571994273824, 43.154870020131405 ], [ -89.306519446470489, 43.154736129160753 ], [ -89.306186566492698, 43.153938791939304 ], [ -89.306112594449772, 43.153761907871683 ], [ -89.305967482172747, 43.153421533983433 ], [ -89.30578540949314, 43.152980895519811 ], [ -89.30542157152486, 43.152102419893779 ], [ -89.305327015841669, 43.151878970604166 ], [ -89.304816931114956, 43.150707696287085 ], [ -89.304574274486797, 43.15019409342603 ], [ -89.304295542806344, 43.149666959616667 ], [ -89.304217488461049, 43.149531934077878 ], [ -89.303880026971555, 43.148922952842021 ], [ -89.303769608765933, 43.148734094222121 ], [ -89.303456735889426, 43.148236291072564 ], [ -89.303010588903177, 43.147539922480782 ], [ -89.300968012440421, 43.14449106558947 ], [ -89.300754505007902, 43.144177202526357 ], [ -89.300224789828093, 43.143386756157781 ], [ -89.300017992713364, 43.143077252534368 ], [ -89.299903941438387, 43.142906840655591 ], [ -89.299720037261807, 43.142645433908996 ], [ -89.296749125068345, 43.13820257458903 ], [ -89.296093062080004, 43.137215770975153 ], [ -89.295843500714454, 43.136848904285905 ], [ -89.295631605526225, 43.136536301156376 ], [ -89.29534715791489, 43.136111249660217 ], [ -89.295036366750125, 43.135638384925556 ], [ -89.294353434790068, 43.134559320087504 ], [ -89.29406458129769, 43.134079786644364 ], [ -89.293854242040041, 43.13365076547143 ], [ -89.293443231482982, 43.132832905702912 ], [ -89.292856257606118, 43.131388050003729 ], [ -89.292485671924297, 43.130382124066578 ], [ -89.29235167239321, 43.130011315220344 ], [ -89.292168816896066, 43.129503226847618 ], [ -89.290925166884549, 43.126065449169317 ], [ -89.290529751732549, 43.124958405745282 ], [ -89.290522410404279, 43.124937917438906 ], [ -89.290241432927701, 43.124153778480078 ], [ -89.289211705347697, 43.121315396046938 ], [ -89.288869195507729, 43.120359585565367 ], [ -89.288640671079463, 43.119741035181995 ], [ -89.288330808792665, 43.118891023968132 ], [ -89.287728266136739, 43.117223990198362 ], [ -89.287224764466515, 43.115821617839408 ], [ -89.287081812012005, 43.115371200999462 ], [ -89.286067179701689, 43.111677882348559 ], [ -89.285929708745726, 43.111024098554175 ], [ -89.285756754920513, 43.109823383604969 ], [ -89.285662288001816, 43.108831698798056 ], [ -89.285604251161672, 43.107760377800631 ], [ -89.285558260073699, 43.106706777668961 ], [ -89.285642131440383, 43.104175638467382 ], [ -89.28562579331637, 43.104173002391214 ], [ -89.285626211877869, 43.104158221467848 ], [ -89.285637216272988, 43.103769379293084 ], [ -89.285603030578898, 43.103765747115702 ], [ -89.28422757310372, 43.103619594076946 ], [ -89.283982730187532, 43.10361025365011 ], [ -89.282447562777364, 43.103551673842766 ], [ -89.282311333146154, 43.103546475014127 ], [ -89.282288753496061, 43.103545613030512 ], [ -89.280956662093615, 43.103494764450133 ], [ -89.27939433937668, 43.103435107484344 ], [ -89.275815671440796, 43.10343931414311 ], [ -89.265663066407782, 43.103437761423322 ], [ -89.258255799060436, 43.103311527843431 ], [ -89.255271665411996, 43.103501473447388 ], [ -89.253392914024573, 43.103621018889157 ], [ -89.250398983175486, 43.104180964722502 ], [ -89.248009694538382, 43.104634976807937 ], [ -89.239190274400528, 43.106358395029723 ] ] ] } },
{ "type": "Feature", "properties": { "OBJECTID": 23, "District_Name": "Southeast", "sequence": 3, "Anticipated_Timing": "mid 2024 - late 2025", "ShapeSTArea": 304502772.16510731, "ShapeSTLength": 101380.40176093741 }, "geometry": { "type": "Polygon", "coordinates": [ [ [ -89.315057931908697, 43.106426735416946 ], [ -89.316449069972293, 43.106442034388273 ], [ -89.317400954847912, 43.106456915213521 ], [ -89.318142574782115, 43.106474398311043 ], [ -89.322045238934351, 43.106501291431151 ], [ -89.324289171445741, 43.106538827774244 ], [ -89.324376687669726, 43.106539703674699 ], [ -89.324821946923151, 43.106143062705577 ], [ -89.328230332612733, 43.104321217135251 ], [ -89.328806770567127, 43.104014042496054 ], [ -89.328844349444026, 43.103191850481203 ], [ -89.329079616218607, 43.102605848526863 ], [ -89.329374167876267, 43.102219206531174 ], [ -89.329547754339046, 43.102000329788389 ], [ -89.330839447013489, 43.100374110220478 ], [ -89.331444295569966, 43.099575860749013 ], [ -89.33164557972232, 43.099277378134012 ], [ -89.331848744383535, 43.099026050120862 ], [ -89.331999086355111, 43.098837798668967 ], [ -89.332570000179686, 43.097882998958866 ], [ -89.33280099939094, 43.097372998868927 ], [ -89.332857000428291, 43.097141998810031 ], [ -89.332806999801818, 43.096713999443701 ], [ -89.332638999647287, 43.096198998651502 ], [ -89.332074000351895, 43.09550199876022 ], [ -89.331930000223977, 43.095243998648989 ], [ -89.331881000422797, 43.094961999280656 ], [ -89.331883999444273, 43.09458099934578 ], [ -89.332077000297147, 43.09390899925986 ], [ -89.332281999717637, 43.093473999106401 ], [ -89.332329000063396, 43.093395999158027 ], [ -89.332400363757515, 43.093299611263056 ], [ -89.33244782453734, 43.093320775635206 ], [ -89.332546411739557, 43.093233830338491 ], [ -89.33263411398805, 43.093156484105414 ], [ -89.332693976584977, 43.093103690565961 ], [ -89.332905822166467, 43.092793845397772 ], [ -89.333321663222591, 43.092185625818864 ], [ -89.333575556232645, 43.091814267659842 ], [ -89.333891379449753, 43.091352322022757 ], [ -89.334019530859877, 43.091164875040562 ], [ -89.333974072800302, 43.091149899243753 ], [ -89.334081662733183, 43.090979898279649 ], [ -89.334033387252731, 43.090963335260007 ], [ -89.334172394531805, 43.090746480277645 ], [ -89.334206170400336, 43.090645532994223 ], [ -89.334217253610944, 43.090498444413399 ], [ -89.334180923078236, 43.090459739165837 ], [ -89.334181342942699, 43.090421248496064 ], [ -89.334240560525444, 43.090286865827977 ], [ -89.334252109888141, 43.090190699874164 ], [ -89.3343173720382, 43.089983216547161 ], [ -89.334302630433029, 43.089890746006809 ], [ -89.334234931109691, 43.089840309069437 ], [ -89.334135815584105, 43.089781988244901 ], [ -89.333952061242087, 43.089665981269135 ], [ -89.333760395887325, 43.0895449795254 ], [ -89.33255981362386, 43.088910500684619 ], [ -89.332392832195083, 43.088817138250739 ], [ -89.332267726950704, 43.088735566500098 ], [ -89.331984118453761, 43.088516142667892 ], [ -89.331786611318208, 43.088334062047636 ], [ -89.330911633093905, 43.087693777435817 ], [ -89.330885345490373, 43.087697472981013 ], [ -89.330853464943942, 43.087731931304084 ], [ -89.330790260785292, 43.087750804560443 ], [ -89.330743015733759, 43.08775052738887 ], [ -89.330669648420809, 43.087738549600388 ], [ -89.330606989100218, 43.087707384783954 ], [ -89.330539084762535, 43.08767619142958 ], [ -89.330431742535055, 43.087577998012442 ], [ -89.330368193678794, 43.087537430796957 ], [ -89.330258377505245, 43.087498291750258 ], [ -89.330195381500133, 43.08749792158882 ], [ -89.330075064337493, 43.08745872081758 ], [ -89.330033321478467, 43.087435377295186 ], [ -89.329552604095682, 43.087228531198711 ], [ -89.329463701028942, 43.087197213990088 ], [ -89.329286144987776, 43.08711148027637 ], [ -89.328952714511473, 43.086878551885469 ], [ -89.328697899607477, 43.086657638309354 ], [ -89.328599217797588, 43.086560820181035 ], [ -89.328453276290745, 43.086463717535537 ], [ -89.328375576567353, 43.086438443830581 ], [ -89.328297301937098, 43.086395639231782 ], [ -89.328198789625006, 43.086283426462231 ], [ -89.328095193190819, 43.086201937978046 ], [ -89.326690372253054, 43.086914422075026 ], [ -89.326324236638797, 43.086538515456802 ], [ -89.326085994952194, 43.086187425595625 ], [ -89.325952954556868, 43.085911116835675 ], [ -89.325381787058973, 43.084527444838031 ], [ -89.324898938322704, 43.083393955998183 ], [ -89.324228702138669, 43.081704665417206 ], [ -89.324051316675408, 43.081245780954646 ], [ -89.323946410992562, 43.080566116582659 ], [ -89.32393440986408, 43.080425053075018 ], [ -89.323934679905761, 43.080248393859364 ], [ -89.323951910575545, 43.080072186650654 ], [ -89.323970359917169, 43.079967043549409 ], [ -89.324006207186116, 43.079817580838395 ], [ -89.324046631923792, 43.079688142112914 ], [ -89.324080436516255, 43.079596582998406 ], [ -89.324110565082833, 43.079523983176266 ], [ -89.324178772137273, 43.079380701232679 ], [ -89.324400363282479, 43.079030502597845 ], [ -89.324647428590708, 43.0786182343695 ], [ -89.325548375740183, 43.077153150423889 ], [ -89.32571378347626, 43.076876692969748 ], [ -89.325841080742819, 43.076620590504561 ], [ -89.325939360581302, 43.07630393426961 ], [ -89.325969657707134, 43.076142374202064 ], [ -89.325977410031498, 43.075858519797301 ], [ -89.326029703286636, 43.072862931615965 ], [ -89.325962230910903, 43.072864227740901 ], [ -89.323519343314089, 43.072907851530701 ], [ -89.321823563264189, 43.072936146488331 ], [ -89.321814361997198, 43.072936300434741 ], [ -89.321806018976645, 43.072936438931606 ], [ -89.321795123321095, 43.072936621093227 ], [ -89.321789704960835, 43.072936711749414 ], [ -89.321780212701896, 43.072936869938253 ], [ -89.32176598352244, 43.072937106778056 ], [ -89.321760155070947, 43.072937204273757 ], [ -89.321749259416663, 43.072937385530921 ], [ -89.321736530628485, 43.072937598481317 ], [ -89.321714623903532, 43.072937963589006 ], [ -89.321701233322628, 43.0729381867556 ], [ -89.321686535114907, 43.072938432174617 ], [ -89.321674021195633, 43.072938640806321 ], [ -89.321659712206539, 43.072938879362965 ], [ -89.321653322622751, 43.072938997962659 ], [ -89.321645433642601, 43.072939282663526 ], [ -89.321638293656846, 43.072939539218808 ], [ -89.321628149105905, 43.072939903845537 ], [ -89.321620777054406, 43.072940169196769 ], [ -89.32161322929592, 43.072940516302488 ], [ -89.32160440204504, 43.072940949592869 ], [ -89.321596747423655, 43.072941324506765 ], [ -89.321591492083883, 43.072941582716183 ], [ -89.321582891966585, 43.072942019805019 ], [ -89.321575022295931, 43.0729425088415 ], [ -89.321566612343318, 43.072943032506259 ], [ -89.321560747847755, 43.072943397290764 ], [ -89.321543892221285, 43.07294451479423 ], [ -89.321522130738586, 43.07294615543934 ], [ -89.321511622003172, 43.07294698328851 ], [ -89.321496952761137, 43.072948282729691 ], [ -89.321481620419974, 43.072949640092048 ], [ -89.321470480143049, 43.072950748213763 ], [ -89.321462229281181, 43.072951588847282 ], [ -89.321444888840944, 43.072953354883893 ], [ -89.321433110934791, 43.072954711769121 ], [ -89.321419747657984, 43.07295625177801 ], [ -89.321407289362739, 43.072957727775062 ], [ -89.321393052652866, 43.072959558644932 ], [ -89.321375807234631, 43.072961776606647 ], [ -89.321352760024538, 43.072965052474494 ], [ -89.321336112487955, 43.072967298860377 ], [ -89.321322243164374, 43.07296895722542 ], [ -89.321306606711431, 43.072970826454991 ], [ -89.321292253797694, 43.072972388078959 ], [ -89.321277684840624, 43.072973920707277 ], [ -89.321264560007208, 43.072975301590013 ], [ -89.321250315573693, 43.072976596873829 ], [ -89.321236880369909, 43.072977819061414 ], [ -89.321221497713495, 43.072979153841914 ], [ -89.321206631044689, 43.072980294653448 ], [ -89.321187293446613, 43.072981778055976 ], [ -89.32116792068696, 43.072982990493102 ], [ -89.321148547926541, 43.072984202926904 ], [ -89.321129147373099, 43.07298514350164 ], [ -89.321106265853018, 43.072986202511693 ], [ -89.321108240463616, 43.072852307579794 ], [ -89.321110882805272, 43.072476519442247 ], [ -89.321112992220733, 43.072176943471597 ], [ -89.321115258862179, 43.071854902839988 ], [ -89.321116456789284, 43.071684823032065 ], [ -89.321119633456362, 43.071233375278581 ], [ -89.32112040520947, 43.071123874751855 ], [ -89.324584690622459, 43.071078183533594 ], [ -89.325901064801172, 43.071059609261823 ], [ -89.326061228895881, 43.071056714202875 ], [ -89.326156213570144, 43.062167054290661 ], [ -89.326094198951935, 43.062165656553034 ], [ -89.325933095831061, 43.062162124103331 ], [ -89.325907490594162, 43.062160937818 ], [ -89.325881937708274, 43.062159245712003 ], [ -89.325856456816453, 43.062157046901852 ], [ -89.325843760957795, 43.062155695952846 ], [ -89.325835567073952, 43.062154823150046 ], [ -89.325831066328661, 43.062154344103341 ], [ -89.325805784654804, 43.062151140032427 ], [ -89.325780631435038, 43.062147435605766 ], [ -89.325755622624229, 43.062143233537284 ], [ -89.325730777856904, 43.062138538344108 ], [ -89.325706115542886, 43.062133352742144 ], [ -89.325681652862968, 43.062127680346556 ], [ -89.325327002149763, 43.062037282769964 ], [ -89.325300618253024, 43.062030145995202 ], [ -89.325247169361688, 43.062017313818401 ], [ -89.325220137498846, 43.062011625644949 ], [ -89.325192923186378, 43.062006428767752 ], [ -89.325165542379111, 43.062001725000449 ], [ -89.325151777317402, 43.061999621479963 ], [ -89.325138012258094, 43.061997517057719 ], [ -89.325110347547792, 43.061993808552444 ], [ -89.325082567885701, 43.061990601301424 ], [ -89.325054688000634, 43.061987896217154 ], [ -89.325026726299512, 43.061985696915578 ], [ -89.32499869874006, 43.061984003410295 ], [ -89.324970623733677, 43.061982816616947 ], [ -89.324942516007596, 43.061982138348235 ], [ -89.324914395203479, 43.061981967720719 ], [ -89.324886276050037, 43.061982305647092 ], [ -89.324544498358478, 43.061985453707443 ], [ -89.32411514172459, 43.061997495238749 ], [ -89.324109751708548, 43.06189728732231 ], [ -89.324091955951829, 43.061617773231838 ], [ -89.323935331622693, 43.061621710880807 ], [ -89.323920166194412, 43.061428217556973 ], [ -89.323904928603866, 43.061233851060585 ], [ -89.323890041216828, 43.061043932276249 ], [ -89.323874938616299, 43.060851245475106 ], [ -89.323859904617947, 43.060659473231425 ], [ -89.323844545993538, 43.060463501709073 ], [ -89.323829223486797, 43.060268034267942 ], [ -89.323813976886782, 43.060073520094925 ], [ -89.323798732746098, 43.059879063522153 ], [ -89.323783722133768, 43.059687548686142 ], [ -89.32376859011633, 43.059494483755692 ], [ -89.323753792584426, 43.059305703606668 ], [ -89.323746744143179, 43.05922752067984 ], [ -89.323839775559208, 43.059224696068192 ], [ -89.323994272629363, 43.059220005139331 ], [ -89.324182353532251, 43.059214294159709 ], [ -89.324297355950875, 43.059210802119068 ], [ -89.325475375652289, 43.059187316867984 ], [ -89.325468736589457, 43.059112041734373 ], [ -89.325435326810805, 43.058777734996589 ], [ -89.325669667232347, 43.058772706969791 ], [ -89.325674889438162, 43.05877244314496 ], [ -89.325680054507984, 43.058771824630035 ], [ -89.325685118245957, 43.058770854988282 ], [ -89.325690037674079, 43.058769544084548 ], [ -89.325694768583844, 43.058767903582932 ], [ -89.32585318092697, 43.058758760625757 ], [ -89.325803875573044, 43.058299180993863 ], [ -89.32558957110902, 43.058309526039203 ], [ -89.325374469139746, 43.058318813284238 ], [ -89.32505359581873, 43.058330869985035 ], [ -89.32495070437983, 43.058334315474639 ], [ -89.32467888210455, 43.058342131011607 ], [ -89.324485264677534, 43.058346793054149 ], [ -89.323896926863156, 43.0583577689317 ], [ -89.323890628393869, 43.058273411920922 ], [ -89.323859956179987, 43.057917709707603 ], [ -89.323842458412358, 43.057714267175605 ], [ -89.323824222090494, 43.057502212686863 ], [ -89.323805711158272, 43.057286952674531 ], [ -89.323795223007821, 43.057123915591156 ], [ -89.323771372662975, 43.056825907835709 ], [ -89.323411628283068, 43.056833290929788 ], [ -89.323061655973547, 43.05684047253775 ], [ -89.322696166708297, 43.056847969017575 ], [ -89.322324266096672, 43.056855597348672 ], [ -89.321944812557646, 43.056863378970654 ], [ -89.321579730550937, 43.056870864140386 ], [ -89.320857542603974, 43.056885666131585 ], [ -89.32084524818849, 43.056702489990101 ], [ -89.320828819315111, 43.05645776993434 ], [ -89.320811523257163, 43.056200091171455 ], [ -89.320795507999037, 43.055961511079431 ], [ -89.320776963812861, 43.055685281796961 ], [ -89.320758648745297, 43.055412380393697 ], [ -89.320739818537902, 43.055131905024545 ], [ -89.320716764529408, 43.054788436459539 ], [ -89.320121964358009, 43.054800987558806 ], [ -89.319512946208008, 43.054813834240143 ], [ -89.319037245378908, 43.054823869946134 ], [ -89.318368526463701, 43.054837972633834 ], [ -89.31832659272294, 43.054838731156551 ], [ -89.317943076498679, 43.054846247380311 ], [ -89.318026481135533, 43.051618716149726 ], [ -89.316372630626148, 43.051278482376318 ], [ -89.314822065846272, 43.050979114509623 ], [ -89.313005798000617, 43.050638342767897 ], [ -89.312987569345012, 43.050728337858658 ], [ -89.314384235832435, 43.05098610963153 ], [ -89.313918785027298, 43.05236080447942 ], [ -89.314445774601225, 43.052450133660713 ], [ -89.313479206983104, 43.053707547316833 ], [ -89.312133142982631, 43.053736672815425 ], [ -89.310702516373865, 43.055001382358192 ], [ -89.308997920440248, 43.055036626935532 ], [ -89.308147221897755, 43.050985288479325 ], [ -89.308032863143879, 43.05031241280809 ], [ -89.307974827617301, 43.049709471223267 ], [ -89.307985819277789, 43.048165935035705 ], [ -89.307987022820257, 43.047996923969748 ], [ -89.306675428093143, 43.047934438145447 ], [ -89.306679038733776, 43.047754711034422 ], [ -89.309980972139613, 43.047682292985527 ], [ -89.309973730636216, 43.045442155669846 ], [ -89.309972813174582, 43.045116241035785 ], [ -89.311060282675271, 43.045089412201861 ], [ -89.310999193962104, 43.042242852981964 ], [ -89.311179756988523, 43.042237761871185 ], [ -89.311177180768709, 43.041330727423968 ], [ -89.311135996067193, 43.041296838859523 ], [ -89.311062898398944, 43.041236956545589 ], [ -89.310965119795611, 43.041138045783541 ], [ -89.310880672161574, 43.041052620735776 ], [ -89.310693041339078, 43.040820264873879 ], [ -89.31049440728134, 43.040509316673784 ], [ -89.310407209361756, 43.040387053438209 ], [ -89.310295953980358, 43.040392245368324 ], [ -89.30649114815229, 43.040488377448632 ], [ -89.30288828566394, 43.040531221896771 ], [ -89.297680605633062, 43.040596616076421 ], [ -89.296711545155972, 43.0406083375197 ], [ -89.296711986883579, 43.040494634471017 ], [ -89.296690962671761, 43.037999577002417 ], [ -89.296654455725076, 43.033335946571803 ], [ -89.296471422731415, 43.028724673872631 ], [ -89.296418079436975, 43.027380583597065 ], [ -89.296365032301978, 43.026043993950147 ], [ -89.296358078851497, 43.025886024938693 ], [ -89.289992673971369, 43.02603983400904 ], [ -89.28904688235184, 43.026049932089492 ], [ -89.289050352539832, 43.026172121695701 ], [ -89.289061157244063, 43.026576580226866 ], [ -89.288974190498365, 43.026578061324379 ], [ -89.28905827564374, 43.029205666168764 ], [ -89.289130681867277, 43.031442528303522 ], [ -89.286196423553875, 43.031482349757837 ], [ -89.286072788458725, 43.031483200866852 ], [ -89.285904593200726, 43.026135953569487 ], [ -89.28470650944756, 43.026185638267108 ], [ -89.281580119879621, 43.026263369042688 ], [ -89.276666507680076, 43.026384501710041 ], [ -89.274353092216501, 43.026449476910237 ], [ -89.273242324870793, 43.026480665204367 ], [ -89.269220382834888, 43.026593454971454 ], [ -89.269227981649351, 43.026761433099779 ], [ -89.269236661698898, 43.027159322674294 ], [ -89.269240261934883, 43.027323967726105 ], [ -89.26924376914522, 43.027484583751416 ], [ -89.269247294148272, 43.027646440149383 ], [ -89.269250830198445, 43.027808301958366 ], [ -89.269254362593216, 43.027970161057709 ], [ -89.269257896240191, 43.028132017454062 ], [ -89.2692614286766, 43.028293874744428 ], [ -89.269264957439745, 43.028455736526119 ], [ -89.269268494816401, 43.02861759561452 ], [ -89.269272084283585, 43.028782199206525 ], [ -89.269275616796889, 43.02894405557921 ], [ -89.269279149322003, 43.02910591464785 ], [ -89.26928267941193, 43.02926777370886 ], [ -89.269286215652755, 43.02942963367375 ], [ -89.269289656939449, 43.029587250384829 ], [ -89.269293073119712, 43.029743621304767 ], [ -89.269296484405132, 43.029899994014244 ], [ -89.269300017037807, 43.030061853957129 ], [ -89.269303549697952, 43.030223710295147 ], [ -89.269307136891996, 43.030388316539941 ], [ -89.269311094253226, 43.030569377298434 ], [ -89.269314979285738, 43.030747459488552 ], [ -89.269327890192031, 43.031338802619693 ], [ -89.269331479976742, 43.031503406136636 ], [ -89.269338851315169, 43.031828538612821 ], [ -89.269381579715969, 43.033864578727055 ], [ -89.27311131504689, 43.033768263079068 ], [ -89.273088030044278, 43.037420472629499 ], [ -89.276815353958966, 43.03732042879632 ], [ -89.276794337420412, 43.04086486320255 ], [ -89.276795000492385, 43.040903636241183 ], [ -89.276818358582133, 43.041998780760643 ], [ -89.277143474335901, 43.042506462481136 ], [ -89.277503542892376, 43.043341003403413 ], [ -89.277618989076572, 43.043955587818665 ], [ -89.277656811484903, 43.044441470085161 ], [ -89.277533838473673, 43.047027668604386 ], [ -89.277138172399233, 43.05200019322686 ], [ -89.277295358534317, 43.055287438538819 ], [ -89.276983673936357, 43.060755050149496 ], [ -89.276993089491043, 43.062269718828034 ], [ -89.277133303421607, 43.063413032669338 ], [ -89.277330861802355, 43.064346438542771 ], [ -89.277760790576465, 43.066010959910926 ], [ -89.278125301436859, 43.066996112814955 ], [ -89.279182847014866, 43.070379213914237 ], [ -89.280292199548512, 43.073886208132691 ], [ -89.281543578988831, 43.077850616362802 ], [ -89.283607785295118, 43.084511882524744 ], [ -89.285246691828831, 43.089743681687594 ], [ -89.285517270278334, 43.090810926468009 ], [ -89.285645576407944, 43.091563640520327 ], [ -89.285737816906902, 43.092917738831268 ], [ -89.285678816668337, 43.094154775705469 ], [ -89.285024958855999, 43.097996934761376 ], [ -89.285357173683153, 43.101129237864264 ], [ -89.285637216272988, 43.103769379293084 ], [ -89.285626211877869, 43.104158221467848 ], [ -89.28562579331637, 43.104173002391214 ], [ -89.285718130782882, 43.104177789418735 ], [ -89.289487555906291, 43.104291834088784 ], [ -89.291610100956234, 43.10442230129329 ], [ -89.293066122721527, 43.104558456393107 ], [ -89.293337254944788, 43.104587246412763 ], [ -89.294066075579991, 43.104664630417311 ], [ -89.294100970432197, 43.104672103380572 ], [ -89.296437277176977, 43.105001396991433 ], [ -89.298880700065013, 43.105453038481876 ], [ -89.300436580112788, 43.105656118818359 ], [ -89.300593819321605, 43.1056801583496 ], [ -89.301542331601908, 43.105862690129428 ], [ -89.302481853045094, 43.106030364719714 ], [ -89.303591212159731, 43.106177931155621 ], [ -89.305427634859356, 43.106301308796034 ], [ -89.307786462150389, 43.10635807522015 ], [ -89.309015118103972, 43.10637610312012 ], [ -89.311037417878879, 43.106392090079218 ], [ -89.312163998463362, 43.106412786139245 ], [ -89.313307023468226, 43.106422611773041 ], [ -89.314369814920994, 43.10642048716489 ], [ -89.315057931908697, 43.106426735416946 ] ] ] } },
{ "type": "Feature", "properties": { "OBJECTID": 24, "District_Name": "Southwest", "sequence": 4, "Anticipated_Timing": "mid 2024 - late 2025", "ShapeSTArea": 234007341.62003624, "ShapeSTLength": 91068.476150241811 }, "geometry": { "type": "Polygon", "coordinates": [ [ [ -89.510461991832088, 43.053202389865397 ], [ -89.511099809671137, 43.05326324740907 ], [ -89.511677767664111, 43.053341031510065 ], [ -89.512180974285855, 43.053419095618075 ], [ -89.513279987785438, 43.053640944900522 ], [ -89.514338900398911, 43.053916262425219 ], [ -89.515174753956089, 43.054195474422471 ], [ -89.515607622173633, 43.054362005211622 ], [ -89.516436169472016, 43.05470440409583 ], [ -89.517065927098869, 43.054999903481864 ], [ -89.517718318679201, 43.055360370859283 ], [ -89.51771580945298, 43.055326137420217 ], [ -89.517717587526889, 43.055215904448012 ], [ -89.517849581021835, 43.051955382298097 ], [ -89.517812409205007, 43.049662766782816 ], [ -89.518105874006878, 43.03900314755704 ], [ -89.51836248799566, 43.031529638730149 ], [ -89.518355775962718, 43.026775674743838 ], [ -89.518155663001707, 43.025716547845114 ], [ -89.517723113212313, 43.025238439036166 ], [ -89.517663985222427, 43.025128739718276 ], [ -89.517604858670083, 43.025019040366814 ], [ -89.517540166431559, 43.024761317031157 ], [ -89.517579547581292, 43.024370153716553 ], [ -89.517695149853083, 43.024122200978383 ], [ -89.518674686339963, 43.022677937847604 ], [ -89.51880358684528, 43.022350352480117 ], [ -89.518843823521394, 43.022135978655719 ], [ -89.518859623754992, 43.021862087617293 ], [ -89.518834812660117, 43.021564414843766 ], [ -89.518779794860549, 43.020868258640164 ], [ -89.518700557162603, 43.018742392111854 ], [ -89.518564635428376, 43.01795972919237 ], [ -89.518495860125199, 43.017563697488967 ], [ -89.518438187813999, 43.017004081770324 ], [ -89.518460826636982, 43.015914503444222 ], [ -89.522412999981498, 43.015961025250057 ], [ -89.523516026316756, 43.015973588383119 ], [ -89.52351834985609, 43.015829859144134 ], [ -89.523518379046806, 43.015814051351477 ], [ -89.523526796603349, 43.015168649160628 ], [ -89.523562766495559, 43.012352515186187 ], [ -89.523608794293466, 43.008749063837193 ], [ -89.522560352771208, 43.008734907411608 ], [ -89.522667319669353, 43.005091966070289 ], [ -89.522770050987759, 43.001592885195322 ], [ -89.52277333853128, 43.001413173642682 ], [ -89.522631542783671, 43.001412103829004 ], [ -89.522631445600084, 43.0014074062193 ], [ -89.522004985610081, 43.001409275235638 ], [ -89.521376990950955, 43.001405525438592 ], [ -89.52075744666017, 43.001401433665954 ], [ -89.520014725358962, 43.001395497031211 ], [ -89.519446134705603, 43.001391083616198 ], [ -89.518885286224474, 43.001386727434934 ], [ -89.516758584604119, 43.001354848935058 ], [ -89.513866588583724, 43.001311439536963 ], [ -89.511899716563747, 43.00128425792014 ], [ -89.510452720681684, 43.001265904557201 ], [ -89.508928608653093, 43.001246562567154 ], [ -89.504588416866056, 43.001207391264707 ], [ -89.50393571280307, 43.001201485992212 ], [ -89.503936144460283, 43.001176517426174 ], [ -89.504014016168298, 42.996646223247858 ], [ -89.502157028150535, 42.997083532575957 ], [ -89.501489377604045, 42.997278272805751 ], [ -89.501152506810755, 42.997384006520249 ], [ -89.500867724165815, 42.997477737293458 ], [ -89.500817812591052, 42.997494431838973 ], [ -89.500743178076775, 42.997522765624367 ], [ -89.500636265315904, 42.997564577317071 ], [ -89.500070574816633, 42.99778902582937 ], [ -89.499517916220441, 42.998017826473706 ], [ -89.49938664972899, 42.998073060660282 ], [ -89.499242448193314, 42.998135258594303 ], [ -89.499097264633832, 42.998197880059806 ], [ -89.499098194069305, 42.998146719644055 ], [ -89.4990765786238, 42.998155900042242 ], [ -89.498837001340277, 42.99825933907362 ], [ -89.498556051500188, 42.998384412477115 ], [ -89.498413544315781, 42.998449540801857 ], [ -89.498009405436989, 42.998641031512875 ], [ -89.497633774407703, 42.998827482047645 ], [ -89.495406076013268, 42.999982300968135 ], [ -89.495403987268816, 43.000063569989429 ], [ -89.49479948296873, 43.000377520865435 ], [ -89.493951103408151, 43.000818115705265 ], [ -89.493122454027286, 43.00124845138177 ], [ -89.491944975193832, 43.001859921648816 ], [ -89.490845771208328, 43.002430721431196 ], [ -89.489247877021583, 43.003260445351032 ], [ -89.48665074638005, 43.004600568166623 ], [ -89.485012631075108, 43.005445775852955 ], [ -89.484378452556086, 43.005772976860513 ], [ -89.484253600382871, 43.005837392852733 ], [ -89.484245151573944, 43.006206513963747 ], [ -89.484233213553537, 43.006728038658089 ], [ -89.484229260425934, 43.006900754457739 ], [ -89.484222239911162, 43.007207497813951 ], [ -89.484217512535338, 43.007414044758839 ], [ -89.485108827183225, 43.006884902783646 ], [ -89.48518617406954, 43.006955434458924 ], [ -89.485652597750018, 43.007380762566058 ], [ -89.485889329803356, 43.007596632838371 ], [ -89.486126061062691, 43.007812501714497 ], [ -89.486360451613479, 43.008026232739446 ], [ -89.486594842564941, 43.008239963277376 ], [ -89.486889695617919, 43.008508823448238 ], [ -89.484193157266972, 43.008512177452076 ], [ -89.484156532608353, 43.010360597197128 ], [ -89.484155094482489, 43.010433139830923 ], [ -89.484153075093005, 43.01053506784605 ], [ -89.484143806862349, 43.01100291163479 ], [ -89.484138631006729, 43.011264114410807 ], [ -89.484131153128075, 43.011641476999635 ], [ -89.484127869585123, 43.011807352347368 ], [ -89.484121443240213, 43.012131522209067 ], [ -89.484117821040329, 43.012314409845295 ], [ -89.484114606324638, 43.012476834108043 ], [ -89.484111410090847, 43.012638137717069 ], [ -89.48410817991963, 43.012801083144531 ], [ -89.484105015160594, 43.01296078542881 ], [ -89.484101803778515, 43.013122932438286 ], [ -89.484097646709728, 43.013332714779196 ], [ -89.484091655572257, 43.013634994504244 ], [ -89.484088529338649, 43.013792838915194 ], [ -89.484052991260754, 43.015586219169606 ], [ -89.48404634462571, 43.015916564617072 ], [ -89.48402397307656, 43.01701150742845 ], [ -89.484018327994406, 43.017287750164144 ], [ -89.484013067421415, 43.017545044435877 ], [ -89.484008682807428, 43.017759708052274 ], [ -89.484005580698039, 43.017911453190102 ], [ -89.48400168822171, 43.018101953941354 ], [ -89.48399634002881, 43.018363754182879 ], [ -89.4839876685257, 43.018788043375665 ], [ -89.48397184769658, 43.019562191569271 ], [ -89.483971261929341, 43.019590924330046 ], [ -89.483963791540887, 43.019912957480891 ], [ -89.483955812873305, 43.020256678161921 ], [ -89.483954158068968, 43.020428009769887 ], [ -89.483941922908812, 43.02102667021466 ], [ -89.483940303449998, 43.021106057262962 ], [ -89.483935053957097, 43.021362817601712 ], [ -89.483930814954874, 43.021570308922513 ], [ -89.483921001190311, 43.022050440474693 ], [ -89.483917885877574, 43.022202907401351 ], [ -89.483915904827938, 43.022299800881306 ], [ -89.48390939003572, 43.022618712689031 ], [ -89.483903106548283, 43.022926115541694 ], [ -89.483900206633805, 43.023150397648472 ], [ -89.483896997260942, 43.023398885685168 ], [ -89.483894677146708, 43.023612940406998 ], [ -89.483871433234242, 43.025756992266984 ], [ -89.483867446424455, 43.026124950429953 ], [ -89.483865639256493, 43.026291550977774 ], [ -89.483861566638652, 43.026667001670553 ], [ -89.48218452644754, 43.026621794153961 ], [ -89.481909009431192, 43.026614363858066 ], [ -89.481626402274287, 43.026606741257659 ], [ -89.481346753579956, 43.026599570084926 ], [ -89.481064888024775, 43.026592407470019 ], [ -89.480767647160789, 43.026584850583596 ], [ -89.480453482667528, 43.026576861389529 ], [ -89.480218841928661, 43.026549238335996 ], [ -89.479918402229899, 43.02654090316954 ], [ -89.479650790507989, 43.026533479646666 ], [ -89.479388372273803, 43.026526198719409 ], [ -89.479120705467864, 43.026518770383291 ], [ -89.478851192258446, 43.02651129012861 ], [ -89.478589839153358, 43.026504037445356 ], [ -89.478323003144439, 43.0264966311357 ], [ -89.478061328719178, 43.026489368401151 ], [ -89.47779361683989, 43.026481936981035 ], [ -89.477528607857977, 43.026474579236265 ], [ -89.477261697263785, 43.026467167786095 ], [ -89.476995170750314, 43.026459767230378 ], [ -89.476729750952131, 43.026452396129827 ], [ -89.476465879547789, 43.026445066884122 ], [ -89.476204205560904, 43.026437799900151 ], [ -89.475932797520784, 43.02643025875561 ], [ -89.475691710798699, 43.026423561499008 ], [ -89.4753880198556, 43.026415125940098 ], [ -89.475089923945305, 43.026407257658072 ], [ -89.474507527582261, 43.026390624948085 ], [ -89.474497293808923, 43.026774238486226 ], [ -89.474468761117691, 43.026955466153119 ], [ -89.474468626742578, 43.027292948009766 ], [ -89.474399929094488, 43.027291376278285 ], [ -89.474103832409043, 43.027283337092491 ], [ -89.47381118952687, 43.027275390993793 ], [ -89.473516566504045, 43.027267391927907 ], [ -89.473216645801642, 43.02725924684745 ], [ -89.472897243234399, 43.027250570448984 ], [ -89.472889402581572, 43.027250921365422 ], [ -89.472675915477566, 43.027250605300459 ], [ -89.472378189755176, 43.027240844955983 ], [ -89.472076367464453, 43.027230914601517 ], [ -89.471782374144041, 43.027221236589277 ], [ -89.471479272382879, 43.027211260207935 ], [ -89.471181921216228, 43.027201471384863 ], [ -89.47088624977583, 43.027191738680912 ], [ -89.470582079673292, 43.027181725272094 ], [ -89.470279319378946, 43.027171755467364 ], [ -89.4699860627654, 43.027162097730866 ], [ -89.469685291472587, 43.027152193031043 ], [ -89.469390411856608, 43.027142482234382 ], [ -89.46908424607183, 43.027132397256629 ], [ -89.468717982226195, 43.027120763417201 ], [ -89.468393047876958, 43.02711213699547 ], [ -89.468048536075457, 43.027102989132764 ], [ -89.467281141315951, 43.02708261224209 ], [ -89.466772207856053, 43.027069093958843 ], [ -89.465916218081063, 43.027048684780766 ], [ -89.465555234246352, 43.027404349303183 ], [ -89.466530725338231, 43.027417957822287 ], [ -89.466538952650296, 43.028987299438391 ], [ -89.466407942299867, 43.028985596717007 ], [ -89.465965588442273, 43.028985712762243 ], [ -89.465718134851826, 43.028985777439665 ], [ -89.465706301195041, 43.029030736110627 ], [ -89.465687649081829, 43.029085401452598 ], [ -89.46567073767099, 43.029125807494673 ], [ -89.46564789342834, 43.029172181712823 ], [ -89.465621755453824, 43.02921761026078 ], [ -89.465592394814053, 43.029261967994181 ], [ -89.465559893618703, 43.029305129764161 ], [ -89.465524342571754, 43.029346977619461 ], [ -89.465477215568995, 43.029395859697274 ], [ -89.465966867000219, 43.029396769787446 ], [ -89.466409227022979, 43.029397708664384 ], [ -89.466537325444961, 43.02939585167973 ], [ -89.466541661953528, 43.029657387607742 ], [ -89.466419085706079, 43.029659732122582 ], [ -89.465792742946775, 43.029666805189656 ], [ -89.465791681188477, 43.029946942150545 ], [ -89.466420187833521, 43.02993874311769 ], [ -89.466544021520335, 43.029937109201128 ], [ -89.466551160055971, 43.030588296854596 ], [ -89.466669602760874, 43.030590214923329 ], [ -89.467163320534411, 43.030595252516143 ], [ -89.467163742344212, 43.031021731331528 ], [ -89.467163937517284, 43.031218462731069 ], [ -89.467553827372925, 43.031220482621158 ], [ -89.468005332544081, 43.031222819475033 ], [ -89.468003993572196, 43.03126191535528 ], [ -89.46798565454948, 43.031673143881285 ], [ -89.467977512130048, 43.03183943330388 ], [ -89.466530718749752, 43.031831841673693 ], [ -89.466529307103286, 43.031118474187387 ], [ -89.466414142026451, 43.031118587153415 ], [ -89.465966700113327, 43.031116248764818 ], [ -89.465967776006721, 43.031665038628468 ], [ -89.465967260622151, 43.031828960401782 ], [ -89.465004499249758, 43.031823914938023 ], [ -89.46500682594602, 43.031591451880516 ], [ -89.465008252003642, 43.031448955964358 ], [ -89.46443083494826, 43.031439281921834 ], [ -89.464420915788423, 43.031656966181863 ], [ -89.464412578035137, 43.031820832325693 ], [ -89.462709241371925, 43.03181188613349 ], [ -89.462713723628127, 43.031647998077496 ], [ -89.462728143581415, 43.03098161693611 ], [ -89.462609107918738, 43.030972653440273 ], [ -89.462403931635208, 43.030874690311812 ], [ -89.462259316119287, 43.030806067193488 ], [ -89.461844234680854, 43.030609097719349 ], [ -89.461814862722335, 43.030593435188386 ], [ -89.461146223451621, 43.031071917056821 ], [ -89.461165899592089, 43.030648477365986 ], [ -89.461344178540344, 43.026806408669962 ], [ -89.461368967553071, 43.026314836680378 ], [ -89.461491243949794, 43.023898646340314 ], [ -89.461505049312237, 43.023600845510124 ], [ -89.461552951171768, 43.02256625566811 ], [ -89.460970753805626, 43.022576065808323 ], [ -89.458320133442101, 43.022620695725344 ], [ -89.458253765883001, 43.02406066096151 ], [ -89.458241566602368, 43.024341798026235 ], [ -89.458220369462822, 43.024811321059289 ], [ -89.458207598449746, 43.024977495305741 ], [ -89.458068091044851, 43.02810404733777 ], [ -89.458036268850833, 43.028809836834249 ], [ -89.457922333923463, 43.031329720476464 ], [ -89.457893654895855, 43.031780302452503 ], [ -89.457766609813007, 43.031779493203913 ], [ -89.457131605244371, 43.031775343064204 ], [ -89.456797588683855, 43.031772161831412 ], [ -89.456726846676361, 43.031771695336566 ], [ -89.455325266587806, 43.031762458626837 ], [ -89.45353468741304, 43.031751220950497 ], [ -89.452975332768801, 43.031746612947622 ], [ -89.452751445661534, 43.031744767399033 ], [ -89.452696675086841, 43.031744314849497 ], [ -89.452397003973047, 43.030627240923302 ], [ -89.45285712143459, 43.030559005533036 ], [ -89.4525071731331, 43.02926029135169 ], [ -89.452210753393075, 43.029297711402585 ], [ -89.451075739812552, 43.029392000018071 ], [ -89.450761313437795, 43.029389415489575 ], [ -89.450794242934123, 43.029057077859882 ], [ -89.450728156897881, 43.029052105944587 ], [ -89.450657935946509, 43.02904129060849 ], [ -89.450589635130754, 43.0290251515056 ], [ -89.450524014001445, 43.029003860372207 ], [ -89.45046178060673, 43.028977655567139 ], [ -89.450403624607759, 43.028946819560225 ], [ -89.450350181705531, 43.028911696043188 ], [ -89.450302036082562, 43.028872663825105 ], [ -89.450257929545515, 43.028828370356557 ], [ -89.449864415762562, 43.029037928824629 ], [ -89.44972775519922, 43.028894703950193 ], [ -89.449136306245265, 43.028881244014677 ], [ -89.449153494510199, 43.028377753804499 ], [ -89.447251645580678, 43.027921764585109 ], [ -89.445127740632955, 43.031676355132994 ], [ -89.443711999739691, 43.033885999402514 ], [ -89.443630000081868, 43.034075998927172 ], [ -89.44360440015079, 43.034709287763462 ], [ -89.443601574310733, 43.034765775507424 ], [ -89.443597020531215, 43.034856772837003 ], [ -89.445343779067713, 43.034740505372568 ], [ -89.446499453295829, 43.034747486579732 ], [ -89.446746841923812, 43.034760294553479 ], [ -89.447017016327109, 43.034797146156649 ], [ -89.448100650442612, 43.034919888846765 ], [ -89.448893981277109, 43.035110028256575 ], [ -89.449569596168743, 43.035315489510211 ], [ -89.449994916129867, 43.035453367362443 ], [ -89.450528919682895, 43.035680220412438 ], [ -89.451035486093161, 43.035903006686283 ], [ -89.45141834889607, 43.036092467034798 ], [ -89.4517935116601, 43.036268764002052 ], [ -89.452397429827514, 43.036589038554879 ], [ -89.452790593268048, 43.0367875304607 ], [ -89.454464296855448, 43.037631325667142 ], [ -89.455832013713064, 43.038280019756691 ], [ -89.457146785426971, 43.038838143837651 ], [ -89.458612688083193, 43.039483794285808 ], [ -89.45908009044571, 43.039702939728052 ], [ -89.465799108193522, 43.042772179657433 ], [ -89.465933737184343, 43.042834072789091 ], [ -89.466003120696556, 43.042866580639938 ], [ -89.467009641504049, 43.043336303606317 ], [ -89.467050559959247, 43.043355050317416 ], [ -89.467168824870328, 43.043410880778012 ], [ -89.4672820674718, 43.043463888557291 ], [ -89.467786180541324, 43.043706888886824 ], [ -89.46883492981712, 43.044236309129772 ], [ -89.469187354356549, 43.044415078406075 ], [ -89.46929514067682, 43.044472916400615 ], [ -89.469418882431768, 43.044538996294172 ], [ -89.469529506352032, 43.044598218161113 ], [ -89.469644739015095, 43.044659448849679 ], [ -89.469808901057277, 43.044745891783805 ], [ -89.469896241176585, 43.044791849096683 ], [ -89.469996108929706, 43.044844143266829 ], [ -89.470089476829429, 43.044892454394663 ], [ -89.47018225346153, 43.044940904310366 ], [ -89.470278459397193, 43.0449912942411 ], [ -89.470370867655546, 43.045039100581299 ], [ -89.471166686903558, 43.045439426651889 ], [ -89.471531146854232, 43.045613241939044 ], [ -89.47205134356679, 43.045844834611756 ], [ -89.47223608924719, 43.045928107505027 ], [ -89.472442762059444, 43.04602119514346 ], [ -89.47278574897561, 43.046165711960022 ], [ -89.473480416798353, 43.04646086383255 ], [ -89.473928982530495, 43.046646581759646 ], [ -89.475188774253638, 43.047183150518727 ], [ -89.476310360319886, 43.047674747450287 ], [ -89.478530514657848, 43.048671805505791 ], [ -89.479071106056608, 43.048913908973184 ], [ -89.479896869211998, 43.049277515876319 ], [ -89.480503695607169, 43.049561876051918 ], [ -89.48123622053906, 43.049899037783391 ], [ -89.481947827464765, 43.050231092226866 ], [ -89.483103742538773, 43.050754848942873 ], [ -89.4839400934883, 43.051128234798597 ], [ -89.484707312618923, 43.051449553247451 ], [ -89.485374662868452, 43.051707140178685 ], [ -89.486244186622926, 43.051982399952074 ], [ -89.487664777029053, 43.052409880217461 ], [ -89.489415584238813, 43.052799507823082 ], [ -89.490391586514761, 43.052957147503129 ], [ -89.491166977173819, 43.05306330043981 ], [ -89.491874290240503, 43.053150434340289 ], [ -89.49275940854443, 43.053224472153474 ], [ -89.493833048327105, 43.053277861957319 ], [ -89.495763671776601, 43.053277035111414 ], [ -89.49801215108684, 43.053260846484839 ], [ -89.500532007936783, 43.053234092322292 ], [ -89.50364967426755, 43.05320091444829 ], [ -89.506221869930059, 43.053173477440211 ], [ -89.50855728261044, 43.053148516203862 ], [ -89.509508055436569, 43.053138340071953 ], [ -89.510461991832088, 43.053202389865397 ] ] ] } }
]
}
